"2017/11/13","47.7000","253517.0000","47.5800","47.7450","47.5400"
"2017/11/10","47.7500","360502.0000","47.6300","47.7500","47.5500"
"2017/11/09","47.6900","308529.0000","47.5800","47.7200","47.4600"
"2017/11/08","47.6900","220317.0000","47.6000","47.6900","47.5300"
"2017/11/07","47.2200","291190.0000","47.3400","47.3800","47.1400"
"2017/11/06","47.2000","284494.0000","46.9300","47.2000","46.9200"
"2017/11/03","47.0900","683957.0000","47.1900","47.1900","46.9800"
"2017/11/02","47.3100","329924.0000","47.1400","47.3200","47.1000"
"2017/11/01","47.0400","520093.0000","47.0800","47.2328","47.0142"
"2017/10/31","46.7000","263513.0000","46.6500","46.7400","46.5200"
"2017/10/30","46.7700","258126.0000","46.6500","46.7700","46.6500"
"2017/10/27","46.9600","330329.0000","46.6500","46.9750","46.6000"
"2017/10/26","46.7100","483730.0000","46.8900","46.9300","46.7100"
"2017/10/25","46.6400","388819.0000","46.8500","46.9500","46.4900"
"2017/10/24","47.0900","1113562.0000","47.0100","47.1765","47.0100"
"2017/10/23","47.1200","237061.0000","47.2800","47.2900","47.0900"
"2017/10/20","47.3900","447005.0000","47.4600","47.5100","47.3400"
"2017/10/19","47.4800","534731.0000","47.3400","47.4900","47.2800"
"2017/10/18","47.5500","1183101.0000","47.5300","47.6200","47.4100"
"2017/10/17","47.5400","262419.0000","47.4900","47.5400","47.3800"
"2017/10/16","47.4100","190380.0000","47.4000","47.4800","47.3600"
"2017/10/13","47.3400","561734.0000","47.2600","47.3700","47.2500"
"2017/10/12","46.7800","232804.0000","46.7500","46.8500","46.7200"
"2017/10/11","46.5300","470211.0000","46.5000","46.5700","46.3900"
"2017/10/10","46.5900","422343.0000","46.4900","46.5900","46.4510"
"2017/10/09","46.2100","173177.0000","46.2600","46.3100","46.1600"
"2017/10/06","46.2400","280997.0000","46.1500","46.2650","46.0400"
"2017/10/05","46.2900","446559.0000","46.1700","46.3450","46.1282"
"2017/10/04","46.2300","471796.0000","46.2000","46.2700","46.1500"
"2017/10/03","46.3800","458376.0000","46.2200","46.3900","46.1800"
"2017/10/02","46.4500","636855.0000","46.3600","46.5500","46.3600"
"2017/09/29","46.2400","487377.0000","46.1400","46.2950","45.9900"
"2017/09/28","46.0600","465485.0000","45.8200","46.1100","45.7501"
"2017/09/27","46.1000","590028.0000","46.0400","46.1580","45.9750"
"2017/09/26","46.1600","487801.0000","46.1500","46.2550","46.0500"
"2017/09/25","46.3600","753431.0000","46.4600","46.5400","46.2300"
"2017/09/22","46.7100","369059.0000","46.7000","46.8300","46.6300"
"2017/09/21","46.5200","415599.0000","46.5800","46.6100","46.4600"
"2017/09/20","47.0300","606521.0000","47.2200","47.2900","46.6900"
"2017/09/19","47.1300","170504.0000","47.0100","47.1500","46.9650"
"2017/09/18","46.9900","210352.0000","47.0600","47.1600","46.8700"
"2017/09/15","46.9300","292354.0000","46.9100","46.9400","46.7800"
"2017/09/14","46.9500","866984.0000","46.8100","46.9600","46.7700"
"2017/09/13","46.9600","227185.0000","47.1800","47.1800","46.9001"
"2017/09/12","47.3200","650518.0000","47.0500","47.3200","47.0500"
"2017/09/11","47.1600","157518.0000","46.9700","47.2000","46.9700"
"2017/09/08","46.8000","386803.0000","47.0200","47.0200","46.7400"
"2017/09/07","46.8300","312611.0000","46.7500","46.8300","46.6800"
"2017/09/06","46.6900","444701.0000","46.4500","46.7400","46.4500"
"2017/09/05","46.4800","973596.0000","46.6800","46.7900","46.3300"
"2017/09/01","46.9100","694459.0000","46.8800","46.9650","46.7469"
"2017/08/31","46.6300","657001.0000","46.4400","46.7000","46.4300"
"2017/08/30","46.1300","270422.0000","46.1500","46.1800","46.0100"
"2017/08/29","46.2200","228561.0000","46.1200","46.3000","46.1100"
"2017/08/28","46.4300","316492.0000","46.4700","46.4800","46.3100"
"2017/08/25","46.5000","292945.0000","46.4600","46.6554","46.4000"
"2017/08/24","46.2300","304845.0000","46.3800","46.3800","46.2250"
"2017/08/23","46.3100","292306.0000","46.1100","46.3438","46.0700"
"2017/08/22","46.4700","319009.0000","46.3500","46.5200","46.3300"
"2017/08/21","46.1500","202077.0000","46.1800","46.1800","46.0000"
"2017/08/18","46.1500","279650.0000","46.1200","46.2800","45.9600"
"2017/08/17","45.9200","383971.0000","46.3500","46.3700","45.9000"
"2017/08/16","46.6200","292388.0000","46.2700","46.6200","46.2700"
"2017/08/15","45.7900","462369.0000","45.8600","45.8600","45.6850"
"2017/08/14","46.0300","352255.0000","45.9600","46.1244","45.9600"
"2017/08/11","45.7500","341473.0000","45.6700","45.8700","45.6199"
"2017/08/10","45.7200","349301.0000","46.1800","46.1800","45.7000"
"2017/08/09","46.3500","273747.0000","46.2500","46.3550","46.2200"
"2017/08/08","46.3300","173694.0000","46.3800","46.5439","46.3200"
"2017/08/07","46.4600","232283.0000","46.3900","46.4800","46.3500"
"2017/08/04","46.4100","555473.0000","46.3800","46.4200","46.1800"
"2017/08/03","46.4800","399813.0000","46.5100","46.5400","46.4100"
"2017/08/02","46.6300","599912.0000","46.6000","46.6650","46.4975"
"2017/08/01","46.6500","433086.0000","46.7600","46.8100","46.6350"
"2017/07/31","46.4400","265639.0000","46.4000","46.4700","46.3000"
"2017/07/28","46.2800","423153.0000","46.2000","46.3050","46.1200"
"2017/07/27","46.4600","546007.0000","46.7200","46.7600","46.2600"
"2017/07/26","46.5600","368966.0000","46.3100","46.6700","46.2701"
"2017/07/25","46.2400","401536.0000","46.2600","46.3199","46.2100"
"2017/07/24","45.9400","741507.0000","45.9300","45.9500","45.8000"
"2017/07/21","45.8200","255209.0000","45.9000","45.9300","45.7900"
"2017/07/20","46.1200","360288.0000","46.1200","46.2200","46.0300"
"2017/07/19","46.1500","348425.0000","45.9800","46.1500","45.9600"
"2017/07/18","45.5600","229200.0000","45.4900","45.5600","45.4376"
"2017/07/17","45.4100","461379.0000","45.4900","45.5900","45.3747"
"2017/07/14","45.5800","330953.0000","45.3500","45.6200","45.3400"
"2017/07/13","45.0100","453784.0000","44.8500","45.0400","44.8300"
"2017/07/12","44.5500","301045.0000","44.4600","44.5900","44.4200"
"2017/07/11","44.3400","215156.0000","44.2000","44.3900","44.0900"
"2017/07/10","44.2400","261661.0000","44.0400","44.2600","44.0100"
"2017/07/07","44.0600","343671.0000","43.9800","44.0800","43.8675"
"2017/07/06","43.9300","940900.0000","44.1200","44.1200","43.9250"
"2017/07/05","44.3700","552335.0000","44.2200","44.3950","44.1050"
"2017/07/03","44.2300","350364.0000","44.3500","44.3500","44.1500"
"2017/06/30","44.4800","575180.0000","44.5500","44.6500","44.4000"
"2017/06/29","44.7100","951641.0000","44.8800","44.8870","44.4400"
"2017/06/28","44.6900","818907.0000","44.4500","44.6962","44.4500"
"2017/06/27","44.0500","604123.0000","44.1800","44.2400","44.0499"
"2017/06/26","44.2200","413916.0000","44.3500","44.3800","44.1500"
"2017/06/23","44.0400","324159.0000","44.0300","44.1257","43.9363"
"2017/06/22","43.9300","278988.0000","43.9500","44.0100","43.8800"
"2017/06/21","43.7800","398522.0000","43.8700","43.8900","43.6800"
"2017/06/20","44.0800","570072.0000","44.3800","44.3800","44.0800"
"2017/06/19","45.5000","495363.0000","45.4300","45.5400","45.4300"
"2017/06/16","45.2200","453398.0000","45.1700","45.2200","45.0700"
"2017/06/15","45.1600","728022.0000","44.9900","45.1600","44.9400"
"2017/06/14","45.4700","567889.0000","45.7100","45.7800","45.3200"
"2017/06/13","45.2900","467578.0000","45.1100","45.2900","45.1100"
"2017/06/12","44.5900","446457.0000","44.5800","44.6500","44.4600"
"2017/06/09","44.7300","492392.0000","44.7000","44.8600","44.5200"
"2017/06/08","44.7700","480980.0000","44.7100","44.7900","44.6200"
"2017/06/07","44.5800","316807.0000","44.6400","44.7000","44.4700"
"2017/06/06","44.5500","284823.0000","44.5100","44.6000","44.4450"
"2017/06/05","44.7200","259724.0000","44.6800","44.7400","44.6200"
"2017/06/02","44.8200","393972.0000","44.6400","44.8566","44.6100"
"2017/06/01","44.3800","503463.0000","44.2300","44.4200","44.2000"
"2017/05/31","44.2300","813372.0000","44.4200","44.4300","44.2200"
"2017/05/30","44.3200","269641.0000","44.2000","44.3500","44.1800"
"2017/05/26","44.4200","247295.0000","44.3900","44.4200","44.3100"
"2017/05/25","44.6300","334686.0000","44.6700","44.7590","44.6000"
"2017/05/24","44.6500","353106.0000","44.5100","44.6800","44.4600"
"2017/05/23","44.5100","355533.0000","44.5400","44.6200","44.4730"
"2017/05/22","44.5200","357936.0000","44.4000","44.5600","44.3900"
"2017/05/19","44.2700","630523.0000","44.2000","44.3650","44.1300"
"2017/05/18","43.9300","1766029.0000","43.8100","44.0700","43.8000"
"2017/05/17","43.8700","877371.0000","44.2000","44.2100","43.8700"
"2017/05/16","44.7200","309077.0000","44.6700","44.7400","44.6310"
"2017/05/15","44.6500","370347.0000","44.5800","44.6800","44.5600"
"2017/05/12","44.3800","343161.0000","44.3300","44.3900","44.2500"
"2017/05/11","44.4800","371791.0000","44.3600","44.4800","44.2400"
"2017/05/10","44.4700","437033.0000","44.3800","44.5100","44.3700"
"2017/05/09","44.1400","1173396.0000","44.1700","44.2500","44.0800"
"2017/05/08","44.2700","797799.0000","44.3600","44.3700","44.2500"
"2017/05/05","44.5100","431195.0000","44.1800","44.5100","44.1600"
"2017/05/04","44.4300","660682.0000","44.4000","44.4700","44.2950"
"2017/05/03","44.6000","690300.0000","44.7000","44.7800","44.6000"
"2017/05/02","45.2200","460219.0000","45.2300","45.2700","45.1300"
"2017/05/01","45.2100","400217.0000","45.0400","45.2600","45.0400"
"2017/04/28","44.8200","497338.0000","44.7500","44.8700","44.7200"
"2017/04/27","44.7200","505473.0000","44.7600","44.7600","44.6000"
"2017/04/26","44.6700","323457.0000","44.7000","44.8300","44.6700"
"2017/04/25","44.8100","304087.0000","44.6800","44.8700","44.6800"
"2017/04/24","44.6500","349271.0000","44.6200","44.6700","44.5700"
"2017/04/21","44.2400","345222.0000","44.2200","44.3100","44.1900"
"2017/04/20","44.2900","610755.0000","44.2200","44.3300","44.1500"
"2017/04/19","43.7500","242823.0000","44.0100","44.0400","43.7000"
"2017/04/18","44.1600","332691.0000","44.1500","44.2037","44.0200"
"2017/04/17","44.7500","624808.0000","44.6500","44.7700","44.5700"
"2017/04/13","44.5000","653943.0000","44.6900","44.8000","44.5000"
"2017/04/12","44.6400","437582.0000","44.7400","44.7400","44.4800"
"2017/04/11","44.6900","718039.0000","44.7100","44.7100","44.3700"
"2017/04/10","44.5500","218207.0000","44.4700","44.6200","44.4400"
"2017/04/07","44.3900","362866.0000","44.4200","44.5500","44.3400"
"2017/04/06","44.5700","885205.0000","44.5600","44.6500","44.4914"
"2017/04/05","44.6300","3703222.0000","44.8000","44.9100","44.5900"
"2017/04/04","44.6000","1010283.0000","44.3900","44.6300","44.3900"
"2017/04/03","44.7100","1488870.0000","44.6200","44.7800","44.4200"
"2017/03/31","44.6900","2069751.0000","44.6800","44.8100","44.6600"
"2017/03/30","45.0000","1204868.0000","44.9400","45.1325","44.9400"
"2017/03/29","44.9600","1806375.0000","44.7000","44.9850","44.6900"
"2017/03/28","44.6000","1500161.0000","44.4200","44.6500","44.3300"
"2017/03/27","44.1000","996054.0000","43.9900","44.1900","43.8550"
"2017/03/24","44.1300","501951.0000","44.0400","44.2200","44.0200"
"2017/03/23","43.9300","1148537.0000","43.9000","44.1100","43.8600"
"2017/03/22","43.9600","771380.0000","43.7700","44.0000","43.6900"
"2017/03/21","44.0200","1635163.0000","44.7100","44.7100","44.0200"
"2017/03/20","44.6022","518733.0000","44.5500","44.6525","44.5000"
"2017/03/17","44.4600","1072693.0000","44.4800","44.6100","44.4100"
"2017/03/16","44.3600","967607.0000","44.5400","44.5400","44.3100"
"2017/03/15","44.5100","965365.0000","43.6700","44.5400","43.6700"
"2017/03/14","43.4100","446846.0000","43.4200","43.4600","43.3200"
"2017/03/13","43.7100","475499.0000","43.5700","43.7100","43.5700"
"2017/03/10","43.6600","424607.0000","43.6500","43.6600","43.4500"
"2017/03/09","43.1600","471409.0000","43.2500","43.2800","43.0350"
"2017/03/08","43.2400","539776.0000","43.4400","43.5200","43.2400"
"2017/03/07","43.4500","284468.0000","43.6000","43.6189","43.4300"
"2017/03/06","43.3400","414785.0000","43.3500","43.4300","43.2700"
"2017/03/03","43.4500","618788.0000","43.3400","43.5220","43.2499"
"2017/03/02","43.3900","719382.0000","43.6400","43.6400","43.3900"
"2017/03/01","43.9700","885319.0000","43.7300","44.0400","43.6650"
"2017/02/28","43.4400","636003.0000","43.4600","43.5900","43.4200"
"2017/02/27","43.6200","1237560.0000","43.4500","43.6400","43.4300"
"2017/02/24","43.5500","521443.0000","43.4300","43.6450","43.4300"
"2017/02/23","44.0000","495106.0000","44.1500","44.1800","43.9500"
"2017/02/22","43.9300","1015454.0000","43.7100","43.9400","43.7100"
"2017/02/21","43.7800","399458.0000","43.5700","43.7900","43.5000"
"2017/02/17","43.6600","323943.0000","43.4700","43.6650","43.4700"
"2017/02/16","43.6100","379097.0000","43.7300","43.7600","43.5660"
"2017/02/15","43.7500","444224.0000","43.2900","43.7500","43.2900"
"2017/02/14","43.2400","376257.0000","43.2000","43.2650","42.9400"
"2017/02/13","43.2400","308386.0000","43.2200","43.2950","43.1700"
"2017/02/10","43.1200","446152.0000","42.8700","43.1600","42.8700"
"2017/02/09","42.6900","522905.0000","42.6600","42.7250","42.5800"
"2017/02/08","42.5600","282947.0000","42.4600","42.5800","42.4500"
"2017/02/07","42.3100","312016.0000","42.2800","42.3700","42.2300"
"2017/02/06","42.3500","243848.0000","42.2700","42.3600","42.1900"
"2017/02/03","42.6600","608404.0000","42.5900","42.6800","42.5200"
"2017/02/02","42.6000","469964.0000","42.5000","42.6270","42.4800"
"2017/02/01","42.3800","858881.0000","42.4600","42.4900","42.2000"
"2017/01/31","42.2100","537690.0000","42.1100","42.2200","42.0600"
"2017/01/30","42.1000","455034.0000","42.0900","42.1350","41.9300"
"2017/01/27","42.3300","345994.0000","42.4000","42.4311","42.2526"
"2017/01/26","42.2100","557733.0000","42.2700","42.3500","42.1700"
"2017/01/25","42.3800","470317.0000","42.1600","42.3900","42.0700"
"2017/01/24","42.2400","716287.0000","41.9700","42.2700","41.9700"
"2017/01/23","41.9300","4179872.0000","41.8100","41.9400","41.7070"
"2017/01/20","41.9600","495809.0000","41.7800","41.9600","41.7500"
"2017/01/19","41.9400","493214.0000","41.9900","41.9900","41.8044"
"2017/01/18","41.7900","473943.0000","41.9300","41.9800","41.7350"
"2017/01/17","41.9800","386900.0000","41.9900","41.9900","41.8750"
"2017/01/13","42.0000","795705.0000","41.8800","42.0200","41.7900"
"2017/01/12","42.0200","455494.0000","41.9900","42.0500","41.8700"
"2017/01/11","42.0400","711669.0000","41.6600","42.0500","41.6500"
"2017/01/10","41.6400","1348138.0000","41.6000","41.7984","41.5400"
"2017/01/09","41.3600","667388.0000","41.2300","41.4659","41.2300"
"2017/01/06","40.9900","677393.0000","41.0300","41.1000","40.9600"
"2017/01/05","41.1800","717734.0000","40.9200","41.2600","40.8900"
"2017/01/04","40.6600","702946.0000","40.4200","40.7000","40.4200"
"2017/01/03","40.2100","1090819.0000","40.1200","40.2700","40.1200"
"2016/12/30","39.5700","511172.0000","39.7300","39.7800","39.4800"
"2016/12/29","39.7800","345391.0000","39.6900","39.8475","39.6900"
"2016/12/28","39.5200","552256.0000","39.6000","39.6630","39.4750"
"2016/12/27","39.4500","690940.0000","39.5000","39.6000","39.4400"
"2016/12/23","39.3800","531880.0000","39.3000","39.3900","39.3000"
"2016/12/22","39.5800","344874.0000","39.6800","39.7400","39.5650"
"2016/12/21","39.6600","509536.0000","39.8800","39.8800","39.6300"
"2016/12/20","40.6400","478720.0000","40.5700","40.6400","40.4900"
"2016/12/19","40.3200","764772.0000","40.4800","40.5000","40.3200"
"2016/12/16","40.5300","584130.0000","40.7100","40.7100","40.4600"
"2016/12/15","40.8200","930350.0000","40.9800","40.9800","40.8000"
"2016/12/14","41.1200","795897.0000","41.8400","41.9050","41.0900"
"2016/12/13","41.9000","426125.0000","41.7500","42.0000","41.7500"
"2016/12/12","41.6500","347282.0000","41.6500","41.7700","41.5600"
"2016/12/09","41.7700","325950.0000","41.6800","41.7800","41.5850"
"2016/12/08","41.8100","590479.0000","41.7000","41.9100","41.6600"
"2016/12/07","41.8800","1174788.0000","41.3600","41.8900","41.3600"
"2016/12/06","41.3400","442836.0000","41.1500","41.3600","41.1400"
"2016/12/05","41.2800","491527.0000","41.1000","41.3600","41.1000"
"2016/12/02","41.1800","405510.0000","41.0700","41.2600","41.0300"
"2016/12/01","41.2600","606415.0000","41.2200","41.4000","41.1300"
"2016/11/30","41.0500","476817.0000","41.3100","41.3200","41.0300"
"2016/11/29","41.3500","1008685.0000","41.1500","41.4200","41.1000"
"2016/11/28","41.2700","244651.0000","41.3300","41.3900","41.2500"
"2016/11/25","41.3900","156970.0000","41.4100","41.4750","41.3500"
"2016/11/23","41.0400","411404.0000","40.8700","41.0669","40.8400"
"2016/11/22","40.8300","488642.0000","40.7600","40.8700","40.6307"
"2016/11/21","40.4600","315874.0000","40.3100","40.4900","40.2950"
"2016/11/18","40.2100","273164.0000","40.4100","40.4200","40.1300"
"2016/11/17","40.3800","423925.0000","40.4900","40.6000","40.2700"
"2016/11/16","40.1600","493705.0000","40.1300","40.2900","40.1300"
"2016/11/15","40.8300","496663.0000","40.5000","40.8350","40.4600"
"2016/11/14","40.5900","589091.0000","40.5500","40.6800","40.4000"
"2016/11/11","40.7000","640526.0000","40.7200","40.8500","40.4200"
"2016/11/10","40.9300","1372626.0000","41.1200","41.2000","40.6700"
"2016/11/09","41.0800","1443823.0000","41.0400","41.4000","40.8700"
"2016/11/08","41.5000","330441.0000","41.0700","41.5900","40.9400"
"2016/11/07","41.1700","657714.0000","40.9700","41.1900","40.9700"
"2016/11/04","40.3000","319135.0000","40.4500","40.4900","40.2701"
"2016/11/03","40.6900","669581.0000","40.7100","40.8300","40.6000"
"2016/11/02","40.6200","507473.0000","40.8200","40.9050","40.6000"
"2016/11/01","41.0200","692471.0000","41.2800","41.3000","40.7600"
"2016/10/31","41.0300","472040.0000","40.8900","41.1400","40.8900"
"2016/10/28","40.8800","1024519.0000","40.8900","41.0500","40.7100"
"2016/10/27","41.0400","360807.0000","41.3800","41.3800","41.0400"
"2016/10/26","41.6500","500959.0000","41.7100","41.8250","41.5500"
"2016/10/25","42.0500","480533.0000","42.0000","42.1200","41.9400"
"2016/10/24","41.8300","293634.0000","41.9000","41.9600","41.7200"
"2016/10/21","41.7000","235320.0000","41.5700","41.7100","41.4710"
"2016/10/20","41.8800","393610.0000","41.9500","42.0200","41.7300"
"2016/10/19","42.1600","896987.0000","42.0600","42.2500","41.9450"
"2016/10/18","41.9700","184306.0000","42.0400","42.1500","41.8900"
"2016/10/17","41.5000","276102.0000","41.4700","41.5500","41.3900"
"2016/10/14","41.6100","377329.0000","41.9200","41.9900","41.6100"
"2016/10/13","41.5300","649723.0000","41.2700","41.6000","41.1000"
"2016/10/12","41.7100","291262.0000","41.6400","41.8400","41.5900"
"2016/10/11","41.5000","588109.0000","41.8900","41.8900","41.4095"
"2016/10/10","42.4400","188337.0000","42.3500","42.5542","42.3500"
"2016/10/07","42.1300","554032.0000","42.2700","42.3200","41.8200"
"2016/10/06","42.3200","240071.0000","42.1800","42.3400","42.0800"
"2016/10/05","42.3500","634201.0000","42.2800","42.3800","42.1300"
"2016/10/04","42.0600","621146.0000","42.3800","42.4500","41.9200"
"2016/10/03","42.3100","914863.0000","42.3200","42.3800","42.1700"
"2016/09/30","42.2800","534161.0000","42.2000","42.3959","42.1057"
"2016/09/29","41.9800","598721.0000","42.3000","42.4600","41.8500"
"2016/09/28","42.4300","370321.0000","42.1300","42.4300","41.8500"
"2016/09/27","42.0000","342734.0000","41.7200","42.0200","41.7200"
"2016/09/26","41.6200","376230.0000","41.7400","41.7700","41.5700"
"2016/09/23","41.7400","858939.0000","41.8900","41.9611","41.7400"
"2016/09/22","41.9600","454723.0000","42.0400","42.1800","41.8800"
"2016/09/21","41.7600","576683.0000","41.2600","41.8300","41.2000"
"2016/09/20","41.0100","301590.0000","41.0600","41.1800","40.9600"
"2016/09/19","40.8300","513276.0000","41.0100","41.1300","40.8290"
"2016/09/16","40.7400","488348.0000","40.6300","40.7700","40.5200"
"2016/09/15","40.8100","546954.0000","40.3700","40.9500","40.3200"
"2016/09/14","40.0900","655805.0000","40.1700","40.4000","40.0400"
"2016/09/13","39.8500","957980.0000","40.1200","40.2400","39.6100"
"2016/09/12","41.0800","820472.0000","40.3200","41.1400","40.2900"
"2016/09/09","40.8000","1084729.0000","41.4200","41.4200","40.7950"
"2016/09/08","41.7900","494562.0000","42.0000","42.0266","41.7700"
"2016/09/07","41.9900","1404217.0000","42.0500","42.0700","41.8452"
"2016/09/06","41.9700","1877401.0000","41.7000","42.0000","41.7000"
"2016/09/02","41.2400","621255.0000","41.2900","41.3000","41.0700"
"2016/09/01","41.0300","896027.0000","40.8100","41.0600","40.7800"
"2016/08/31","40.7300","1764345.0000","40.8500","40.8700","40.6100"
"2016/08/30","41.1100","463698.0000","41.2900","41.3000","41.0000"
"2016/08/29","41.3000","291815.0000","41.1100","41.3399","41.1100"
"2016/08/26","41.3700","668333.0000","41.7800","42.1700","41.1900"
"2016/08/25","41.7700","629441.0000","41.6400","41.8200","41.6400"
"2016/08/24","41.7600","413139.0000","41.8100","41.9400","41.7000"
"2016/08/23","41.7900","366769.0000","41.9900","42.0750","41.7900"
"2016/08/22","41.5700","308736.0000","41.4700","41.6201","41.4200"
"2016/08/19","41.6000","230511.0000","41.4800","41.6419","41.3642"
"2016/08/18","41.9000","399290.0000","41.7600","41.9200","41.7200"
"2016/08/17","41.8700","989856.0000","41.7600","41.9800","41.5500"
"2016/08/16","41.9300","502132.0000","41.9400","42.0239","41.8500"
"2016/08/15","42.0400","538182.0000","41.9500","42.1834","41.9500"
"2016/08/12","41.7800","213720.0000","41.9900","42.0500","41.7050"
"2016/08/11","42.2000","210717.0000","42.0100","42.2100","42.0001"
"2016/08/10","41.9200","194198.0000","42.1600","42.1700","41.9200"
"2016/08/09","42.0000","212422.0000","41.8900","42.1400","41.8900"
"2016/08/08","41.8700","554575.0000","41.7900","41.8950","41.7500"
"2016/08/05","41.6100","283828.0000","41.5000","41.6400","41.4200"
"2016/08/04","41.2600","259951.0000","41.1800","41.3427","41.0900"
"2016/08/03","41.1500","1030110.0000","40.8200","41.1500","40.7900"
"2016/08/02","41.2800","1038313.0000","41.4600","41.5600","41.1200"
"2016/08/01","41.3900","1309606.0000","41.6100","41.6850","41.3700"
"2016/07/29","41.7300","1119625.0000","41.4700","41.7727","41.4150"
"2016/07/28","41.4300","835788.0000","41.4000","41.4750","41.3000"
"2016/07/27","41.3900","1412371.0000","41.4300","41.5100","40.9900"
"2016/07/26","41.4300","1223795.0000","41.4800","41.6000","41.2750"
"2016/07/25","41.0100","3842160.0000","41.0600","41.0600","40.8850"
"2016/07/22","40.9800","455542.0000","40.9200","41.0300","40.8400"
"2016/07/21","40.9500","489293.0000","40.9700","41.1591","40.8500"
"2016/07/20","40.9600","373428.0000","40.7800","40.9900","40.7500"
"2016/07/19","40.5800","325481.0000","40.7000","40.7000","40.5200"
"2016/07/18","41.0600","550702.0000","40.8000","41.0800","40.8000"
"2016/07/15","40.8200","995446.0000","40.9100","40.9100","40.6901"
"2016/07/14","40.9400","588015.0000","40.9300","41.0200","40.8000"
"2016/07/13","40.4900","239524.0000","40.6500","40.6700","40.4700"
"2016/07/12","40.5900","613564.0000","40.4400","40.7400","40.4400"
"2016/07/11","39.9100","840505.0000","39.8200","40.0150","39.7600"
"2016/07/08","39.5800","661244.0000","39.3200","39.6400","39.2400"
"2016/07/07","38.8000","224048.0000","38.9800","39.1600","38.6700"
"2016/07/06","39.0100","434420.0000","38.5000","39.0100","38.3500"
"2016/07/05","38.6600","446024.0000","38.9300","38.9300","38.5937"
"2016/07/01","39.3100","443852.0000","39.1900","39.3700","39.1900"
"2016/06/30","39.2000","513548.0000","38.8400","39.2100","38.7550"
"2016/06/29","38.5400","739319.0000","38.3700","38.6000","38.3500"
"2016/06/28","37.9500","711635.0000","37.8000","37.9700","37.5500"
"2016/06/27","37.0000","1256094.0000","37.4800","37.4900","36.7100"
"2016/06/24","37.7900","1348890.0000","37.8400","38.5800","37.7700"
"2016/06/23","39.8500","303269.0000","39.5700","39.8500","39.4530"
"2016/06/22","38.9000","495794.0000","38.9000","39.1400","38.8600"
"2016/06/21","39.4500","570988.0000","39.4900","39.6200","39.3400"
"2016/06/20","39.3000","1071909.0000","39.4000","39.5100","39.3000"
"2016/06/17","38.4600","491946.0000","38.3800","38.5300","38.2200"
"2016/06/16","38.2600","946245.0000","37.9300","38.3300","37.5600"
"2016/06/15","38.4900","440599.0000","38.4700","38.7700","38.4400"
"2016/06/14","38.4700","1219737.0000","38.4600","38.6450","38.2400"
"2016/06/13","38.7600","387339.0000","38.8500","39.1000","38.7500"
"2016/06/10","39.2400","320430.0000","39.4700","39.5200","39.1201"
"2016/06/09","40.0000","635682.0000","39.9200","40.0600","39.8550"
"2016/06/08","40.4300","228803.0000","40.3800","40.4700","40.3300"
"2016/06/07","40.2400","344543.0000","40.1700","40.3299","40.1700"
"2016/06/06","39.9400","292457.0000","39.7500","40.0400","39.7500"
"2016/06/03","39.5000","906691.0000","39.3700","39.5450","39.1400"
"2016/06/02","38.9200","703715.0000","38.7100","38.9200","38.6165"
"2016/06/01","39.0500","464515.0000","38.8200","39.0736","38.7400"
"2016/05/31","39.0800","708845.0000","39.1300","39.3050","38.9800"
"2016/05/27","39.0900","232155.0000","39.1500","39.2200","39.0100"
"2016/05/26","39.0500","436337.0000","39.1200","39.1590","38.9601"
"2016/05/25","38.9400","479002.0000","38.7400","39.0000","38.7400"
"2016/05/24","38.5900","468811.0000","38.2100","38.6300","38.2100"
"2016/05/23","38.3500","324237.0000","38.3100","38.4600","38.2800"
"2016/05/20","38.5700","567437.0000","38.6900","38.7700","38.5000"
"2016/05/19","38.3200","560653.0000","38.2800","38.3800","38.1100"
"2016/05/18","38.5700","1135079.0000","38.7100","39.1200","38.4900"
"2016/05/17","38.9600","394276.0000","39.1500","39.2800","38.8900"
"2016/05/16","39.0400","477065.0000","38.8200","39.0674","38.8100"
"2016/05/13","38.4800","325168.0000","38.6000","38.7483","38.3800"
"2016/05/12","39.0100","231722.0000","39.3100","39.3400","38.8000"
"2016/05/11","39.1300","385480.0000","39.1400","39.3400","39.1100"
"2016/05/10","39.4500","228227.0000","39.1000","39.4500","39.0800"
"2016/05/09","38.7500","404906.0000","38.9100","39.0000","38.7400"
"2016/05/06","38.9300","308069.0000","38.5800","38.9500","38.5300"
"2016/05/05","39.0600","302208.0000","39.3100","39.3800","38.9600"
"2016/05/04","38.9800","439943.0000","39.1800","39.2600","38.8962"
"2016/05/03","39.5400","597599.0000","39.8600","39.8600","39.5150"
"2016/05/02","40.1700","476916.0000","40.0600","40.1800","39.8901"
"2016/04/29","39.9500","766365.0000","40.0500","40.1650","39.7400"
"2016/04/28","40.0600","561624.0000","39.9800","40.4400","39.9500"
"2016/04/27","40.0600","550592.0000","39.8700","40.1700","39.7700"
"2016/04/26","40.7000","349585.0000","40.7300","40.7900","40.5450"
"2016/04/25","40.5500","1912963.0000","40.5000","40.6100","40.4000"
"2016/04/22","40.5800","364064.0000","40.6200","40.8200","40.4600"
"2016/04/21","40.6800","216086.0000","41.0300","41.0300","40.5901"
"2016/04/20","40.9200","204065.0000","40.8800","41.1300","40.8301"
"2016/04/19","40.9600","516236.0000","40.7600","41.0100","40.7300"
"2016/04/18","40.4000","268495.0000","39.9300","40.4500","39.9300"
"2016/04/15","39.9900","544201.0000","39.9900","40.1300","39.8900"
"2016/04/14","39.8400","249134.0000","39.8800","39.9600","39.8100"
"2016/04/13","39.5500","247080.0000","39.4800","39.6100","39.3940"
"2016/04/12","38.9100","259941.0000","38.4800","38.9800","38.3011"
"2016/04/11","38.0500","391703.0000","38.1500","38.3700","38.0400"
"2016/04/08","37.9600","500795.0000","38.1700","38.2400","37.8400"
"2016/04/07","37.6100","1108252.0000","37.8500","37.9600","37.5100"
"2016/04/06","38.3600","389661.0000","37.8300","38.3700","37.8200"
"2016/04/05","37.6400","994630.0000","37.6600","37.7400","37.5200"
"2016/04/04","38.4700","707488.0000","38.7500","38.7800","38.4200"
"2016/04/01","38.9500","383463.0000","38.4200","38.9900","38.3395"
"2016/03/31","39.2200","809710.0000","39.4000","39.5300","39.1900"
"2016/03/30","39.2800","910218.0000","39.3100","39.5100","39.1700"
"2016/03/29","38.8800","900610.0000","38.0600","38.8900","37.9900"
"2016/03/28","38.7600","328804.0000","38.6600","38.7800","38.6000"
"2016/03/24","38.7200","978624.0000","38.4100","38.7200","38.3200"
"2016/03/23","38.8000","422211.0000","39.1700","39.1700","38.7800"
"2016/03/22","39.5000","236678.0000","39.2900","39.5472","39.2400"
"2016/03/21","39.5400","337777.0000","39.5100","39.6400","39.4036"
"2016/03/18","39.6200","351821.0000","39.6500","39.8225","39.6200"
"2016/03/17","39.7000","872737.0000","39.2200","39.7700","39.1000"
"2016/03/16","38.9800","227431.0000","38.0700","39.0000","38.0700"
"2016/03/15","38.2100","207971.0000","38.2300","38.2300","38.0700"
"2016/03/14","38.8000","223113.0000","38.8700","38.9200","38.6850"
"2016/03/11","39.1500","553192.0000","38.7700","39.1500","38.7100"
"2016/03/10","38.1700","321160.0000","38.4500","38.5000","37.8750"
"2016/03/09","38.4100","500496.0000","38.4100","38.5700","38.3100"
"2016/03/08","37.7300","245920.0000","37.9500","37.9950","37.7100"
"2016/03/07","38.4400","648937.0000","38.0100","38.5300","37.9900"
"2016/03/04","38.3100","503980.0000","37.9300","38.4200","37.8900"
"2016/03/03","37.5200","692577.0000","37.3500","37.6173","37.3000"
"2016/03/02","36.9900","305875.0000","36.5200","37.0000","36.4801"
"2016/03/01","36.1500","207495.0000","35.6400","36.1500","35.6300"
"2016/02/29","35.1600","479550.0000","35.3400","35.4700","35.1500"
"2016/02/26","35.1500","245009.0000","35.6400","35.6400","35.1115"
"2016/02/25","35.4700","268525.0000","35.1100","35.4800","34.9400"
"2016/02/24","35.4400","389419.0000","34.8700","35.4800","34.6800"
"2016/02/23","35.6900","184524.0000","36.0100","36.0100","35.6600"
"2016/02/22","36.3400","447287.0000","36.0700","36.3600","36.0400"
"2016/02/19","35.3800","200241.0000","35.0600","35.4300","34.9900"
"2016/02/18","35.3600","316838.0000","35.6300","35.6300","35.3500"
"2016/02/17","35.3900","447829.0000","35.0000","35.4350","34.9400"
"2016/02/16","34.9100","451278.0000","34.8800","34.9900","34.6000"
"2016/02/12","34.2300","514518.0000","33.8000","34.2300","33.6700"
"2016/02/11","33.7400","549624.0000","33.4600","33.8700","33.4100"
"2016/02/10","33.8500","363098.0000","33.7300","34.2300","33.7300"
"2016/02/09","33.7900","446171.0000","33.5300","34.0100","33.5000"
"2016/02/08","34.3800","478819.0000","34.3400","34.4900","34.0500"
"2016/02/05","34.5100","285307.0000","35.0200","35.1200","34.4100"
"2016/02/04","35.0800","466197.0000","35.1300","35.4100","34.9400"
"2016/02/03","34.6600","2622146.0000","34.3800","34.7200","33.7403"
"2016/02/02","34.3400","909409.0000","34.6100","34.6100","34.2100"
"2016/02/01","35.3100","1505351.0000","35.0400","35.4400","34.9001"
"2016/01/29","35.3800","666838.0000","35.2300","35.4100","35.1200"
"2016/01/28","34.7500","454726.0000","35.0100","35.0100","34.5100"
"2016/01/27","34.2700","619965.0000","34.4800","34.8701","34.0650"
"2016/01/26","34.7000","351853.0000","34.3500","34.7150","34.2900"
"2016/01/25","34.1200","555257.0000","34.4200","34.5573","34.0900"
"2016/01/22","34.5400","385949.0000","34.5800","34.7500","34.4100"
"2016/01/21","33.9600","725583.0000","33.5700","34.2000","33.3000"
"2016/01/20","33.5900","621825.0000","33.3600","33.8300","32.7739"
"2016/01/19","34.1200","523997.0000","34.4100","34.4100","33.8300"
"2016/01/15","33.5100","784731.0000","33.5700","33.8200","33.2000"
"2016/01/14","35.0700","544605.0000","34.6200","35.2400","34.3400"
"2016/01/13","34.5200","733339.0000","35.2200","35.3400","34.4000"
"2016/01/12","35.0700","624001.0000","35.2300","35.2799","34.7200"
"2016/01/11","34.9100","683530.0000","35.2300","35.2300","34.5600"
"2016/01/08","34.8100","570742.0000","35.3500","35.3947","34.7800"
"2016/01/07","35.2800","507775.0000","35.4600","35.8800","35.2300"
"2016/01/06","36.6100","566855.0000","36.5300","36.7100","36.4400"
"2016/01/05","37.5600","628110.0000","37.5500","37.5800","37.2300"
"2016/01/04","37.7600","1419372.0000","37.7000","37.7900","37.3700"
"2015/12/31","38.3900","385171.0000","38.6100","38.6200","38.3700"
"2015/12/30","38.6900","363161.0000","38.8200","38.9500","38.6600"
"2015/12/29","38.8600","546728.0000","38.7800","38.9100","38.7000"
"2015/12/28","38.0800","515761.0000","38.1100","38.1100","37.9300"
"2015/12/24","38.2500","140532.0000","38.3000","38.4200","38.2500"
"2015/12/23","38.2800","398304.0000","38.0000","38.2800","37.9600"
"2015/12/22","37.7100","340882.0000","37.5700","37.7500","37.4524"
"2015/12/21","37.4800","630519.0000","37.5100","37.6400","37.2800"
"2015/12/18","38.0100","602744.0000","38.1500","38.3200","38.0100"
"2015/12/17","37.8100","595640.0000","38.3700","38.4000","37.8100"
"2015/12/16","38.4500","653266.0000","37.9700","38.5300","37.8900"
"2015/12/15","37.5600","677001.0000","37.5600","37.6800","37.4500"
"2015/12/14","37.4900","834762.0000","37.5100","37.5200","37.1300"
"2015/12/11","37.3900","533061.0000","37.5800","37.7100","37.3490"
"2015/12/10","38.2900","1351807.0000","38.2200","38.5000","38.2000"
"2015/12/09","38.2700","1308781.0000","38.3000","38.5900","37.9400"
"2015/12/08","38.2900","258805.0000","38.1700","38.4600","38.0700"
"2015/12/07","38.9300","424582.0000","39.1500","39.2000","38.8286"
"2015/12/04","39.4900","218802.0000","39.1100","39.5999","39.1000"
"2015/12/03","39.2600","327486.0000","39.5500","39.6700","39.1100"
"2015/12/02","39.4000","420364.0000","39.6900","39.7800","39.3200"
"2015/12/01","39.7600","496607.0000","39.5000","39.7600","39.4800"
"2015/11/30","38.8900","366232.0000","38.7900","38.9700","38.7701"
"2015/11/27","38.6900","128916.0000","38.6700","38.7700","38.5600"
"2015/11/25","39.2100","188450.0000","39.2900","39.3373","39.1500"
"2015/11/24","39.5600","427888.0000","39.1700","39.5700","39.1401"
"2015/11/23","39.3300","340816.0000","39.4600","39.5697","39.3136"
"2015/11/20","39.6300","344474.0000","39.7300","39.8200","39.5900"
"2015/11/19","39.3100","414043.0000","39.2400","39.4440","39.2400"
"2015/11/18","38.6000","230279.0000","38.2400","38.6000","38.2400"
"2015/11/17","38.2400","310241.0000","38.4000","38.4700","38.2100"
"2015/11/16","38.1000","398967.0000","37.6600","38.1000","37.6501"
"2015/11/13","37.7400","365667.0000","38.0200","38.0800","37.6900"
"2015/11/12","38.3100","370819.0000","38.4200","38.5200","38.2700"
"2015/11/11","38.2400","376795.0000","38.3700","38.4800","38.2019"
"2015/11/10","37.9500","322972.0000","37.8700","37.9500","37.7500"
"2015/11/09","38.0600","396832.0000","38.2100","38.2200","37.8900"
"2015/11/06","38.8200","185808.0000","38.7800","38.8557","38.5600"
"2015/11/05","39.1400","623946.0000","39.2800","39.3200","39.0000"
"2015/11/04","39.4800","589575.0000","39.6800","39.7243","39.3200"
"2015/11/03","39.6000","380755.0000","39.1400","39.6700","39.1400"
"2015/11/02","39.0100","283559.0000","38.7700","39.0600","38.6505"
"2015/10/30","39.0700","310736.0000","39.0000","39.2900","38.9100"
"2015/10/29","39.0900","158946.0000","39.1100","39.2500","39.0500"
"2015/10/28","39.9000","191135.0000","39.9100","40.1800","39.5700"
"2015/10/27","40.1200","263230.0000","40.2800","40.3400","40.0400"
"2015/10/26","40.4700","353957.0000","40.5200","40.6200","40.4300"
"2015/10/23","40.7200","236784.0000","40.5800","40.7700","40.4900"
"2015/10/22","40.1800","260277.0000","39.8500","40.2800","39.8500"
"2015/10/21","39.3800","196140.0000","39.6500","39.6600","39.3400"
"2015/10/20","39.6600","234547.0000","39.6500","39.7600","39.5100"
"2015/10/19","39.8200","284297.0000","39.8800","39.9300","39.7300"
"2015/10/16","40.1900","125479.0000","40.1400","40.2599","40.0401"
"2015/10/15","40.2300","594319.0000","39.7600","40.2640","39.7600"
"2015/10/14","39.3800","228944.0000","39.3500","39.4800","39.2500"
"2015/10/13","39.0700","281502.0000","39.1300","39.4650","39.0100"
"2015/10/12","39.7700","508849.0000","39.8400","39.8600","39.6800"
"2015/10/09","39.7800","186411.0000","39.7400","39.9000","39.6360"
"2015/10/08","39.5700","255938.0000","38.9900","39.6150","38.9500"
"2015/10/07","39.0500","422285.0000","39.1600","39.3500","38.8560"
"2015/10/06","38.3300","265288.0000","38.3300","38.4200","38.2100"
"2015/10/05","38.3400","418778.0000","37.9300","38.3600","37.9100"
"2015/10/02","37.4300","283953.0000","36.4900","37.4400","36.4300"
"2015/10/01","36.8900","298172.0000","37.0400","37.1000","36.6400"
"2015/09/30","36.6600","311101.0000","36.5000","36.6800","36.3200"
"2015/09/29","35.9200","348549.0000","35.8700","36.1500","35.7342"
"2015/09/28","36.2500","382329.0000","36.7200","36.7200","36.2100"
"2015/09/25","36.8200","398497.0000","37.2000","37.2000","36.7052"
"2015/09/24","37.0200","427009.0000","36.6600","37.1200","36.5200"
"2015/09/23","36.7700","389205.0000","37.0300","37.1500","36.7200"
"2015/09/22","37.3800","396739.0000","37.2400","37.4500","37.1300"
"2015/09/21","37.9300","219912.0000","37.9800","38.1600","37.8300"
"2015/09/18","38.0600","374645.0000","38.4400","38.5200","37.9600"
"2015/09/17","38.2700","528091.0000","38.1900","39.1000","38.1200"
"2015/09/16","38.6700","484518.0000","38.2000","38.6800","38.1800"
"2015/09/15","37.7400","682177.0000","37.3100","37.7800","37.2300"
"2015/09/14","37.7100","319012.0000","37.7700","37.8700","37.6400"
"2015/09/11","37.6800","385228.0000","37.4800","37.7000","37.3800"
"2015/09/10","37.7000","602331.0000","37.4800","37.9000","37.3900"
"2015/09/09","37.6800","897648.0000","38.2700","38.3300","37.6000"
"2015/09/08","37.6400","1356757.0000","37.4000","37.6400","37.3100"
"2015/09/04","36.0000","329646.0000","36.2100","36.3800","35.8730"
"2015/09/03","36.7700","317668.0000","36.8100","37.1500","36.6800"
"2015/09/02","37.0300","596411.0000","36.9300","37.0300","36.5600"
"2015/09/01","36.4000","565037.0000","36.6700","36.8200","36.2900"
"2015/08/31","37.8300","572435.0000","37.9400","38.0200","37.6900"
"2015/08/28","38.6400","503082.0000","38.3000","38.6700","38.3000"
"2015/08/27","38.9500","748492.0000","38.5300","39.0300","38.4100"
"2015/08/26","38.2000","784038.0000","38.0200","38.2000","37.1000"
"2015/08/25","37.2800","1690967.0000","36.2300","39.1000","36.2300"
"2015/08/24","35.5200","1849204.0000","37.4400","37.4400","35.0500"
"2015/08/21","38.2000","786396.0000","39.0500","39.0500","38.1700"
"2015/08/20","39.1100","377930.0000","39.4900","39.5400","39.0950"
"2015/08/19","40.1400","249505.0000","40.2100","40.4020","39.8500"
"2015/08/18","40.2000","514479.0000","40.1200","40.3300","40.1000"
"2015/08/17","40.7200","306407.0000","40.4900","40.7400","40.4000"
"2015/08/14","40.7800","213844.0000","40.6300","40.8200","40.6000"
"2015/08/13","40.7300","182531.0000","40.6500","40.8680","40.5000"
"2015/08/12","40.7800","319788.0000","40.5400","40.7800","40.3400"
"2015/08/11","41.1400","286171.0000","41.5600","41.5600","40.9679"
"2015/08/10","42.4000","346773.0000","41.9800","42.4200","41.9705"
"2015/08/07","41.8700","205336.0000","41.6800","41.9000","41.5800"
"2015/08/06","41.9900","225952.0000","42.2300","42.2900","41.8900"
"2015/08/05","42.7900","369851.0000","42.9600","43.0400","42.7700"
"2015/08/04","42.8700","148302.0000","42.9400","43.1200","42.7950"
"2015/08/03","42.3600","215960.0000","42.4700","42.4900","42.2300"
"2015/07/31","42.8200","349073.0000","43.0300","43.1000","42.6910"
"2015/07/30","42.6600","165461.0000","42.5100","42.7100","42.4400"
"2015/07/29","42.8300","284879.0000","42.6700","42.9700","42.6700"
"2015/07/28","42.6200","272166.0000","42.4100","42.6699","42.2238"
"2015/07/27","41.8300","253693.0000","41.9500","42.0600","41.7700"
"2015/07/24","42.1400","209883.0000","42.3900","42.5000","42.0300"
"2015/07/23","42.6600","399384.0000","42.9100","42.9500","42.6300"
"2015/07/22","42.9500","171386.0000","42.9400","43.0200","42.8500"
"2015/07/21","43.5900","198131.0000","43.5000","43.7100","43.4401"
"2015/07/20","43.5400","349398.0000","43.5000","43.6500","43.3730"
"2015/07/17","43.4200","210608.0000","43.4700","43.4900","43.3400"
"2015/07/16","43.4300","746691.0000","43.4600","43.6000","43.3650"
"2015/07/15","43.0100","453067.0000","43.2800","43.3200","42.9100"
"2015/07/14","43.1600","242385.0000","43.0400","43.1950","43.0350"
"2015/07/13","42.8800","627325.0000","42.7700","42.9100","42.6263"
"2015/07/10","42.6600","248286.0000","42.5700","42.7600","42.4365"
"2015/07/09","42.0000","653780.0000","42.1400","42.4100","41.9500"
"2015/07/08","41.3200","581754.0000","41.4900","41.8300","41.2700"
"2015/07/07","42.6800","899483.0000","42.4300","42.7917","41.9100"
"2015/07/06","42.8100","352391.0000","43.1200","43.1200","42.5300"
"2015/07/02","44.0000","410093.0000","44.1000","44.1090","43.9250"
"2015/07/01","43.7100","537260.0000","43.9200","43.9200","43.5200"
"2015/06/30","43.4000","598245.0000","43.6700","43.6700","43.2500"
"2015/06/29","42.9600","402699.0000","43.1900","43.3700","42.9300"
"2015/06/26","44.0700","401709.0000","44.0700","44.1900","43.9100"
"2015/06/25","44.7500","310159.0000","44.9800","44.9800","44.7500"
"2015/06/24","45.9100","253008.0000","46.1100","46.1400","45.8900"
"2015/06/23","46.1800","393073.0000","45.9900","46.2000","45.9600"
"2015/06/22","45.8000","825806.0000","46.0000","46.1200","45.8000"
"2015/06/19","45.6400","151774.0000","45.7600","45.8200","45.6400"
"2015/06/18","45.6200","318395.0000","45.5200","45.8500","45.5200"
"2015/06/17","45.4900","946808.0000","45.1200","45.6300","44.9800"
"2015/06/16","45.2500","220547.0000","45.0100","45.2500","44.9800"
"2015/06/15","45.0100","370076.0000","45.0100","45.0699","44.9000"
"2015/06/12","45.1000","199687.0000","44.9900","45.2650","44.9395"
"2015/06/11","45.2500","324843.0000","45.1200","45.3090","45.1001"
"2015/06/10","44.9700","265350.0000","44.7400","45.0297","44.7100"
"2015/06/09","44.3700","184016.0000","44.3900","44.4200","44.2232"
"2015/06/08","44.5900","259154.0000","44.5300","44.6000","44.4000"
"2015/06/05","44.5900","471647.0000","44.4600","44.8100","44.4500"
"2015/06/04","44.9200","628373.0000","45.0600","45.1700","44.8650"
"2015/06/03","45.8600","1057731.0000","45.7400","46.0501","45.7400"
"2015/06/02","45.8100","234865.0000","45.5300","45.9320","45.4500"
"2015/06/01","45.7100","612089.0000","45.8900","46.0000","45.6210"
"2015/05/29","46.0300","504050.0000","46.1600","46.2000","45.9800"
"2015/05/28","45.9900","194284.0000","45.9500","46.0514","45.7168"
"2015/05/27","46.6300","242725.0000","46.5000","46.6700","46.3800"
"2015/05/26","46.7500","279377.0000","47.0400","47.1200","46.7201"
"2015/05/22","46.8400","149478.0000","46.7900","46.8800","46.7600"
"2015/05/21","46.9100","272749.0000","46.7100","46.9299","46.6700"
"2015/05/20","46.5200","253663.0000","46.5000","46.7200","46.3400"
"2015/05/19","46.7300","186370.0000","46.7000","46.8500","46.6147"
"2015/05/18","47.2700","283519.0000","47.1800","47.3400","47.1300"
"2015/05/15","47.9500","363400.0000","47.6500","47.9500","47.5900"
"2015/05/14","47.5900","435248.0000","47.7400","47.7600","47.5228"
"2015/05/13","47.2700","595104.0000","47.3000","47.5000","47.2600"
"2015/05/12","46.7600","371360.0000","46.4900","46.8200","46.4200"
"2015/05/11","46.1200","763066.0000","46.2900","46.3800","46.1000"
"2015/05/08","46.8400","1729683.0000","46.7500","46.8600","46.5300"
"2015/05/07","46.3500","2076291.0000","46.4400","46.5000","46.2100"
"2015/05/06","46.7400","447849.0000","47.1900","47.2800","46.6200"
"2015/05/05","47.4100","576425.0000","47.5400","47.6200","47.3128"
"2015/05/04","47.7000","991548.0000","47.5600","47.7800","47.4600"
"2015/05/01","47.6000","426852.0000","47.5200","47.6200","47.3600"
"2015/04/30","47.3200","266775.0000","47.3300","47.4151","47.1400"
"2015/04/29","47.9800","1022322.0000","47.8900","48.0854","47.7900"
"2015/04/28","48.7300","464315.0000","48.3800","48.7700","48.3800"
"2015/04/27","48.2200","827352.0000","48.2700","48.5400","48.2102"
"2015/04/24","48.0500","371773.0000","47.9700","48.0900","47.8600"
"2015/04/23","47.2200","300851.0000","46.8100","47.2600","46.7800"
"2015/04/22","46.9800","215875.0000","46.9400","47.0000","46.7500"
"2015/04/21","46.8600","273885.0000","46.9600","47.1000","46.8300"
"2015/04/20","46.8100","641834.0000","46.8500","46.9500","46.7501"
"2015/04/17","46.9300","779478.0000","46.9100","47.0000","46.7000"
"2015/04/16","47.6900","274701.0000","47.4900","47.8583","47.4400"
"2015/04/15","47.3400","341184.0000","47.0200","47.4600","46.9266"
"2015/04/14","47.2600","165345.0000","47.1800","47.3500","47.0101"
"2015/04/13","46.9900","484110.0000","47.1500","47.3300","46.9400"
"2015/04/10","47.5100","322189.0000","47.3900","47.5300","47.3000"
"2015/04/09","47.5600","564606.0000","47.3300","47.6800","47.1800"
"2015/04/08","47.0000","1187963.0000","46.9400","47.2200","46.8500"
"2015/04/07","46.2100","436919.0000","46.3200","46.4367","46.1600"
"2015/04/06","46.0600","554170.0000","45.6100","46.3900","45.5700"
"2015/04/02","45.7500","300351.0000","45.6400","45.8500","45.5600"
"2015/04/01","45.6000","482393.0000","45.6400","45.7130","45.4500"
"2015/03/31","45.3600","415472.0000","45.3800","45.5600","45.2601"
"2015/03/30","45.8300","379785.0000","45.8400","45.9336","45.7700"
"2015/03/27","46.0300","823061.0000","46.1800","46.2400","45.9701"
"2015/03/26","46.2000","415997.0000","46.3200","46.4100","46.0400"
"2015/03/25","46.3700","204556.0000","46.8100","46.9400","46.3600"
"2015/03/24","46.6900","942105.0000","46.7400","46.8200","46.6300"
"2015/03/23","46.6300","404402.0000","46.4200","46.7000","46.3400"
"2015/03/20","46.3700","1199871.0000","46.0800","46.4664","46.0300"
"2015/03/19","45.4900","381561.0000","45.6100","45.6200","45.3210"
"2015/03/18","45.6800","405532.0000","44.6700","45.7600","44.6200"
"2015/03/17","44.6300","754297.0000","44.5600","44.7340","44.5000"
"2015/03/16","44.8800","226902.0000","44.6900","44.9300","44.6900"
"2015/03/13","44.4400","356823.0000","44.5900","44.5900","44.1800"
"2015/03/12","45.1500","588190.0000","45.1400","45.2127","45.0000"
"2015/03/11","44.3100","749109.0000","44.5100","44.5100","44.2335"
"2015/03/10","44.3400","420751.0000","44.7300","44.7650","44.3400"
"2015/03/09","45.3100","190870.0000","45.4100","45.4100","45.2300"
"2015/03/06","45.3300","264506.0000","45.7200","45.7300","45.2900"
"2015/03/05","45.9200","1030185.0000","46.0700","46.0700","45.8200"
"2015/03/04","46.2200","252981.0000","46.2500","46.2800","46.0200"
"2015/03/03","46.4700","322285.0000","46.5000","46.5700","46.3900"
"2015/03/02","46.4500","415777.0000","46.4000","46.4632","46.3000"
"2015/02/27","46.3600","376069.0000","46.3200","46.4397","46.2200"
"2015/02/26","46.1900","330599.0000","46.4900","46.5100","46.1111"
"2015/02/25","46.5700","266570.0000","46.7700","46.7700","46.5400"
"2015/02/24","46.4600","491382.0000","46.1500","46.5350","46.0500"
"2015/02/23","46.1100","171808.0000","46.1300","46.1800","46.0100"
"2015/02/20","46.3200","205690.0000","46.0000","46.3599","45.9200"
"2015/02/19","46.1000","227506.0000","46.0600","46.3050","46.0101"
"2015/02/18","46.2700","321272.0000","46.0500","46.3800","46.0100"
"2015/02/17","46.0800","328142.0000","46.0000","46.1250","45.8400"
"2015/02/13","45.9200","269529.0000","45.6600","46.0100","45.6600"
"2015/02/12","45.2800","425331.0000","45.0000","45.3400","44.9101"
"2015/02/11","45.1300","311551.0000","45.1900","45.2500","44.9200"
"2015/02/10","45.5800","145533.0000","45.5500","45.6200","45.3801"
"2015/02/09","45.4700","493172.0000","45.5400","45.7400","45.4200"
"2015/02/06","45.5900","421544.0000","45.4900","45.7600","45.4900"
"2015/02/05","45.8600","553389.0000","45.5000","45.8600","45.5000"
"2015/02/04","45.3600","309952.0000","45.4200","45.6400","45.2900"
"2015/02/03","45.5400","296621.0000","44.8900","45.6900","44.8900"
"2015/02/02","44.9800","285175.0000","44.7500","45.0000","44.6200"
"2015/01/30","44.1500","222822.0000","44.2100","44.4900","44.1500"
"2015/01/29","44.5500","343605.0000","44.3300","44.5500","44.1200"
"2015/01/28","44.2600","319969.0000","44.8500","44.9800","44.2600"
"2015/01/27","44.5900","296150.0000","44.4900","44.6700","44.3900"
"2015/01/26","44.4800","389166.0000","44.3500","44.5329","44.2440"
"2015/01/23","44.2800","570667.0000","44.4200","44.4796","44.2600"
"2015/01/22","44.5500","454403.0000","44.6100","44.6999","44.3500"
"2015/01/21","44.4000","287909.0000","44.3900","44.6000","44.2500"
"2015/01/20","43.9500","473636.0000","44.1000","44.2050","43.8000"
"2015/01/16","44.4600","634606.0000","43.8600","44.4800","43.7600"
"2015/01/15","44.1200","350739.0000","44.3100","44.4700","44.0000"
"2015/01/14","43.8400","528565.0000","43.6800","43.9100","43.5100"
"2015/01/13","44.2300","446023.0000","44.3200","44.5600","43.9200"
"2015/01/12","44.0200","361371.0000","44.2400","44.2700","43.9601"
"2015/01/09","44.3400","375956.0000","44.4200","44.5200","44.2000"
"2015/01/08","44.0800","402670.0000","43.9000","44.1600","43.7500"
"2015/01/07","43.6000","512830.0000","43.3700","43.6300","43.2300"
"2015/01/06","43.1200","549932.0000","43.0600","43.4700","42.9200"
"2015/01/05","43.4400","775814.0000","43.7300","43.8100","43.3350"
"2015/01/02","43.8400","401489.0000","44.0700","44.1524","43.7800"
"2014/12/31","43.9500","436304.0000","44.2800","44.4000","43.9500"
"2014/12/30","44.2900","428680.0000","44.4000","44.4700","44.2800"
"2014/12/29","44.5800","452331.0000","44.5700","44.7600","44.5650"
"2014/12/26","44.1600","187329.0000","44.1200","44.2350","44.0501"
"2014/12/24","43.9000","259643.0000","43.9800","44.0100","43.8500"
"2014/12/23","43.7700","477868.0000","43.8400","43.9500","43.7500"
"2014/12/22","44.1700","1607269.0000","44.0700","44.2200","44.0337"
"2014/12/19","43.7700","672446.0000","43.4700","43.8300","43.4500"
"2014/12/18","43.3300","860248.0000","43.1500","43.3850","43.0000"
"2014/12/17","42.7400","755120.0000","42.9800","43.1600","42.3600"
"2014/12/16","43.6300","654694.0000","43.6300","44.1451","43.5700"
"2014/12/15","43.8000","2460349.0000","44.3500","44.3800","43.8000"
"2014/12/12","44.2900","571581.0000","44.6500","44.7000","44.2800"
"2014/12/11","44.7700","565329.0000","44.7700","45.0800","44.7100"
"2014/12/10","44.7700","575038.0000","45.1800","45.1800","44.6500"
"2014/12/09","45.2000","458012.0000","45.1000","45.2200","44.8400"
"2014/12/08","45.5100","549215.0000","45.6100","45.7900","45.4900"
"2014/12/05","45.9600","460900.0000","45.9600","46.0200","45.8100"
"2014/12/04","46.0700","325360.0000","46.2200","46.2800","46.0550"
"2014/12/03","46.0800","430169.0000","46.0500","46.1790","45.9800"
"2014/12/02","46.0400","509798.0000","45.9000","46.0800","45.8700"
"2014/12/01","45.7000","512842.0000","45.6000","45.7500","45.3700"
"2014/11/28","46.5500","331666.0000","46.6800","46.7100","46.5200"
"2014/11/26","47.4000","300576.0000","47.2300","47.4000","47.1300"
"2014/11/25","46.9100","1221371.0000","46.8100","46.9400","46.7900"
"2014/11/24","47.1000","333329.0000","47.1400","47.2000","47.0400"
"2014/11/21","47.3600","466210.0000","47.4700","47.5992","47.2800"
"2014/11/20","46.7400","369995.0000","46.4400","46.8251","46.3600"
"2014/11/19","46.9800","456341.0000","47.0400","47.2100","46.9156"
"2014/11/18","47.7700","254917.0000","47.7100","47.8500","47.6400"
"2014/11/17","47.9000","229453.0000","47.9100","47.9600","47.7800"
"2014/11/14","48.5400","347428.0000","48.0500","48.5400","48.0500"
"2014/11/13","48.0600","347370.0000","48.1300","48.2410","47.9800"
"2014/11/12","48.0500","264459.0000","48.0100","48.1400","47.9700"
"2014/11/11","48.1900","819645.0000","48.0000","48.2500","47.9500"
"2014/11/10","48.0400","307378.0000","48.1600","48.2700","47.9644"
"2014/11/07","47.9100","666332.0000","47.7500","47.9400","47.7200"
"2014/11/06","47.5000","797657.0000","47.7500","47.7500","47.4900"
"2014/11/05","47.6500","639486.0000","47.6600","47.6900","47.4400"
"2014/11/04","48.0600","435014.0000","47.9500","48.1000","47.8700"
"2014/11/03","47.8700","3076344.0000","48.2100","48.2100","47.8200"
"2014/10/31","48.6000","345346.0000","48.6100","48.6100","48.4300"
"2014/10/30","48.2700","348633.0000","47.9200","48.3700","47.9100"
"2014/10/29","47.7400","658926.0000","48.3800","48.4200","47.6000"
"2014/10/28","48.3300","632116.0000","48.0600","48.3300","48.0400"
"2014/10/27","47.5700","7044254.0000","47.6200","47.7200","47.4901"
"2014/10/24","47.7700","193004.0000","47.6400","47.7900","47.6300"
"2014/10/23","47.4800","393249.0000","47.4600","47.6299","47.4300"
"2014/10/22","47.1700","358850.0000","47.2800","47.5199","47.1400"
"2014/10/21","47.3200","301479.0000","47.1600","47.3800","47.1100"
"2014/10/20","47.0100","1920170.0000","46.6400","47.0600","46.6118"
"2014/10/17","46.7000","311221.0000","46.7400","46.9100","46.6100"
"2014/10/16","46.2200","449667.0000","45.6200","46.5820","45.5900"
"2014/10/15","46.1800","1868193.0000","46.0500","46.2500","45.2900"
"2014/10/14","45.8100","467478.0000","45.8600","46.1500","45.6700"
"2014/10/13","45.5800","1123839.0000","45.9500","46.0800","45.5600"
"2014/10/10","45.2400","604346.0000","46.0800","46.0800","45.2100"
"2014/10/09","46.2900","666707.0000","46.9900","47.0499","46.2800"
"2014/10/08","46.9900","2715547.0000","46.1200","47.0100","45.9700"
"2014/10/07","46.1500","357285.0000","46.4800","46.5000","46.1500"
"2014/10/06","46.5700","2020148.0000","46.4800","46.7200","46.3700"
"2014/10/03","46.1700","336525.0000","46.2000","46.2900","46.0200"
"2014/10/02","46.1300","1319055.0000","46.0300","46.1950","45.6000"
"2014/10/01","45.9400","1286727.0000","46.1500","46.2600","45.9040"
"2014/09/30","46.0700","417603.0000","45.9900","46.1710","45.8999"
"2014/09/29","45.9500","1309861.0000","46.0500","46.7600","45.8900"
"2014/09/26","46.8900","333826.0000","46.7700","46.9900","46.7663"
"2014/09/25","46.8000","344657.0000","47.2700","47.3400","46.8000"
"2014/09/24","47.9700","324503.0000","47.6700","47.9956","47.6034"
"2014/09/23","47.6400","572279.0000","47.5700","47.7402","47.4900"
"2014/09/22","47.5400","531969.0000","47.7900","47.8100","47.3950"
"2014/09/19","48.1900","149956.0000","48.5800","48.5800","48.1700"
"2014/09/18","48.5290","264805.0000","48.4800","48.5800","48.4000"
"2014/09/17","48.3100","289539.0000","48.7500","48.7900","48.2200"
"2014/09/16","49.3200","982294.0000","48.7000","49.4500","48.6200"
"2014/09/15","49.0000","1285277.0000","49.2500","49.3300","48.9400"
"2014/09/12","49.5700","282684.0000","49.8000","49.8100","49.4800"
"2014/09/11","50.0200","261109.0000","50.0000","50.0900","49.8900"
"2014/09/10","50.5700","242873.0000","50.4300","50.5800","50.2500"
"2014/09/09","50.6500","773297.0000","50.9100","51.0000","50.5200"
"2014/09/08","50.8700","156259.0000","51.2100","51.2800","50.8241"
"2014/09/05","51.5200","323509.0000","51.3200","51.5200","51.1900"
"2014/09/04","51.6200","349743.0000","51.8800","51.9400","51.5000"
"2014/09/03","51.7400","239000.0000","51.7800","51.8400","51.6650"
"2014/09/02","51.1900","2023746.0000","51.1000","51.2700","51.0800"
"2014/08/29","51.1200","717559.0000","51.3000","51.3000","51.0900"
"2014/08/28","51.3000","228778.0000","51.3000","51.3100","51.1800"
"2014/08/27","51.4800","199696.0000","51.5000","51.5300","51.4350"
"2014/08/26","51.3400","191110.0000","51.3500","51.4799","51.3300"
"2014/08/25","51.3500","153217.0000","51.3300","51.4050","51.3000"
"2014/08/22","51.2300","264902.0000","51.3300","51.4100","51.1600"
"2014/08/21","51.3400","256014.0000","51.3500","51.4199","51.2900"
"2014/08/20","51.5100","857911.0000","51.3900","51.6800","51.3701"
"2014/08/19","51.2300","1115514.0000","51.2100","51.2999","51.1100"
"2014/08/18","51.0000","355393.0000","50.8000","51.0199","50.7800"
"2014/08/15","50.7100","390188.0000","50.6700","50.8068","50.4000"
"2014/08/14","50.7700","213884.0000","50.6000","50.7700","50.5601"
"2014/08/13","50.4900","178087.0000","50.4200","50.5300","50.4100"
"2014/08/12","50.1400","175407.0000","50.0700","50.1700","50.0000"
"2014/08/11","49.9000","252342.0000","49.8600","49.9400","49.7801"
"2014/08/08","49.7400","419600.0000","49.6100","49.7900","49.4900"
"2014/08/07","49.7400","390496.0000","50.0300","50.0650","49.6600"
"2014/08/06","50.2200","517742.0000","49.9900","50.3600","49.9900"
"2014/08/05","50.0400","1046123.0000","50.3200","50.3500","49.9700"
"2014/08/04","50.6500","287549.0000","50.3800","50.7000","50.3200"
"2014/08/01","50.4700","932326.0000","50.5200","50.6500","50.3200"
"2014/07/31","50.6400","569472.0000","51.0200","51.0200","50.6100"
"2014/07/30","51.1300","220681.0000","51.1500","51.3000","50.9600"
"2014/07/29","51.0700","705710.0000","51.1600","51.2200","51.0500"
"2014/07/28","50.9900","399647.0000","50.9600","50.9950","50.7000"
"2014/07/25","50.8500","145656.0000","51.0000","51.0000","50.7520"
"2014/07/24","51.0400","353546.0000","51.1300","51.1300","50.9800"
"2014/07/23","51.0800","151831.0000","51.0000","51.0900","50.9800"
"2014/07/22","50.5900","158516.0000","50.5800","50.6900","50.5800"
"2014/07/21","50.2200","179864.0000","50.1900","50.2900","50.0600"
"2014/07/18","50.3300","166192.0000","50.0800","50.3790","50.0800"
"2014/07/17","49.7200","145466.0000","50.1300","50.2000","49.7200"
"2014/07/16","50.2400","160004.0000","50.1000","50.2600","50.1000"
"2014/07/15","49.9700","229285.0000","50.0000","50.0900","49.7800"
"2014/07/14","50.2000","154045.0000","50.2800","50.2800","50.1500"
"2014/07/11","50.0000","315101.0000","49.8600","50.0400","49.8550"
"2014/07/10","49.5800","214113.0000","49.1600","49.6000","48.9700"
"2014/07/09","49.7400","347559.0000","49.5800","49.8045","49.5600"
"2014/07/08","49.8800","556975.0000","49.9900","49.9900","49.7500"
"2014/07/07","50.0500","486954.0000","49.9400","50.0500","49.9400"
"2014/07/03","50.0400","576749.0000","49.8100","50.0800","49.7500"
"2014/07/02","50.0000","812725.0000","49.8100","50.0390","49.8100"
"2014/07/01","49.5000","955043.0000","49.2000","49.5400","49.1600"
"2014/06/30","49.2500","683548.0000","49.2600","49.3900","49.1400"
"2014/06/27","49.7300","178879.0000","49.5400","49.7300","49.4300"
"2014/06/26","49.6700","286864.0000","49.4700","49.6700","49.3900"
"2014/06/25","49.0500","383945.0000","48.7900","49.0700","48.7700"
"2014/06/24","49.5400","899140.0000","49.8900","49.9800","49.5350"
"2014/06/23","50.0400","391453.0000","49.9900","50.0500","49.9000"
"2014/06/20","49.9400","418956.0000","50.1000","50.1000","49.8700"
"2014/06/19","50.1600","583358.0000","50.2600","50.2600","50.0800"
"2014/06/18","49.8500","404425.0000","49.3500","49.8500","49.2600"
"2014/06/17","49.5300","294848.0000","49.4700","49.5800","49.3000"
"2014/06/16","49.9600","261689.0000","49.9600","50.1400","49.8656"
"2014/06/13","50.0000","277379.0000","50.0200","50.0500","49.9000"
"2014/06/12","49.8600","293698.0000","50.3000","50.3000","49.8100"
"2014/06/11","50.0100","249111.0000","50.1200","50.1200","50.0100"
"2014/06/10","50.3100","299092.0000","50.3600","50.3600","50.1101"
"2014/06/09","50.4300","3662650.0000","50.2100","50.4400","50.1500"
"2014/06/06","50.0400","581284.0000","49.9700","50.1030","49.9100"
"2014/06/05","49.9700","288123.0000","49.8100","50.0600","49.6400"
"2014/06/04","49.7000","414799.0000","49.7000","49.7000","49.6100"
"2014/06/03","49.9300","230432.0000","49.9000","50.1600","49.8341"
"2014/06/02","50.0500","1095770.0000","49.9800","50.1299","49.9500"
"2014/05/30","50.0500","799135.0000","50.0900","50.1300","50.0110"
"2014/05/29","50.3000","347279.0000","50.0900","50.3200","50.0900"
"2014/05/28","49.8500","313196.0000","49.9100","49.9100","49.7600"
"2014/05/27","50.0000","354938.0000","49.9200","50.0400","49.8500"
"2014/05/23","49.8200","249883.0000","49.8900","49.9100","49.8200"
"2014/05/22","49.6400","269093.0000","49.6600","49.6900","49.5800"
"2014/05/21","49.4200","263937.0000","49.2000","49.4600","49.2000"
"2014/05/20","49.0400","335997.0000","49.3900","49.3900","49.0200"
"2014/05/19","49.5900","329550.0000","49.5800","49.6500","49.5200"
"2014/05/16","50.0000","1468822.0000","49.9500","50.1200","49.8700"
"2014/05/15","49.8500","361043.0000","50.0300","50.0560","49.6501"
"2014/05/14","49.8700","578292.0000","49.9500","50.0790","49.8100"
"2014/05/13","49.7800","952888.0000","50.0000","50.0400","49.7200"
"2014/05/12","49.7000","2908666.0000","49.4300","49.7500","49.4101"
"2014/05/09","49.3500","326006.0000","49.2500","49.6900","49.1900"
"2014/05/08","49.2600","308779.0000","49.2900","49.5100","49.2300"
"2014/05/07","49.2300","765883.0000","49.2000","49.3100","48.9400"
"2014/05/06","49.2700","458553.0000","49.3700","49.4900","49.2500"
"2014/05/05","49.1500","362331.0000","48.9000","49.1900","48.7800"
"2014/05/02","49.2100","413154.0000","49.1000","49.3500","49.0200"
"2014/05/01","49.1400","1368191.0000","49.0700","49.1796","48.8600"
"2014/04/30","49.3900","740141.0000","49.0800","49.3900","49.0800"
"2014/04/29","49.4500","318628.0000","49.3500","49.6900","49.3500"
"2014/04/28","49.5900","927758.0000","49.6500","49.9000","49.2600"
"2014/04/25","49.2300","249715.0000","49.3500","49.5000","49.1500"
"2014/04/24","49.5300","301472.0000","49.7400","49.7400","49.4700"
"2014/04/23","49.6100","153716.0000","49.5200","49.6651","49.4101"
"2014/04/22","49.8800","353163.0000","49.9900","50.0000","49.7900"
"2014/04/21","49.6000","383710.0000","49.6900","49.9500","49.5000"
"2014/04/17","49.6500","894661.0000","49.5300","49.7100","49.5100"
"2014/04/16","49.5400","554387.0000","49.3400","49.5900","49.2701"
"2014/04/15","49.1100","460877.0000","49.0600","49.1700","48.7200"
"2014/04/14","49.4500","501494.0000","49.3200","49.6200","49.2500"
"2014/04/11","49.3600","359297.0000","49.2300","49.6400","49.2300"
"2014/04/10","49.4200","1350745.0000","49.8800","49.8900","49.4200"
"2014/04/09","49.8600","511065.0000","49.7500","49.9400","49.4400"
"2014/04/08","49.1700","670937.0000","49.0000","49.2150","48.8000"
"2014/04/07","48.4300","2440653.0000","48.6500","48.6500","48.3600"
"2014/04/04","48.4500","388169.0000","48.7500","49.0020","48.4100"
"2014/04/03","48.4000","622941.0000","48.5200","48.5600","48.2900"
"2014/04/02","48.5200","780459.0000","48.3900","48.5700","48.3400"
"2014/04/01","48.3900","613623.0000","48.2800","48.4000","48.2000"
"2014/03/31","48.0900","658827.0000","47.8500","48.1600","47.8500"
"2014/03/28","47.8000","288696.0000","47.5800","47.8800","47.5800"
"2014/03/27","47.4700","355902.0000","47.2900","47.5600","47.2200"
"2014/03/26","47.2700","404620.0000","47.5600","47.6600","47.2570"
"2014/03/25","47.1600","458663.0000","46.9300","47.2600","46.5500"
"2014/03/24","46.5900","2309330.0000","46.7200","46.9000","46.4500"
"2014/03/21","46.3900","293317.0000","46.3700","46.6700","46.3282"
"2014/03/20","46.0900","885630.0000","45.6500","46.1800","45.6500"
"2014/03/19","46.3300","671719.0000","46.9700","46.9700","46.1000"
"2014/03/18","47.0300","332508.0000","46.9800","47.1100","46.8400"
"2014/03/17","46.7600","1119657.0000","46.5900","46.8400","46.5900"
"2014/03/14","46.2000","398036.0000","46.2800","46.4400","46.1300"
"2014/03/13","46.4500","396398.0000","47.0400","47.1100","46.3040"
"2014/03/12","46.7400","242933.0000","46.4900","46.7800","46.3700"
"2014/03/11","46.7900","406905.0000","47.2900","47.4153","46.7200"
"2014/03/10","47.2000","2187262.0000","47.3500","47.3500","46.9301"
"2014/03/07","47.6600","495364.0000","47.9100","47.9700","47.4445"
"2014/03/06","47.8900","295833.0000","47.5800","48.0760","47.5800"
"2014/03/05","47.3000","700199.0000","47.1900","47.3650","47.1900"
"2014/03/04","47.3100","166970.0000","47.1800","47.3400","47.1800"
"2014/03/03","46.6000","1287320.0000","46.6400","46.7800","46.4550"
"2014/02/28","46.9500","305236.0000","46.9900","47.1800","46.8000"
"2014/02/27","47.1600","219621.0000","46.8900","47.1800","46.8600"
"2014/02/26","46.8900","352034.0000","46.9600","47.0700","46.7200"
"2014/02/25","46.9300","474961.0000","47.2800","47.2800","46.9100"
"2014/02/24","47.3100","484487.0000","47.2000","47.5900","47.1900"
"2014/02/21","46.9100","424940.0000","46.9700","47.0500","46.8200"
"2014/02/20","47.0500","332517.0000","46.6800","47.1200","46.6400"
"2014/02/19","46.6300","1192454.0000","46.8700","47.0300","46.6100"
"2014/02/18","46.7400","2238025.0000","46.6700","46.8300","46.6000"
"2014/02/14","46.6200","324850.0000","46.3600","46.6670","46.3600"
"2014/02/13","46.0600","279237.0000","45.6500","46.1700","45.4700"
"2014/02/12","46.0700","309895.0000","46.1000","46.2900","45.9800"
"2014/02/11","45.8300","333635.0000","45.4500","45.9200","45.3300"
"2014/02/10","44.7600","341067.0000","44.7200","44.8050","44.6886"
"2014/02/07","44.9200","359873.0000","44.6600","44.9400","44.5900"
"2014/02/06","44.6500","1735931.0000","44.3600","44.6668","44.2350"
"2014/02/05","43.6500","2247135.0000","43.7100","43.7500","43.3544"
"2014/02/04","44.0500","1128000.0000","43.7400","44.1300","43.7400"
"2014/02/03","43.1200","5818743.0000","43.9400","44.1060","43.0820"
"2014/01/31","43.8700","637233.0000","43.5100","44.0600","43.5100"
"2014/01/30","44.3000","546808.0000","44.2600","44.3400","44.1500"
"2014/01/29","43.7800","2017404.0000","43.8600","44.0656","43.6550"
"2014/01/28","44.3800","672768.0000","44.3200","44.4000","44.1800"
"2014/01/27","44.0000","1261718.0000","44.1200","44.2500","43.7400"
"2014/01/24","43.9100","891669.0000","44.4700","44.4700","43.9100"
"2014/01/23","44.8600","488520.0000","45.3700","45.5000","44.6800"
"2014/01/22","45.8500","534696.0000","46.0000","46.0000","45.7300"
"2014/01/21","45.8100","480294.0000","46.0000","46.0400","45.6300"
"2014/01/17","45.7100","637090.0000","46.0300","46.0300","45.6682"
"2014/01/16","45.7200","360243.0000","45.7400","45.8100","45.6202"
"2014/01/15","45.8100","465674.0000","45.8000","45.9300","45.7200"
"2014/01/14","45.8900","448785.0000","45.8200","45.9684","45.6816"
"2014/01/13","46.1000","301249.0000","46.3600","46.5200","46.0300"
"2014/01/10","46.5400","366368.0000","46.2800","46.5899","46.1200"
"2014/01/09","46.0800","579512.0000","46.2200","46.2200","45.9300"
"2014/01/08","46.1500","749840.0000","46.2200","46.3600","46.0500"
"2014/01/07","46.3000","1406485.0000","46.2610","46.3200","46.1300"
"2014/01/06","46.2000","3268849.0000","46.2700","46.3600","46.1900"
"2014/01/03","46.4200","346763.0000","46.7200","46.7200","46.4000"
"2014/01/02","46.3000","1005501.0000","46.5700","46.5700","46.2400"
"2013/12/31","46.7300","381753.0000","46.6900","46.7599","46.6000"
"2013/12/30","46.4700","410993.0000","46.5200","46.5500","46.3901"
"2013/12/27","46.4100","596039.0000","46.5300","46.5800","46.3300"
"2013/12/26","46.4600","174355.0000","46.4900","46.4900","46.2700"
"2013/12/24","46.5800","278240.0000","46.3800","46.5800","46.2800"
"2013/12/23","46.3000","518261.0000","46.2500","46.4500","46.2200"
"2013/12/20","45.8400","689698.0000","45.7700","45.8862","45.6100"
"2013/12/19","45.3100","806464.0000","45.1500","45.3600","45.0700"
"2013/12/18","45.1500","2062693.0000","44.9500","45.4300","44.4100"
"2013/12/17","45.7600","1978579.0000","45.9500","45.9500","45.6400"
"2013/12/16","46.1200","1083155.0000","46.1300","46.3400","46.1101"
"2013/12/13","45.8300","731075.0000","45.7000","45.9200","45.6600"
"2013/12/12","45.4500","1601822.0000","45.7000","45.7000","45.3300"
"2013/12/11","46.0000","542171.0000","46.5400","46.5700","46.0000"
"2013/12/10","46.8700","352592.0000","46.8600","46.9400","46.7500"
"2013/12/09","46.9300","435733.0000","46.9800","46.9999","46.8400"
"2013/12/06","47.3800","634702.0000","47.3700","47.4700","47.1800"
"2013/12/05","47.0500","660686.0000","47.0100","47.1700","46.9100"
"2013/12/04","47.5900","329297.0000","47.4500","47.6900","47.2500"
"2013/12/03","47.6500","939761.0000","47.6600","47.7600","47.4600"
"2013/12/02","47.7100","728154.0000","47.8400","47.9500","47.6500"
"2013/11/29","48.0800","627779.0000","48.1800","48.4200","48.0800"
"2013/11/27","48.3100","594188.0000","48.1900","48.3300","48.1600"
"2013/11/26","48.3800","485337.0000","48.2500","48.4300","48.1000"
"2013/11/25","48.3400","268467.0000","48.5400","48.5400","48.3050"
"2013/11/22","48.5300","970611.0000","48.3800","48.5900","48.2300"
"2013/11/21","48.5300","839532.0000","48.4300","48.5600","48.3900"
"2013/11/20","48.6100","419794.0000","49.0100","49.1200","48.5100"
"2013/11/19","49.2100","523049.0000","49.3100","49.3499","49.0900"
"2013/11/18","49.3800","390996.0000","49.6200","49.7600","49.2801"
"2013/11/15","49.3800","792745.0000","49.1800","49.4000","49.1600"
"2013/11/14","48.7700","764626.0000","48.4600","48.7700","48.3600"
"2013/11/13","48.5900","454283.0000","48.3500","48.5900","48.2121"
"2013/11/12","48.7100","597853.0000","48.8400","48.9300","48.5900"
"2013/11/11","49.2000","221461.0000","49.1500","49.3300","49.1500"
"2013/11/08","49.5300","1579318.0000","49.3200","49.5900","49.2200"
"2013/11/07","49.3400","652842.0000","49.9600","49.9700","49.3100"
"2013/11/06","50.0300","453984.0000","50.0200","50.1100","49.9000"
"2013/11/05","49.7200","504026.0000","49.7000","49.8252","49.5626"
"2013/11/04","49.9000","378295.0000","49.6400","49.9100","49.6400"
"2013/11/01","49.7400","956081.0000","49.6300","49.8100","49.4900"
"2013/10/31","49.7200","341981.0000","49.9800","50.0500","49.7200"
"2013/10/30","49.7500","395410.0000","50.0000","50.1400","49.4900"
"2013/10/29","49.8400","438848.0000","49.8600","49.9350","49.8000"
"2013/10/28","50.1500","2834283.0000","50.0800","50.2750","49.9800"
"2013/10/25","50.1500","478514.0000","49.9900","50.1500","49.9900"
"2013/10/24","49.9500","342722.0000","49.8600","49.9900","49.7600"
"2013/10/23","49.9000","635280.0000","49.9600","49.9900","49.7000"
"2013/10/22","50.6000","445966.0000","50.6200","50.7600","50.3900"
"2013/10/21","50.0700","270984.0000","50.1700","50.1700","50.0200"
"2013/10/18","50.1600","418795.0000","50.1200","50.1850","49.9500"
"2013/10/17","49.6000","494419.0000","49.1800","49.6400","49.1800"
"2013/10/16","49.0900","533721.0000","48.9600","49.1700","48.8200"
"2013/10/15","48.6100","534435.0000","48.7800","48.8800","48.5100"
"2013/10/14","48.8800","304350.0000","48.3800","48.9200","48.3300"
"2013/10/11","48.7900","270442.0000","48.4200","48.8000","48.3300"
"2013/10/10","48.3500","678450.0000","47.8800","48.3600","47.8100"
"2013/10/09","47.5400","750331.0000","47.6900","47.6900","47.2500"
"2013/10/08","47.3600","355469.0000","47.8200","47.8600","47.3300"
"2013/10/07","47.5800","753068.0000","47.4700","47.8161","47.4282"
"2013/10/04","48.2900","2537792.0000","48.0300","48.4000","48.0300"
"2013/10/03","47.9400","586491.0000","48.1600","48.2400","47.7200"
"2013/10/02","48.1200","269673.0000","47.8200","48.1354","47.6500"
"2013/10/01","48.1100","607672.0000","47.8300","48.1100","47.7200"
"2013/09/30","47.6500","2089731.0000","47.7000","47.8200","47.5300"
"2013/09/27","48.1800","443139.0000","48.0400","48.2700","48.0400"
"2013/09/26","48.4300","453311.0000","48.4400","48.5800","48.2800"
"2013/09/25","48.1900","860308.0000","48.1700","48.3800","48.0700"
"2013/09/24","48.0800","641335.0000","48.2300","48.3135","47.9390"
"2013/09/23","48.3700","686754.0000","47.0400","48.4300","47.0400"
"2013/09/20","48.2100","643484.0000","48.6900","48.6900","48.2100"
"2013/09/19","48.7900","1056554.0000","49.2400","49.2400","48.7100"
"2013/09/18","49.1700","587723.0000","47.7500","49.2000","47.7500"
"2013/09/17","47.9000","263063.0000","47.7700","47.9200","47.7700"
"2013/09/16","47.5700","1285741.0000","47.8900","47.9000","47.5200"
"2013/09/13","47.0400","997087.0000","46.9100","47.1200","46.9100"
"2013/09/12","46.9400","911602.0000","47.0500","47.1900","46.9300"
"2013/09/11","47.4400","1478121.0000","47.0400","47.4400","47.0400"
"2013/09/10","47.2800","1363046.0000","47.0400","47.3000","47.0400"
"2013/09/09","46.8100","3809932.0000","46.1100","46.8100","46.1100"
"2013/09/06","46.1100","1429356.0000","46.1600","46.2800","45.8400"
"2013/09/05","45.8300","472478.0000","45.8200","45.9425","45.7400"
"2013/09/04","45.9300","671695.0000","45.6800","46.0400","45.5800"
"2013/09/03","45.4400","2299680.0000","45.7100","45.7200","45.3200"
"2013/08/30","44.3000","419618.0000","44.4800","44.5300","44.2200"
"2013/08/29","44.1900","252023.0000","44.2200","44.5000","44.1600"
"2013/08/28","44.1500","1371363.0000","43.9200","44.3400","43.8600"
"2013/08/27","44.2200","2480292.0000","44.4300","44.5500","44.1600"
"2013/08/26","44.7400","1734995.0000","45.0100","45.1400","44.7300"
"2013/08/23","44.9900","182604.0000","44.9200","45.0600","44.7700"
"2013/08/22","44.7000","526924.0000","44.7000","44.8000","44.5900"
"2013/08/21","44.3600","497051.0000","44.5800","44.8400","44.2200"
"2013/08/20","44.9700","556881.0000","44.9700","45.1200","44.8700"
"2013/08/19","45.3100","391500.0000","45.6500","45.7700","45.3100"
"2013/08/16","45.7700","385053.0000","45.8200","46.0000","45.6900"
"2013/08/15","45.7000","668396.0000","45.7400","45.8000","45.3601"
"2013/08/14","46.1200","607193.0000","46.1000","46.2502","46.0600"
"2013/08/13","46.1600","358295.0000","46.0600","46.2000","45.8300"
"2013/08/12","45.8200","1198716.0000","45.6500","45.9200","45.6500"
"2013/08/09","45.5000","326060.0000","45.2400","45.6400","45.2400"
"2013/08/08","45.3700","532300.0000","45.1300","45.5100","45.0239"
"2013/08/07","44.3300","667229.0000","44.3100","44.4700","44.2300"
"2013/08/06","44.9300","1377797.0000","44.9000","45.0000","44.7200"
"2013/08/05","45.0400","358383.0000","44.9100","45.0400","44.8400"
"2013/08/02","45.1800","313286.0000","44.9500","45.2200","44.9075"
"2013/08/01","44.9500","624436.0000","44.8700","45.1000","44.8300"
"2013/07/31","44.6500","1295633.0000","44.8000","45.0000","44.4800"
"2013/07/30","44.9600","696731.0000","45.1500","45.1800","44.8400"
"2013/07/29","45.4300","2974040.0000","45.4100","45.4800","45.3000"
"2013/07/26","45.7100","407133.0000","45.5300","45.7200","45.2000"
"2013/07/25","45.4700","1137770.0000","45.1100","45.5100","44.9901"
"2013/07/24","45.1100","651142.0000","45.5000","45.5300","44.9800"
"2013/07/23","45.3700","2299379.0000","45.1700","45.5100","45.1600"
"2013/07/22","45.0800","2143565.0000","44.9000","45.1800","44.8400"
"2013/07/19","44.6500","376306.0000","44.6000","44.6900","44.5800"
"2013/07/18","44.7200","381019.0000","44.6600","44.8000","44.5900"
"2013/07/17","44.8600","2076676.0000","45.0900","45.1600","44.7400"
"2013/07/16","44.8700","420610.0000","44.7300","44.8700","44.6400"
"2013/07/15","44.5500","647305.0000","44.2500","44.5600","44.2500"
"2013/07/12","44.2700","390515.0000","44.2100","44.3700","44.1800"
"2013/07/11","44.9200","1191897.0000","44.9000","44.9600","44.5401"
"2013/07/10","43.5100","1645373.0000","43.9000","44.1700","43.5100"
"2013/07/09","43.8300","3189497.0000","43.6300","43.9100","43.3400"
"2013/07/08","42.9900","1983814.0000","42.9500","43.1500","42.8400"
"2013/07/05","42.7600","734734.0000","43.2228","43.2228","42.4900"
"2013/07/03","42.4900","974757.0000","42.1300","42.6300","42.1300"
"2013/07/02","42.9800","562131.0000","43.1000","43.3800","42.8200"
"2013/07/01","42.8800","1589057.0000","42.7800","43.1070","42.7600"
"2013/06/28","43.0300","1115489.0000","43.2300","43.2700","42.9100"
"2013/06/27","43.6400","2038524.0000","43.6200","43.8850","43.5800"
"2013/06/26","44.1000","1864252.0000","44.2000","44.3500","43.9700"
"2013/06/25","43.6400","1052866.0000","43.4500","43.7379","43.1600"
"2013/06/24","42.7500","1476130.0000","42.7500","43.0501","42.2700"
"2013/06/21","43.2600","1340695.0000","43.4700","43.7700","42.7400"
"2013/06/20","42.7200","3056970.0000","43.7600","43.7600","42.5400"
"2013/06/19","44.7600","1136395.0000","45.9200","46.0100","44.7600"
"2013/06/18","45.9100","725238.0000","45.6600","46.0400","45.6000"
"2013/06/17","45.9400","460000.0000","45.8900","46.0800","45.6700"
"2013/06/14","45.1700","873980.0000","45.4000","45.6300","45.1400"
"2013/06/13","45.3900","583130.0000","44.7100","45.5000","44.6800"
"2013/06/12","44.2500","1532583.0000","44.7400","44.7800","44.1600"
"2013/06/11","44.3500","1485373.0000","44.0200","44.5400","44.0200"
"2013/06/10","44.9200","2825525.0000","45.1300","45.1700","44.8950"
"2013/06/07","45.3900","747696.0000","45.1000","45.4300","44.9700"
"2013/06/06","45.6500","2552587.0000","45.0800","45.6500","44.9300"
"2013/06/05","45.3500","2964398.0000","45.9100","45.9500","45.2700"
"2013/06/04","46.7300","1981809.0000","46.9000","47.0500","46.4700"
"2013/06/03","47.2200","2186899.0000","46.7300","47.2300","46.5810"
"2013/05/31","46.3480","1543377.0000","46.8200","46.9000","46.2900"
"2013/05/30","47.3600","1052324.0000","47.2000","47.5200","47.1500"
"2013/05/29","47.3800","794098.0000","47.4800","47.5000","47.1500"
"2013/05/28","47.7300","3298363.0000","48.2200","48.2200","47.6620"
"2013/05/24","47.6100","1503819.0000","47.7000","47.7000","47.4300"
"2013/05/23","48.8400","1149358.0000","48.4800","48.9662","48.3400"
"2013/05/22","49.2100","1316398.0000","49.6400","50.1900","49.0400"
"2013/05/21","50.0000","836924.0000","49.8500","50.2500","49.7200"
"2013/05/20","50.3800","443525.0000","50.1000","50.4100","50.1000"
"2013/05/17","49.8600","711911.0000","49.7200","49.9000","49.6400"
"2013/05/16","49.8500","1063580.0000","50.0000","50.2600","49.7800"
"2013/05/15","50.3600","678793.0000","50.4100","50.4100","50.1900"
"2013/05/14","50.6100","449194.0000","50.4400","50.7200","50.4400"
"2013/05/13","50.5600","616250.0000","50.6900","50.7100","50.5000"
"2013/05/10","50.8200","716479.0000","50.6200","50.8500","50.5357"
"2013/05/09","50.8900","598129.0000","51.3700","51.3700","50.7000"
"2013/05/08","51.4000","637077.0000","51.1800","51.4000","51.1700"
"2013/05/07","51.0300","978452.0000","51.0100","51.0500","50.7800"
"2013/05/06","51.2300","320832.0000","51.1200","51.2900","51.0350"
"2013/05/03","51.4800","532218.0000","51.0900","51.5300","51.0900"
"2013/05/02","51.0300","460282.0000","50.7400","51.0500","50.7400"
"2013/05/01","50.8300","1176387.0000","51.1900","51.3100","50.7600"
"2013/04/30","51.6000","651393.0000","51.4300","51.6550","51.1800"
"2013/04/29","51.2600","480588.0000","50.9200","51.3700","50.9200"
"2013/04/26","50.5500","1324950.0000","50.6700","50.6700","50.4250"
"2013/04/25","50.7400","758853.0000","50.7600","50.9800","50.6900"
"2013/04/24","50.4300","815053.0000","50.2200","50.5600","50.1900"
"2013/04/23","49.8200","2368738.0000","49.5500","49.8500","49.3900"
"2013/04/22","49.3300","818166.0000","49.0700","49.3500","48.8450"
"2013/04/19","49.0300","547856.0000","48.9600","49.1400","48.8800"
"2013/04/18","48.7400","675571.0000","49.1200","49.1200","48.5700"
"2013/04/17","48.9700","835316.0000","49.3100","49.3100","48.7000"
"2013/04/16","49.5100","798387.0000","49.3000","49.5400","49.1000"
"2013/04/15","48.4900","813305.0000","49.3000","49.4000","48.4900"
"2013/04/12","50.1400","547202.0000","50.1700","50.2450","49.8000"
"2013/04/11","50.3300","1191532.0000","50.3500","50.5594","50.2600"
"2013/04/10","50.0700","731066.0000","49.8200","50.2200","49.8200"
"2013/04/09","49.6600","726814.0000","49.4400","49.8600","49.3100"
"2013/04/08","48.9900","992051.0000","48.8600","48.9900","48.6300"
"2013/04/05","48.7100","1298835.0000","48.3600","48.7800","48.2600"
"2013/04/04","49.3500","849231.0000","49.2500","49.3875","49.0300"
"2013/04/03","49.3100","1203369.0000","49.7900","49.8705","49.2401"
"2013/04/02","49.8500","1012585.0000","49.9400","50.0500","49.7850"
"2013/04/01","49.5300","1313606.0000","49.6500","49.7900","49.4100"
"2013/03/28","49.7000","1052155.0000","49.5900","49.8500","49.5700"
"2013/03/27","49.7700","644451.0000","49.4500","49.7900","49.4400"
"2013/03/26","49.6500","471148.0000","49.5400","49.6900","49.4500"
"2013/03/25","49.2900","475030.0000","49.6400","49.6900","49.1000"
"2013/03/22","49.5600","577560.0000","49.2100","49.5600","49.2100"
"2013/03/21","49.0300","946621.0000","49.0800","49.2300","48.9150"
"2013/03/20","49.2200","1942413.0000","49.2400","49.2900","49.1200"
"2013/03/19","48.9800","1344171.0000","49.3000","49.3100","48.7650"
"2013/03/18","49.5800","1847863.0000","49.4900","49.8500","49.4600"
"2013/03/15","50.2100","524099.0000","50.2800","50.2800","50.0000"
"2013/03/14","49.8900","1842980.0000","49.7900","50.0000","49.7900"
"2013/03/13","49.9700","609446.0000","50.1000","50.1300","49.9138"
"2013/03/12","50.4000","1277077.0000","50.5100","50.5399","50.2600"
"2013/03/11","50.5400","528066.0000","50.3000","50.5700","50.2700"
"2013/03/08","50.3400","582724.0000","50.3700","50.4100","50.1800"
"2013/03/07","50.3000","608846.0000","50.2200","50.3900","50.1400"
"2013/03/06","50.1000","1256223.0000","50.1800","50.3000","49.9501"
"2013/03/05","49.9100","1703264.0000","49.6400","49.9500","49.6400"
"2013/03/04","49.3200","845530.0000","49.1400","49.3600","49.0300"
"2013/03/01","49.6400","877725.0000","49.5900","49.7668","49.4100"
"2013/02/28","49.6600","838061.0000","49.8400","49.9700","49.6300"
"2013/02/27","49.6600","888726.0000","49.1200","49.7300","49.0200"
"2013/02/26","49.0100","1000146.0000","48.9300","49.1200","48.6800"
"2013/02/25","48.9000","656823.0000","49.7600","49.8400","48.9000"
"2013/02/22","49.4700","1559881.0000","49.3800","49.4700","49.1300"
"2013/02/21","48.8600","2581154.0000","49.0100","49.0600","48.7100"
"2013/02/20","49.5700","416349.0000","50.1000","50.1200","49.5500"
"2013/02/19","50.2100","898401.0000","49.9200","50.2600","49.9200"
"2013/02/15","49.4700","610192.0000","49.7000","49.7000","49.3900"
"2013/02/14","49.6000","518263.0000","49.3900","49.6000","49.3900"
"2013/02/13","49.3300","367994.0000","49.3600","49.4600","49.2400"
"2013/02/12","48.9500","547943.0000","48.7500","49.0560","48.7500"
"2013/02/11","48.8800","456636.0000","48.8400","48.9300","48.7100"
"2013/02/08","48.9500","430210.0000","48.7300","48.9900","48.7300"
"2013/02/07","48.3100","2004418.0000","48.7300","48.7400","48.1500"
"2013/02/06","48.6500","1527976.0000","48.4700","48.6800","48.3210"
"2013/02/05","48.5700","1105507.0000","48.4800","48.7400","48.4600"
"2013/02/04","48.4900","526051.0000","48.8000","48.8200","48.4600"
"2013/02/01","49.0800","523721.0000","49.1300","49.1900","48.9700"
"2013/01/31","48.7900","680847.0000","48.8600","48.9215","48.7300"
"2013/01/30","48.8800","660696.0000","48.9000","49.0900","48.8300"
"2013/01/29","48.9900","1432882.0000","48.6600","49.0400","48.6600"
"2013/01/28","48.5500","871596.0000","48.6200","48.6200","48.4082"
"2013/01/25","48.7000","551393.0000","48.7500","48.7500","48.5000"
"2013/01/24","48.5200","521014.0000","48.5100","48.7300","48.4610"
"2013/01/23","48.4700","669081.0000","48.5300","48.5300","48.3700"
"2013/01/22","48.4700","347339.0000","48.3800","48.4710","48.2500"
"2013/01/18","48.2500","487636.0000","48.2000","48.3100","48.0350"
"2013/01/17","48.3100","413856.0000","48.3600","48.4800","48.2200"
"2013/01/16","48.0900","556771.0000","47.9500","48.1500","47.8600"
"2013/01/15","47.8000","378265.0000","47.6800","47.8500","47.6100"
"2013/01/14","47.7900","709152.0000","47.6100","47.8199","47.6000"
"2013/01/11","47.7500","423545.0000","47.8300","47.8300","47.6800"
"2013/01/10","48.1500","1278378.0000","48.1200","48.1900","47.9000"
"2013/01/09","47.6500","587589.0000","47.6000","47.7900","47.6000"
"2013/01/08","47.3100","1556855.0000","47.3900","47.3900","47.1100"
"2013/01/07","47.5500","2688114.0000","47.4100","47.5795","47.4000"
"2013/01/04","47.7600","328359.0000","47.5700","47.8100","47.4300"
"2013/01/03","47.5200","571944.0000","47.8600","47.8600","47.4800"
"2013/01/02","47.9300","1077332.0000","47.6900","47.9300","47.5300"
"2012/12/31","47.1400","1421739.0000","46.4400","47.1600","46.3700"
"2012/12/28","46.4000","1004584.0000","46.5000","46.6499","46.3800"
"2012/12/27","46.5300","1011202.0000","46.6800","46.6800","46.2900"
"2012/12/26","46.3400","481942.0000","46.3000","46.5300","46.2000"
"2012/12/24","46.3400","861064.0000","46.5200","46.5200","46.2900"
"2012/12/21","46.4400","974527.0000","46.4000","46.6000","46.3000"
"2012/12/20","46.8700","1251916.0000","46.7700","46.9100","46.6100"
"2012/12/19","46.5200","1640737.0000","46.7200","46.7800","46.5200"
"2012/12/18","46.7200","2315093.0000","46.5400","46.8400","46.4000"
"2012/12/17","47.7000","1939663.0000","47.4600","47.7000","47.4000"
"2012/12/14","47.5100","536721.0000","47.4900","47.6900","47.4400"
"2012/12/13","47.4000","1043260.0000","47.5100","47.6500","47.2600"
"2012/12/12","47.6000","638310.0000","47.6500","47.8800","47.5700"
"2012/12/11","47.4900","647674.0000","47.3900","47.6700","47.3800"
"2012/12/10","47.2800","1083668.0000","47.1900","47.3300","47.1001"
"2012/12/07","47.2000","726045.0000","47.1500","47.2100","47.0000"
"2012/12/06","46.8500","1802569.0000","46.6800","46.9000","46.6500"
"2012/12/05","46.6500","2959306.0000","46.6400","46.9600","46.5000"
"2012/12/04","46.4300","903644.0000","46.5200","46.6300","46.4000"
"2012/12/03","46.4500","3317298.0000","46.6000","46.7400","46.4000"
"2012/11/30","46.5000","890848.0000","46.5200","46.6000","46.4200"
"2012/11/29","46.3700","1005004.0000","46.5400","46.5400","46.2100"
"2012/11/28","46.1800","584754.0000","45.6600","46.1800","45.5700"
"2012/11/27","45.7900","1159044.0000","45.9300","46.0700","45.7500"
"2012/11/26","45.8000","723771.0000","45.6300","45.8300","45.5400"
"2012/11/23","45.9300","352579.0000","45.4900","45.9300","45.4700"
"2012/11/21","45.0300","815167.0000","44.9500","45.0800","44.8400"
"2012/11/20","44.9700","600579.0000","44.8100","44.9800","44.6500"
"2012/11/19","45.1284","698873.0000","44.8600","45.1500","44.7900"
"2012/11/16","44.3800","968575.0000","44.2900","44.4500","43.8600"
"2012/11/15","44.2800","1095160.0000","44.3200","44.4500","44.0850"
"2012/11/14","44.4500","1070240.0000","45.0300","45.1400","44.3600"
"2012/11/13","45.0900","1177272.0000","44.9800","45.3900","44.9000"
