2014/11/25,24.03,48700.00,24.11,24.11,23.89
2014/11/26,24.16,296200.00,24.02,24.24,24.02
2014/11/28,24.38,34600.00,24.21,24.47,24.21
2014/12/01,24.36,2756500.00,24.24,24.53,24.17
2014/12/02,24.47,1906500.00,24.38,24.52,24.32
2014/12/03,24.42,116800.00,24.47,24.47,24.32
2014/12/04,24.46,104900.00,24.46,24.55,24.36
2014/12/05,24.34,58900.00,24.35,24.38,24.24
2014/12/08,24.45,59700.00,24.30,24.59,24.30
2014/12/09,24.50,89900.00,24.34,24.55,24.28
2014/12/10,24.12,80800.00,24.47,24.56,24.12
2014/12/11,24.35,192200.00,24.17,24.50,24.17
2014/12/12,23.97,257300.00,24.23,24.34,23.95
2014/12/15,23.81,92500.00,24.11,24.11,23.68
2014/12/16,23.86,142100.00,23.85,24.20,23.72
2014/12/17,24.33,101200.00,23.83,24.36,23.83
2014/12/18,24.73,62400.00,24.49,24.75,24.36
2014/12/19,24.77,89100.00,24.83,24.93,24.67
2014/12/22,24.87,91800.00,24.67,24.87,24.67
2014/12/23,24.72,62000.00,24.69,24.85,24.69
2014/12/24,25.09,78000.00,24.68,25.11,24.68
2014/12/26,25.34,36900.00,25.06,25.41,25.06
2014/12/29,25.77,1217900.00,25.34,25.82,25.34
2014/12/30,25.34,6794900.00,25.80,25.80,25.31
2014/12/31,24.88,2609400.00,25.42,25.42,24.86
2015/1/02,24.98,4574100.00,25.01,25.01,24.72
2015/1/05,24.55,862700.00,24.90,24.90,24.48
2015/1/06,24.49,322700.00,24.55,24.93,24.47
2015/1/07,24.75,344600.00,24.59,24.78,24.50
2015/1/08,24.99,384500.00,24.95,25.10,24.88
2015/1/09,24.76,752900.00,25.04,25.04,24.67
2015/1/12,24.72,279500.00,24.74,24.81,24.57
2015/1/13,24.82,319200.00,24.89,25.14,24.64
2015/1/14,24.99,337600.00,24.87,25.02,24.65
2015/1/15,25.04,299100.00,25.10,25.15,24.96
2015/1/16,25.33,436900.00,25.06,25.35,25.03
2015/1/20,25.39,3843300.00,25.40,25.43,25.16
2015/1/21,25.70,366900.00,25.31,25.72,25.22
2015/1/22,25.58,372600.00,25.74,25.80,25.41
2015/1/23,25.58,346900.00,25.57,25.70,25.56
2015/1/26,25.65,387300.00,25.58,25.71,25.37
2015/1/27,25.61,290900.00,25.68,25.72,25.53
2015/1/28,25.31,319000.00,25.73,25.83,25.27
2015/1/29,25.42,310400.00,25.31,25.49,25.05
2015/1/30,25.07,395700.00,25.31,25.45,25.06
2015/2/02,25.30,914900.00,25.18,25.34,24.90
2015/2/03,25.58,287200.00,25.32,25.65,25.26
2015/2/04,25.33,333200.00,25.48,25.60,25.29
2015/2/05,25.64,262300.00,25.45,25.68,25.39
2015/2/06,24.91,595000.00,25.61,25.61,24.80
2015/2/09,24.79,358900.00,24.90,25.03,24.69
2015/2/10,25.13,283100.00,24.82,25.16,24.78
2015/2/11,24.81,415200.00,25.06,25.06,24.76
2015/2/12,24.75,325500.00,24.90,24.90,24.71
2015/2/13,24.58,301900.00,24.73,24.74,24.42
2015/2/17,24.50,1642300.00,24.54,24.64,24.39
2015/2/18,24.74,6180100.00,24.46,24.77,24.42
2015/2/19,24.60,647000.00,24.71,24.82,24.55
2015/2/20,24.62,215200.00,24.62,24.64,24.34
2015/2/23,24.64,153700.00,24.60,24.65,24.52
2015/2/24,24.81,121100.00,24.62,24.90,24.60
2015/2/25,24.70,165800.00,24.78,24.83,24.67
2015/2/26,24.36,172300.00,24.73,24.73,24.34
2015/2/27,24.44,500700.00,24.43,24.45,24.33
2015/3/02,24.07,1885700.00,24.44,24.44,23.93
2015/3/03,24.19,465900.00,24.00,24.21,23.97
2015/3/04,24.02,260500.00,24.13,24.13,23.93
2015/3/05,24.19,154600.00,24.06,24.24,24.06
2015/3/06,23.62,194800.00,23.99,23.99,23.53
2015/3/09,23.66,291100.00,23.65,23.78,23.64
2015/3/10,23.46,109400.00,23.53,23.69,23.46
2015/3/11,23.40,441000.00,23.50,23.51,23.30
2015/3/12,23.71,281200.00,23.49,23.78,23.49
2015/3/13,23.47,94800.00,23.67,23.67,23.28
2015/3/16,23.80,95100.00,23.60,23.86,23.60
2015/3/17,23.80,80700.00,23.70,23.88,23.70
2015/3/18,24.30,213500.00,23.78,24.43,23.76
2015/3/19,24.08,115500.00,24.23,24.34,24.04
2015/3/20,24.28,91000.00,24.20,24.34,24.11
2015/3/23,24.30,100000.00,24.30,24.43,24.29
2015/3/24,24.04,45300.00,24.30,24.38,24.04
2015/3/25,23.49,54800.00,23.83,23.88,23.49
2015/3/26,23.35,45700.00,23.45,23.59,23.35
2015/3/27,23.42,115700.00,23.33,23.50,23.33
2015/3/30,23.68,91800.00,23.49,23.77,23.48
2015/3/31,23.64,150300.00,23.58,23.79,23.54
2015/4/01,23.65,1942300.00,23.63,23.67,23.45
2015/4/02,23.87,1041600.00,23.65,23.92,23.65
2015/4/06,24.19,110000.00,23.94,24.27,23.92
2015/4/07,24.00,62800.00,24.20,24.20,24.00
2015/4/08,23.95,64300.00,24.06,24.06,23.83
2015/4/09,23.85,71200.00,23.96,23.96,23.75
2015/4/10,24.03,76100.00,23.91,24.07,23.85
2015/4/13,23.78,80100.00,24.02,24.02,23.78
2015/4/14,23.92,45200.00,23.85,23.95,23.81
2015/4/15,23.99,70400.00,23.96,24.12,23.96
2015/4/16,23.80,48100.00,23.97,23.97,23.66
2015/4/17,23.68,99500.00,23.74,23.85,23.62
2015/4/20,24.02,111600.00,23.82,24.17,23.82
2015/4/21,23.87,100700.00,24.08,24.18,23.82
2015/4/22,23.92,122100.00,23.80,23.96,23.74
2015/4/23,24.02,63300.00,23.89,24.12,23.89
2015/4/24,24.22,60700.00,24.02,24.34,24.02
2015/4/27,23.93,49900.00,24.28,24.34,23.90
2015/4/28,24.16,40100.00,23.94,24.16,23.85
2015/4/29,24.15,47200.00,24.04,24.18,23.92
2015/4/30,23.83,102300.00,24.08,24.08,23.68
2015/5/01,23.93,46500.00,23.87,23.97,23.71
2015/5/04,24.13,74100.00,23.97,24.30,23.92
2015/5/05,23.55,319000.00,24.14,24.14,23.54
2015/5/06,23.33,164700.00,23.53,23.65,23.13
2015/5/07,23.41,28500.00,23.34,23.53,23.33
2015/5/08,23.61,32700.00,23.63,23.71,23.52
2015/5/11,23.50,95100.00,23.56,23.70,23.46
2015/5/12,23.42,70700.00,23.37,23.45,23.22
2015/5/13,23.21,332000.00,23.48,23.54,23.16
2015/5/14,23.43,342300.00,23.36,23.45,23.28
2015/5/15,23.69,35400.00,23.48,23.74,23.44
2015/5/18,23.80,140100.00,23.66,23.84,23.62
2015/5/19,23.78,87000.00,23.73,23.81,23.69
2015/5/20,23.86,51000.00,23.77,23.97,23.77
2015/5/21,23.87,63100.00,23.91,23.95,23.79
2015/5/22,23.79,62700.00,23.71,23.84,23.68
2015/5/26,23.58,117700.00,23.68,23.68,23.47
2015/5/27,23.73,74900.00,23.60,23.78,23.59
2015/5/28,23.76,86200.00,23.70,23.80,23.63
2015/5/29,23.71,56000.00,23.75,23.79,23.61
2015/6/01,23.70,34000.00,23.77,23.84,23.69
2015/6/02,23.42,119400.00,23.64,23.64,23.32
2015/6/03,23.20,278000.00,23.43,23.43,23.10
2015/6/04,23.06,96700.00,23.19,23.28,23.04
2015/6/05,22.83,69600.00,22.86,22.94,22.78
2015/6/08,22.71,64100.00,22.83,22.86,22.71
2015/6/09,22.68,136600.00,22.74,22.77,22.68
2015/6/10,22.81,95200.00,22.85,22.95,22.80
2015/6/11,22.93,101600.00,22.88,23.00,22.85
2015/6/12,22.71,68600.00,22.88,22.89,22.70
2015/6/15,22.60,100500.00,22.64,22.72,22.52
2015/6/16,22.71,57400.00,22.60,22.71,22.55
2015/6/17,22.83,59700.00,22.69,22.87,22.65
2015/6/18,23.11,56400.00,22.86,23.17,22.86
2015/6/19,22.99,33200.00,23.09,23.31,22.98
2015/6/22,22.99,60200.00,23.07,23.10,22.93
2015/6/23,22.78,64100.00,22.99,22.99,22.76
2015/6/24,22.41,93200.00,22.62,22.62,22.40
2015/6/25,22.19,179600.00,22.44,22.44,22.19
2015/6/26,22.31,62700.00,22.16,22.33,22.11
2015/6/29,22.05,123600.00,22.22,22.46,22.05
2015/6/30,22.00,99200.00,22.20,22.20,21.95
2015/7/01,22.08,682800.00,22.08,22.08,22.01
2015/7/02,22.31,95100.00,22.16,22.35,22.16
2015/7/06,22.29,57100.00,22.21,22.33,22.17
2015/7/07,22.80,68500.00,22.41,22.85,22.41
2015/7/08,22.61,43400.00,22.70,22.81,22.56
2015/7/09,22.37,46100.00,22.72,22.74,22.33
2015/7/10,22.53,65500.00,22.42,22.66,22.37
2015/7/13,22.57,47900.00,22.50,22.60,22.45
2015/7/14,22.56,47700.00,22.55,22.67,22.51
2015/7/15,22.61,48800.00,22.57,22.61,22.42
2015/7/16,23.01,22200.00,22.64,23.01,22.64
2015/7/17,22.78,20500.00,22.96,22.96,22.77
2015/7/20,22.62,30400.00,22.78,22.78,22.57
2015/7/21,22.38,28600.00,22.58,22.58,22.31
2015/7/22,22.47,31400.00,22.34,22.56,22.34
2015/7/23,22.16,36900.00,22.47,22.47,22.09
2015/7/24,22.10,15800.00,22.18,22.21,22.07
2015/7/27,22.35,125100.00,22.35,22.44,22.14
2015/7/28,22.48,20200.00,22.39,22.49,22.30
2015/7/29,22.57,21100.00,22.44,22.57,22.34
2015/7/30,22.74,111800.00,22.54,22.81,22.54
2015/7/31,23.06,41100.00,22.87,23.20,22.87
2015/8/03,23.12,385200.00,23.11,23.20,23.02
2015/8/04,22.74,30200.00,23.11,23.11,22.72
2015/8/05,22.82,24900.00,22.82,22.95,22.81
2015/8/06,22.87,24500.00,22.79,22.87,22.52
2015/8/07,23.09,25900.00,22.86,23.17,22.76
2015/8/10,23.09,55200.00,23.13,23.22,23.03
2015/8/11,23.15,62800.00,23.05,23.25,23.01
2015/8/12,23.52,54300.00,23.10,23.53,23.10
2015/8/13,23.47,52900.00,23.45,23.53,23.30
2015/8/14,23.73,1599400.00,23.44,23.74,23.44
2015/8/17,23.86,532100.00,23.71,23.97,23.67
2015/8/18,23.74,148600.00,23.81,23.83,23.69
2015/8/19,23.82,84100.00,23.65,23.88,23.56
2015/8/20,23.57,200500.00,23.70,23.85,23.53
2015/8/21,23.22,511500.00,23.47,23.49,23.21
2015/8/24,22.55,1876300.00,22.89,23.17,22.46
2015/8/25,21.94,797300.00,22.85,22.99,21.90
2015/8/26,22.26,267100.00,22.14,22.32,21.85
2015/8/27,22.62,458800.00,22.42,22.63,22.29
2015/8/28,22.61,551000.00,22.59,22.70,22.38
2015/8/31,22.31,1195400.00,22.57,22.57,22.15
2015/9/01,21.72,2385000.00,22.02,22.07,21.60
2015/9/02,21.75,525700.00,21.93,22.02,21.59
2015/9/03,21.93,307700.00,21.78,22.03,21.78
2015/9/04,21.57,127900.00,21.75,21.76,21.48
2015/9/08,22.07,166500.00,21.89,22.09,21.88
2015/9/09,21.85,202200.00,22.13,22.17,21.82
2015/9/10,21.81,136100.00,21.82,22.04,21.77
2015/9/11,21.96,126500.00,21.78,21.96,21.71
2015/9/14,22.01,76700.00,21.98,22.09,21.96
2015/9/15,22.16,39300.00,22.01,22.20,21.94
2015/9/16,22.35,29800.00,22.21,22.41,22.21
2015/9/17,22.58,59300.00,22.34,22.86,22.34
2015/9/18,22.43,51800.00,22.43,22.65,22.38
2015/9/21,22.51,240700.00,22.50,22.68,22.45
2015/9/22,22.19,91100.00,22.37,22.44,22.12
2015/9/23,22.07,66500.00,22.04,22.14,22.03
2015/9/24,22.21,37400.00,22.03,22.24,22.02
2015/9/25,22.36,48700.00,22.31,22.58,22.20
2015/9/28,22.19,42900.00,22.29,22.41,22.17
2015/9/29,22.20,29500.00,22.24,22.32,22.11
2015/9/30,22.63,116400.00,22.32,22.64,22.31
2015/10/01,22.41,676100.00,22.71,22.71,22.25
2015/10/02,22.73,168600.00,22.44,22.73,22.37
2015/10/05,23.07,105000.00,22.83,23.10,22.80
2015/10/06,22.96,69200.00,23.05,23.05,22.83
2015/10/07,23.00,75400.00,23.03,23.12,22.94
2015/10/08,23.34,113000.00,22.97,23.37,22.95
2015/10/09,23.18,131800.00,23.36,23.36,23.14
2015/10/12,23.24,115200.00,23.25,23.36,23.19
2015/10/13,23.21,52300.00,23.15,23.35,23.15
2015/10/14,23.20,38600.00,23.28,23.38,23.16
2015/10/15,23.57,32400.00,23.26,23.59,23.16
2015/10/16,23.55,105800.00,23.60,23.71,23.44
2015/10/19,23.57,102600.00,23.46,23.57,23.37
2015/10/20,23.68,48700.00,23.53,23.78,23.49
2015/10/21,23.52,25300.00,23.74,23.80,23.50
2015/10/22,23.86,300200.00,23.58,23.87,23.58
2015/10/23,23.42,172400.00,23.89,23.89,23.41
2015/10/26,23.34,72500.00,23.42,23.42,23.19
2015/10/27,23.11,50200.00,23.30,23.30,23.05
2015/10/28,23.12,71000.00,23.12,23.27,22.85
2015/10/29,22.99,49300.00,22.96,23.03,22.78
2015/10/30,23.20,323300.00,23.04,23.25,22.99
2015/11/02,23.31,690100.00,23.21,23.33,23.04
2015/11/03,23.24,314100.00,23.21,23.28,23.11
2015/11/04,23.38,62600.00,23.30,23.50,23.28
2015/11/05,23.12,128800.00,23.33,23.35,23.10
2015/11/06,22.36,68700.00,22.78,22.81,22.18
2015/11/09,22.44,162800.00,22.30,22.48,22.24
2015/11/10,22.64,109000.00,22.42,22.69,22.42
2015/11/11,22.72,47700.00,22.77,22.79,22.57
2015/11/12,22.40,45200.00,22.61,22.71,22.40
2015/11/13,22.29,384000.00,22.38,22.54,22.26
2015/11/16,22.70,213400.00,22.39,22.70,22.37
2015/11/17,22.28,94100.00,22.77,22.77,22.24
2015/11/18,22.53,42100.00,22.24,22.56,22.20
2015/11/19,22.67,33800.00,22.53,22.71,22.53
2015/11/20,22.69,46300.00,22.73,22.87,22.62
2015/11/23,22.59,40000.00,22.69,22.78,22.56
2015/11/24,22.60,28400.00,22.46,22.65,22.42
2015/11/25,22.47,91200.00,22.57,22.57,22.41
2015/11/27,22.48,17000.00,22.48,22.54,22.48
2015/11/30,22.55,454900.00,22.51,22.64,22.47
2015/12/01,22.73,886300.00,22.53,22.76,22.52
2015/12/02,22.14,667900.00,22.70,22.70,22.14
2015/12/03,21.95,291100.00,22.16,22.17,21.91
2015/12/04,22.05,95300.00,22.00,22.15,21.94
2015/12/07,22.10,125100.00,22.01,22.10,21.87
2015/12/08,22.04,73400.00,21.96,22.07,21.87
2015/12/09,22.05,104300.00,21.99,22.32,21.96
2015/12/10,21.74,105900.00,21.91,22.06,21.73
2015/12/11,21.55,55000.00,21.60,21.81,21.53
2015/12/14,21.41,118400.00,21.56,21.62,21.23
2015/12/15,21.67,116700.00,21.51,21.77,21.49
2015/12/16,22.23,90800.00,21.75,22.26,21.75
2015/12/17,22.18,65100.00,22.25,22.33,22.10
2015/12/18,22.00,59700.00,22.11,22.13,21.88
2015/12/21,22.15,38000.00,22.18,22.19,22.00
2015/12/22,22.33,901900.00,22.21,22.36,21.97
2015/12/23,22.55,37100.00,22.42,22.58,22.24
2015/12/24,22.53,30200.00,22.55,22.59,22.46
2015/12/28,22.58,33700.00,22.46,22.59,22.35
2015/12/29,22.70,322700.00,22.65,22.75,22.64
2015/12/30,22.58,74300.00,22.71,22.73,22.57
2015/12/31,22.39,73400.00,22.53,22.54,22.21
2016/1/04,22.31,564700.00,22.25,22.31,22.07
2016/1/05,22.48,227500.00,22.30,22.53,21.99
2016/1/06,22.32,102000.00,22.32,22.40,22.21
2016/1/07,22.07,71600.00,22.02,22.26,22.00
2016/1/08,22.06,280900.00,22.15,22.27,22.02
2016/1/11,22.04,239200.00,22.09,22.17,21.94
2016/1/12,21.78,47500.00,21.93,22.09,21.69
2016/1/13,21.56,68300.00,21.85,21.96,21.53
2016/1/14,22.07,1771400.00,21.60,22.20,21.53
2016/1/15,21.68,622600.00,21.79,21.79,21.37
2016/1/19,21.90,225400.00,21.84,21.96,21.77
2016/1/20,21.36,129600.00,21.71,21.71,20.92
2016/1/21,21.43,135800.00,21.42,21.64,21.24
2016/1/22,21.95,235800.00,21.64,21.95,21.60
2016/1/25,21.54,81300.00,21.87,21.87,21.52
2016/1/26,21.92,51500.00,21.63,21.96,21.63
2016/1/27,21.97,38800.00,21.85,22.16,21.79
2016/1/28,22.28,70000.00,22.04,22.38,22.04
2016/1/29,22.85,375400.00,22.45,22.86,22.45
2016/2/01,23.23,936800.00,22.91,23.30,22.89
2016/2/02,23.21,826500.00,23.11,23.24,22.89
2016/2/03,23.74,15794000.00,23.33,23.82,23.33
2016/2/04,23.75,6472500.00,23.85,23.99,23.71
2016/2/05,23.66,18510000.00,23.73,23.88,23.47
2016/2/08,23.24,2346700.00,23.52,23.73,23.09
2016/2/09,23.29,2716000.00,23.09,23.39,23.04
2016/2/10,23.24,1619800.00,23.40,23.40,22.97
2016/2/11,22.88,1323200.00,23.13,23.23,22.83
2016/2/12,22.90,1807600.00,22.96,22.96,22.66
2016/2/16,23.14,538300.00,23.08,23.16,22.90
2016/2/17,23.24,683800.00,23.24,23.34,23.05
2016/2/18,23.58,560300.00,23.29,23.68,23.24
2016/2/19,23.28,1380400.00,23.52,23.60,23.18
2016/2/22,23.62,907900.00,23.46,23.64,23.41
2016/2/23,23.70,705300.00,23.57,23.74,23.53
2016/2/24,24.01,643700.00,23.63,24.04,23.63
2016/2/25,24.21,525200.00,24.11,24.21,23.97
2016/2/26,23.75,727700.00,24.16,24.16,23.72
2016/2/29,23.82,648500.00,23.65,24.01,23.61
2016/3/01,23.84,604600.00,24.03,24.03,23.68
2016/3/02,24.19,357400.00,23.75,24.19,23.50
2016/3/03,24.38,607100.00,24.21,24.38,24.00
2016/3/04,24.62,456700.00,24.28,24.75,24.25
2016/3/07,24.85,1118900.00,24.60,24.97,24.59
2016/3/08,24.80,466000.00,24.82,24.86,24.65
2016/3/09,24.84,1163800.00,24.83,25.01,24.75
2016/3/10,25.00,845400.00,24.82,25.01,24.69
2016/3/11,25.19,638500.00,25.17,25.33,25.11
2016/3/14,25.17,796500.00,25.12,25.21,25.04
2016/3/15,25.08,261000.00,25.06,25.12,24.96
2016/3/16,25.43,919600.00,25.05,25.46,24.92
2016/3/17,25.63,1019100.00,25.48,25.69,25.33
2016/3/18,25.53,1050500.00,25.65,25.72,25.53
2016/3/21,25.47,607500.00,25.52,25.60,25.36
2016/3/22,25.45,605000.00,25.45,25.63,25.39
2016/3/23,25.34,1404500.00,25.33,25.46,25.19
2016/3/24,25.46,1397000.00,25.29,25.46,25.14
2016/3/28,25.45,1620600.00,25.49,25.54,25.32
2016/3/29,25.92,1381300.00,25.42,25.92,25.35
2016/3/30,25.85,4635700.00,25.95,25.97,25.82
2016/3/31,25.98,704100.00,25.91,26.02,25.85
2016/4/01,26.10,896800.00,25.90,26.11,25.74
2016/4/04,25.95,766400.00,26.15,26.15,25.89
2016/4/05,25.40,829600.00,25.89,25.89,25.39
2016/4/06,25.47,489400.00,25.41,25.47,25.28
2016/4/07,25.32,438000.00,25.39,25.49,25.25
2016/4/08,25.44,583900.00,25.40,25.54,25.35
2016/4/11,25.31,356900.00,25.50,25.58,25.28
2016/4/12,25.52,2987200.00,25.34,25.54,25.30
2016/4/13,25.45,1792500.00,25.60,25.60,25.30
2016/4/14,25.44,432200.00,25.41,25.50,25.38
2016/4/15,25.60,307800.00,25.45,25.65,25.40
2016/4/18,25.71,301000.00,25.56,25.71,25.48
2016/4/19,25.86,468700.00,25.73,25.88,25.70
2016/4/20,25.45,1094300.00,25.90,25.90,25.43
2016/4/21,24.93,443300.00,25.39,25.43,24.89
2016/4/22,25.11,435600.00,25.01,25.15,24.93
2016/4/25,25.16,894500.00,25.04,25.16,24.99
2016/4/26,25.17,391400.00,25.19,25.27,25.11
2016/4/27,25.48,350800.00,25.22,25.56,25.18
2016/4/28,25.37,372600.00,25.21,25.49,25.14
2016/4/29,25.37,530200.00,25.25,25.39,25.08
2016/5/02,25.50,1230300.00,25.44,25.57,25.30
2016/5/03,25.43,423700.00,25.52,25.52,25.29
2016/5/04,25.58,340100.00,25.36,25.73,25.35
2016/5/05,25.41,310600.00,25.52,25.67,25.37
2016/5/06,25.31,249200.00,25.38,25.38,25.10
2016/5/09,25.37,451800.00,25.33,25.42,25.27
2016/5/10,25.56,463700.00,25.44,25.61,25.37
2016/5/11,25.57,1447400.00,25.55,25.63,25.49
2016/5/12,25.69,427500.00,25.58,25.74,25.56
2016/5/13,25.46,636000.00,25.69,25.69,25.44
2016/5/16,25.53,241700.00,25.41,25.53,25.40
2016/5/17,25.22,368000.00,25.43,25.52,25.10
2016/5/18,24.83,571900.00,25.10,25.26,24.72
2016/5/19,24.96,438600.00,24.69,24.97,24.60
2016/5/20,25.06,271400.00,25.00,25.14,24.92
2016/5/23,24.84,592400.00,25.05,25.08,24.83
2016/5/24,25.10,330000.00,24.87,25.14,24.87
2016/5/25,25.07,285100.00,25.07,25.11,24.94
2016/5/26,25.32,547400.00,25.03,25.35,25.03
2016/5/27,25.40,278400.00,25.35,25.41,25.22
2016/5/31,25.56,316400.00,25.39,25.61,25.38
2016/6/01,25.53,845300.00,25.50,25.60,25.43
2016/6/02,25.58,478600.00,25.45,25.58,25.37
2016/6/03,25.85,661400.00,25.72,25.94,25.72
2016/6/06,25.87,392300.00,25.90,25.99,25.78
2016/6/07,25.94,474500.00,25.90,26.04,25.83
2016/6/08,26.02,446900.00,25.94,26.06,25.94
2016/6/09,26.17,355400.00,26.01,26.20,25.99
2016/6/10,25.98,413200.00,26.09,26.13,25.90
2016/6/13,25.86,380300.00,25.94,26.04,25.85
2016/6/14,25.95,511700.00,25.84,25.96,25.79
2016/6/15,25.82,348700.00,25.94,25.98,25.80
2016/6/16,25.98,552400.00,25.74,26.01,25.74
2016/6/17,26.10,620800.00,26.00,26.10,25.88
2016/6/20,26.10,520800.00,26.12,26.25,26.03
2016/6/21,26.32,378200.00,26.13,26.45,26.01
2016/6/22,26.03,419700.00,26.14,26.20,26.01
2016/6/23,26.24,571500.00,26.06,26.24,26.05
2016/6/24,25.96,1780200.00,25.89,26.22,25.73
2016/6/27,25.98,872200.00,25.87,26.03,25.72
2016/6/28,26.26,880100.00,26.08,26.26,25.96
2016/6/29,26.52,1435100.00,26.40,26.55,26.40
2016/6/30,27.03,1812700.00,26.60,27.03,26.50
2016/7/01,27.07,1310700.00,27.07,27.23,26.83
2016/7/05,27.09,786300.00,27.05,27.14,26.99
2016/7/06,27.16,991500.00,27.04,27.18,26.88
2016/7/07,26.85,588000.00,27.12,27.20,26.77
2016/7/08,27.17,829100.00,26.87,27.20,26.69
2016/7/11,27.28,624900.00,27.17,27.28,27.01
2016/7/12,27.14,750600.00,27.20,27.32,27.11
2016/7/13,27.41,487700.00,27.29,27.41,27.13
2016/7/14,27.32,454900.00,27.24,27.39,27.22
2016/7/15,27.42,475500.00,27.32,27.46,27.27
2016/7/18,27.31,527700.00,27.29,27.32,27.21
2016/7/19,27.14,202000.00,27.28,27.31,27.10
2016/7/20,27.15,302000.00,27.15,27.17,27.01
2016/7/21,27.21,419800.00,27.05,27.22,27.00
2016/7/22,27.55,618000.00,27.17,27.58,27.17
2016/7/25,27.68,317000.00,27.55,27.70,27.54
2016/7/26,27.56,311500.00,27.64,27.66,27.46
2016/7/27,27.22,405500.00,27.53,27.53,27.02
2016/7/28,27.27,245800.00,27.18,27.31,27.13
2016/7/29,27.44,535600.00,27.24,27.54,27.24
2016/8/01,27.34,782200.00,27.40,27.49,27.30
2016/8/02,27.05,431000.00,27.21,27.24,26.94
2016/8/03,27.01,237800.00,27.01,27.06,26.91
2016/8/04,27.04,384500.00,26.99,27.09,26.94
2016/8/05,26.83,293000.00,27.04,27.04,26.82
2016/8/08,26.84,351800.00,26.86,27.01,26.83
2016/8/09,26.83,789400.00,26.91,26.92,26.79
2016/8/10,26.81,490300.00,26.87,26.90,26.75
2016/8/11,26.83,862800.00,26.84,26.87,26.72
2016/8/12,26.78,624300.00,26.90,26.96,26.77
2016/8/15,26.58,383000.00,26.80,26.86,26.57
2016/8/16,26.24,832900.00,26.56,26.56,26.22
2016/8/17,26.40,913300.00,26.22,26.43,25.99
2016/8/18,26.60,277800.00,26.39,26.62,26.36
2016/8/19,26.34,907700.00,26.48,26.50,26.19
2016/8/22,26.41,266800.00,26.33,26.48,26.27
2016/8/23,26.40,466900.00,26.46,26.58,26.40
2016/8/24,26.36,468600.00,26.41,26.43,26.27
2016/8/25,26.40,318800.00,26.32,26.45,26.32
2016/8/26,25.96,636300.00,26.39,26.56,25.90
2016/8/29,26.18,333700.00,26.04,26.27,26.04
2016/8/30,25.98,268600.00,26.19,26.26,25.96
2016/8/31,26.04,642200.00,25.87,26.05,25.86
2016/9/01,25.94,1043200.00,25.99,26.07,25.90
2016/9/02,26.28,841200.00,26.04,26.30,26.03
2016/9/06,26.48,408700.00,26.35,26.52,26.30
2016/9/07,26.62,280200.00,26.46,26.62,26.40
2016/9/08,26.70,467100.00,26.51,26.74,26.51
2016/9/09,25.81,510400.00,26.50,26.52,25.79
2016/9/12,26.23,646300.00,25.71,26.30,25.66
2016/9/13,25.74,742000.00,26.12,26.12,25.59
2016/9/14,25.80,424400.00,25.84,26.00,25.69
2016/9/15,26.04,307500.00,25.79,26.10,25.73
2016/9/16,26.12,324500.00,26.00,26.16,25.86
2016/9/19,26.28,319500.00,26.24,26.30,26.14
2016/9/20,26.06,409400.00,26.39,26.44,26.06
2016/9/21,26.39,391300.00,25.99,26.40,25.93
2016/9/22,26.68,289500.00,26.51,26.72,26.41
2016/9/23,26.67,241000.00,26.66,26.77,26.56
2016/9/26,26.63,257200.00,26.63,26.75,26.55
2016/9/27,26.39,337600.00,26.67,26.78,26.36
2016/9/28,26.41,278700.00,26.41,26.43,26.14
2016/9/29,26.08,460700.00,26.35,26.38,26.01
2016/9/30,25.93,429200.00,26.20,26.23,25.92
2016/10/03,25.69,1085800.00,25.94,25.94,25.56
2016/10/04,25.32,1043800.00,25.69,25.69,25.19
2016/10/05,25.26,463600.00,25.39,25.48,25.21
2016/10/06,25.22,451300.00,25.21,25.30,25.08
2016/10/07,25.21,728000.00,25.32,25.51,25.11
2016/10/10,25.46,289400.00,25.29,25.48,25.17
2016/10/11,25.20,502800.00,25.37,25.37,25.14
2016/10/12,25.34,344700.00,25.19,25.39,25.19
2016/10/13,25.51,443000.00,25.32,25.61,25.25
2016/10/14,25.49,319800.00,25.46,25.70,25.40
2016/10/17,25.56,200000.00,25.50,25.62,25.49
2016/10/18,25.83,309400.00,25.73,25.84,25.59
2016/10/19,25.81,202100.00,25.82,25.87,25.70
2016/10/20,25.74,224700.00,25.82,25.87,25.69
2016/10/21,25.56,151800.00,25.65,25.73,25.47
2016/10/24,25.78,170400.00,25.68,25.82,25.62
2016/10/25,25.74,441400.00,25.76,25.79,25.69
2016/10/26,25.70,268000.00,25.67,25.76,25.58
2016/10/27,25.92,546100.00,25.65,26.01,25.49
2016/10/28,25.95,682700.00,25.93,26.15,25.91
2016/10/31,26.19,269200.00,25.97,26.30,25.97
2016/11/01,25.70,733300.00,26.18,26.18,25.65
2016/11/02,25.21,674100.00,25.65,25.65,25.17
2016/11/03,25.15,515200.00,25.18,25.34,25.11
2016/11/04,25.12,453300.00,25.23,25.45,25.12
2016/11/07,25.58,474500.00,25.30,25.59,25.19
2016/11/08,25.85,462700.00,25.60,25.96,25.60
2016/11/09,25.53,692800.00,25.53,25.70,25.31
2016/11/10,25.04,1536200.00,25.51,25.51,24.89
2016/11/11,25.07,2379200.00,25.04,25.28,24.94
2016/11/14,25.14,565200.00,24.98,25.19,24.90
2016/11/15,25.52,932600.00,25.25,25.53,25.24
2016/11/16,25.43,414900.00,25.51,25.58,25.25
2016/11/17,25.44,424200.00,25.39,25.60,25.39
2016/11/18,25.44,595600.00,25.49,25.55,25.37
2016/11/21,25.79,239700.00,25.54,25.80,25.51
2016/11/22,25.87,375500.00,25.83,25.93,25.75
2016/11/23,25.70,649600.00,25.70,25.80,25.67
2016/11/25,26.08,156700.00,25.82,26.13,25.82
2016/11/28,26.48,1604700.00,26.09,26.48,26.05
2016/11/29,26.46,667800.00,26.40,26.55,26.40
2016/11/30,25.73,381600.00,26.23,26.32,25.73
2016/12/01,25.54,597300.00,25.62,25.68,25.39
2016/12/02,25.77,227500.00,25.65,25.85,25.63
2016/12/05,25.87,436100.00,25.76,25.88,25.62
2016/12/06,25.98,705200.00,25.95,26.08,25.80
2016/12/07,26.45,745000.00,26.07,26.45,26.07
2016/12/08,26.54,328700.00,26.37,26.61,26.25
2016/12/09,26.61,294600.00,26.52,26.66,26.49
2016/12/12,26.67,268600.00,26.56,26.75,26.56
2016/12/13,26.94,377200.00,26.79,26.96,26.74
2016/12/14,26.57,536600.00,27.02,27.18,26.54
2016/12/15,26.79,239300.00,26.54,26.79,26.42
2016/12/16,26.96,357800.00,26.87,27.04,26.82
2016/12/19,27.09,227100.00,27.04,27.11,26.95
2016/12/20,27.08,378200.00,27.07,27.20,27.05
2016/12/21,26.74,270800.00,26.85,26.93,26.73
2016/12/22,26.83,212900.00,26.71,26.87,26.69
2016/12/23,26.88,165900.00,26.86,26.91,26.80
2016/12/27,26.94,203800.00,26.78,27.03,26.78
2016/12/28,26.68,215000.00,26.97,26.97,26.67
2016/12/29,26.94,518400.00,26.75,26.97,26.75
2016/12/30,26.73,307200.00,27.00,27.00,26.66
2017/1/03,26.99,593200.00,26.81,26.99,26.72
2017/1/04,27.12,2031100.00,27.03,27.23,26.99
2017/1/05,27.05,1038600.00,27.15,27.15,26.95
2017/1/06,27.11,275000.00,26.98,27.15,26.96
2017/1/09,26.78,327600.00,27.16,27.16,26.77
2017/1/10,26.79,283500.00,26.78,26.83,26.67
2017/1/11,26.94,300000.00,26.78,26.95,26.78
2017/1/12,26.92,298000.00,26.94,26.95,26.72
2017/1/13,26.91,370200.00,26.91,27.01,26.80
2017/1/17,27.12,231700.00,26.96,27.23,26.96
2017/1/18,27.07,284000.00,27.12,27.18,27.03
2017/1/19,26.92,401500.00,27.04,27.08,26.85
2017/1/20,26.96,253600.00,26.98,27.10,26.89
2017/1/23,26.91,181400.00,27.04,27.05,26.84
2017/1/24,26.86,188700.00,26.86,26.94,26.82
2017/1/25,26.88,232700.00,26.88,26.90,26.78
2017/1/26,27.03,240000.00,26.88,27.04,26.88
2017/1/27,26.94,178700.00,27.08,27.11,26.89
2017/1/30,26.85,188700.00,26.93,26.97,26.69
2017/1/31,27.23,332500.00,26.89,27.24,26.89
2017/2/01,26.89,726300.00,27.17,27.28,26.77
2017/2/02,26.95,323900.00,26.92,26.96,26.78
2017/2/03,27.06,170100.00,27.08,27.14,26.98
2017/2/06,26.86,178700.00,27.09,27.09,26.85
2017/2/07,26.88,158500.00,26.88,26.91,26.80
2017/2/08,27.03,228400.00,26.89,27.06,26.89
2017/2/09,26.96,410200.00,27.03,27.05,26.88
2017/2/10,27.20,287400.00,26.96,27.20,26.92
2017/2/13,27.19,455600.00,27.12,27.20,27.08
2017/2/14,27.06,359400.00,27.20,27.21,26.92
2017/2/15,27.02,266800.00,26.96,27.03,26.81
2017/2/16,27.21,276000.00,27.03,27.22,27.03
2017/2/17,27.29,390600.00,27.21,27.37,27.03
2017/2/21,27.61,666200.00,27.28,27.63,27.23
2017/2/22,27.72,396700.00,27.60,27.75,27.54
2017/2/23,27.86,315400.00,27.77,27.95,27.60
2017/2/24,27.98,257400.00,27.88,28.00,27.86
2017/2/27,27.82,197400.00,27.93,27.93,27.79
2017/2/28,27.79,205000.00,27.76,27.87,27.74
2017/3/01,27.70,1005500.00,27.61,27.84,27.57
2017/3/02,27.76,323800.00,27.68,27.88,27.61
2017/3/03,27.69,227900.00,27.75,27.75,27.55
2017/3/06,27.51,184600.00,27.68,27.68,27.47
2017/3/07,27.30,262200.00,27.42,27.49,27.29
2017/3/08,26.96,344100.00,27.16,27.17,26.93
2017/3/09,27.02,329300.00,26.95,27.12,26.95
2017/3/10,27.26,221100.00,27.09,27.29,27.09
2017/3/13,27.33,241100.00,27.23,27.34,27.19
2017/3/14,27.21,191800.00,27.29,27.29,27.13
2017/3/15,27.64,404000.00,27.33,27.75,27.33
2017/3/16,27.46,200900.00,27.64,27.64,27.43
2017/3/17,27.61,265000.00,27.53,27.70,27.51
2017/3/20,27.43,108100.00,27.65,27.65,27.37
2017/3/21,27.58,210200.00,27.45,27.66,27.35
2017/3/22,27.50,345500.00,27.54,27.64,27.41
2017/3/23,27.25,345400.00,27.34,27.50,27.21
2017/3/24,27.41,1269700.00,27.26,27.51,27.23
2017/3/27,27.29,420600.00,27.43,27.43,27.18
2017/3/28,27.28,212800.00,27.29,27.31,27.18
2017/3/29,27.34,260000.00,27.30,27.36,27.15
2017/3/30,27.31,192100.00,27.30,27.32,27.19
2017/3/31,27.39,150300.00,27.33,27.49,27.22
2017/4/03,27.28,529900.00,27.40,27.42,27.14
2017/4/04,27.45,267500.00,27.26,27.49,27.23
2017/4/05,27.55,277000.00,27.42,27.58,27.40
2017/4/06,27.44,191000.00,27.48,27.50,27.35
2017/4/07,27.31,163100.00,27.49,27.57,27.31
2017/4/10,27.39,156700.00,27.34,27.43,27.28
2017/4/11,27.43,206200.00,27.38,27.46,27.30
2017/4/12,27.58,276300.00,27.42,27.61,27.31
2017/4/13,27.38,226000.00,27.59,27.59,27.37
2017/4/17,27.62,143700.00,27.47,27.62,27.46
2017/4/18,27.60,271600.00,27.58,27.67,27.53
2017/4/19,27.42,198500.00,27.61,27.65,27.37
2017/4/20,27.38,151900.00,27.40,27.43,27.17
2017/4/21,27.43,152600.00,27.36,27.50,27.36
2017/4/24,27.57,81800.00,27.51,27.57,27.37
2017/4/25,27.65,278400.00,27.54,27.68,27.54
2017/4/26,27.56,111400.00,27.63,27.75,27.55
2017/4/27,27.61,102300.00,27.58,27.73,27.57
2017/4/28,27.48,219800.00,27.58,27.58,27.40
2017/5/01,27.35,548400.00,27.56,27.56,27.32
2017/5/02,27.38,173800.00,27.34,27.41,27.26
2017/5/03,26.91,175100.00,27.25,27.25,26.91
2017/5/04,26.75,207600.00,26.85,26.86,26.59
2017/5/05,26.97,500000.00,26.81,26.99,26.81
2017/5/08,27.11,536300.00,27.00,27.11,26.85
2017/5/09,26.82,462800.00,27.03,27.03,26.79
2017/5/10,26.99,691700.00,26.91,27.03,26.77
2017/5/11,26.91,133300.00,26.96,27.01,26.84
2017/5/12,27.02,107600.00,27.00,27.07,26.97
2017/5/15,27.19,423800.00,27.04,27.22,27.04
2017/5/16,27.04,123300.00,27.19,27.22,27.02
2017/5/17,26.97,102900.00,26.98,27.12,26.90
2017/5/18,27.10,183500.00,26.99,27.15,26.80
2017/5/19,27.43,307100.00,27.14,27.47,27.02
2017/5/22,27.62,150200.00,27.43,27.69,27.42
2017/5/23,27.66,165900.00,27.68,27.81,27.65
2017/5/24,27.77,111600.00,27.68,27.79,27.68
2017/5/25,27.92,126600.00,27.77,27.96,27.72
2017/5/26,27.88,63600.00,27.92,27.92,27.85
2017/5/30,27.93,167900.00,27.85,28.01,27.80
2017/5/31,28.04,203000.00,27.95,28.07,27.85
2017/6/01,28.33,512400.00,28.06,28.34,27.98
2017/6/02,28.36,305700.00,28.49,28.50,28.29
2017/6/05,28.26,153600.00,28.37,28.45,28.24
2017/6/06,28.16,70700.00,28.22,28.27,28.16
2017/6/07,28.20,554600.00,28.19,28.25,28.14
2017/6/08,28.04,202200.00,28.20,28.20,27.90
2017/6/09,28.03,130100.00,28.01,28.10,27.93
2017/6/12,28.11,134900.00,28.05,28.26,28.01
2017/6/13,28.26,111800.00,28.11,28.29,28.09
2017/6/14,28.29,138700.00,28.40,28.50,28.20
2017/6/15,28.43,69800.00,28.20,28.44,28.20
2017/6/16,28.49,220600.00,28.45,28.59,28.34
2017/6/19,28.36,130600.00,28.51,28.51,28.28
2017/6/20,28.26,117400.00,28.35,28.35,28.17
2017/6/21,28.05,100800.00,28.29,28.29,27.97
2017/6/22,27.74,114600.00,27.77,27.97,27.74
2017/6/23,27.73,149600.00,27.76,27.86,27.70
2017/6/26,27.86,112400.00,27.79,27.97,27.78
2017/6/27,27.61,141300.00,27.78,27.88,27.61
2017/6/28,27.50,95100.00,27.71,27.74,27.49
2017/6/29,27.21,165900.00,27.36,27.39,27.10
2017/6/30,27.17,127500.00,27.29,27.42,27.17
2017/7/03,27.15,1286700.00,27.23,27.31,27.12
2017/7/05,27.05,1143800.00,27.14,27.15,26.94
2017/7/06,26.87,262200.00,26.92,26.97,26.86
2017/7/07,26.86,167300.00,26.83,27.03,26.83
2017/7/10,26.74,443900.00,26.90,26.95,26.74
2017/7/11,26.75,1387100.00,26.79,26.83,26.66
2017/7/12,26.86,1408800.00,26.93,27.01,26.83
2017/7/13,26.78,125800.00,26.84,26.90,26.74
2017/7/14,26.93,89000.00,26.94,27.03,26.89
2017/7/17,27.01,134900.00,26.95,27.02,26.90
2017/7/18,27.00,76600.00,27.06,27.06,26.95
2017/7/19,27.19,301600.00,27.07,27.19,27.02
2017/7/20,27.34,224800.00,27.25,27.39,27.19
2017/7/21,27.51,276200.00,27.34,27.52,27.30
2017/7/24,27.30,117000.00,27.53,27.58,27.30
2017/7/25,27.30,108700.00,27.29,27.37,27.27
2017/7/26,27.50,150100.00,27.35,27.51,27.35
2017/7/27,27.67,145100.00,27.53,27.68,27.51
2017/7/28,27.51,54100.00,27.63,27.63,27.46
2017/7/31,27.63,106900.00,27.50,27.68,27.44
2017/8/01,27.85,235700.00,27.72,27.88,27.72
2017/8/02,27.85,518900.00,27.76,27.88,27.66
2017/8/03,27.81,105500.00,27.86,27.86,27.67
2017/8/04,27.76,219000.00,27.72,27.80,27.60
2017/8/07,27.86,104800.00,27.81,27.88,27.76
2017/8/08,27.87,120100.00,27.86,27.92,27.85
2017/8/09,27.68,383600.00,27.92,28.11,27.66
2017/8/10,27.68,184900.00,27.68,27.76,27.56
2017/8/11,27.56,88000.00,27.65,27.65,27.49
2017/8/14,27.76,157200.00,27.60,27.80,27.60
2017/8/15,27.75,180900.00,27.66,27.80,27.66
2017/8/16,27.88,300900.00,27.73,27.89,27.72
2017/8/17,27.53,135400.00,27.86,27.87,27.51
2017/8/18,27.70,80800.00,27.57,27.82,27.51
2017/8/21,27.75,161500.00,27.73,27.80,27.67
2017/8/22,27.93,111400.00,27.75,27.94,27.75
2017/8/23,28.05,192600.00,27.88,28.08,27.87
2017/8/24,28.02,96900.00,28.08,28.28,27.96
2017/8/25,28.10,99500.00,28.11,28.22,28.06
2017/8/28,28.19,214300.00,28.15,28.21,28.05
2017/8/29,28.11,74900.00,28.17,28.25,28.07
2017/8/30,28.01,119900.00,28.11,28.11,27.99
2017/8/31,28.03,91300.00,28.06,28.11,28.02
2017/9/01,28.01,207900.00,28.06,28.14,27.97
2017/9/05,27.97,104600.00,28.07,28.08,27.90
2017/9/06,27.76,162100.00,28.01,28.15,27.76
2017/9/07,27.83,101900.00,27.81,27.95,27.75
2017/9/08,27.95,99000.00,27.80,27.96,27.72
2017/9/11,28.13,439700.00,27.97,28.15,27.97
2017/9/12,27.84,152500.00,28.11,28.11,27.78
2017/9/13,27.68,96200.00,27.83,27.83,27.68
2017/9/14,27.84,81500.00,27.66,27.84,27.63
2017/9/15,27.92,328400.00,27.85,27.92,27.77
2017/9/18,27.67,123700.00,27.90,27.90,27.52
2017/9/19,27.69,232000.00,27.68,27.75,27.64
2017/9/20,27.53,161300.00,27.76,27.76,27.47
2017/9/21,27.32,102400.00,27.29,27.47,27.29
2017/9/22,27.17,94200.00,27.40,27.40,27.17
2017/9/25,27.45,226000.00,27.19,27.47,27.19
2017/9/26,27.39,158500.00,27.42,27.51,27.35
2017/9/27,27.05,117500.00,27.24,27.35,26.94
2017/9/28,27.15,83700.00,27.03,27.18,26.92
2017/9/29,27.02,89300.00,27.15,27.15,27.00
2017/10/02,27.14,2306400.00,27.06,27.22,27.03
2017/10/03,27.20,891100.00,27.18,27.20,26.98
2017/10/04,27.34,360800.00,27.22,27.35,27.13
2017/10/05,27.31,138200.00,27.35,27.42,27.25
2017/10/06,27.23,136600.00,27.17,27.23,27.13
2017/10/09,27.26,584200.00,27.26,27.33,27.21
2017/10/10,27.44,371100.00,27.31,27.46,27.28
2017/10/11,27.53,546100.00,27.37,27.61,27.37
2017/10/12,27.54,386400.00,27.49,27.59,27.49
2017/10/13,27.38,97800.00,27.62,27.62,27.35
2017/10/16,27.28,433200.00,27.39,27.39,27.16
2017/10/17,27.32,365300.00,27.26,27.40,27.22
2017/10/18,27.22,196500.00,27.28,27.30,27.17
2017/10/19,27.37,108000.00,27.28,27.38,27.24
2017/10/20,27.42,104100.00,27.33,27.44,27.33
2017/10/23,27.41,306100.00,27.47,27.47,27.35
2017/10/24,27.45,119600.00,27.40,27.47,27.36
2017/10/25,27.33,531600.00,27.34,27.35,27.06
2017/10/26,27.36,326300.00,27.39,27.55,27.36
2017/10/27,27.41,269800.00,27.36,27.45,27.24
2017/10/30,27.23,151800.00,27.40,27.40,27.15
2017/10/31,27.41,110500.00,27.30,27.44,27.20
2017/11/01,27.11,226600.00,27.52,27.52,27.10
2017/11/02,27.10,694300.00,27.16,27.22,27.03
2017/11/03,27.16,117100.00,27.09,27.27,27.09
2017/11/06,27.15,87200.00,27.13,27.21,27.03
2017/11/07,27.27,123800.00,27.16,27.34,27.14
2017/11/08,27.18,8318200.00,27.23,27.33,26.98
2017/11/09,27.09,3315900.00,26.93,27.18,26.93
2017/11/10,27.05,28270200.00,26.95,27.09,26.92
2017/11/13,27.26,1000200.00,27.02,27.28,26.98
2017/11/14,27.43,706300.00,27.13,27.45,27.13
2017/11/15,27.29,789100.00,27.42,27.45,27.24
2017/11/16,27.34,1121600.00,27.29,27.40,27.27
2017/11/17,27.24,429000.00,27.31,27.37,27.24
2017/11/20,27.15,313600.00,27.25,27.27,27.10
2017/11/21,27.18,216900.00,27.20,27.23,27.14
2017/11/22,27.24,298200.00,27.18,27.25,27.10
