2014/11/25,127.89,62100.00,127.75,128.19,127.40
2014/11/26,127.96,53900.00,127.95,128.11,127.63
2014/11/28,126.82,17400.00,127.91,127.91,126.77
2014/12/01,125.58,57500.00,126.50,126.54,125.34
2014/12/02,126.34,69600.00,125.69,126.57,125.50
2014/12/03,127.42,51300.00,126.35,127.53,126.35
2014/12/04,127.17,63300.00,127.22,127.38,126.74
2014/12/05,127.17,58700.00,127.38,127.45,126.93
2014/12/08,126.29,65300.00,126.87,127.67,125.90
2014/12/09,127.21,176800.00,125.19,127.21,125.10
2014/12/10,124.88,92300.00,126.76,126.79,124.75
2014/12/11,125.51,48100.00,125.45,126.62,125.33
2014/12/12,123.64,78500.00,124.72,125.09,123.64
2014/12/15,122.81,108900.00,124.32,124.66,122.51
2014/12/16,122.60,116700.00,122.32,124.34,122.05
2014/12/17,125.39,133600.00,123.15,125.55,122.72
2014/12/18,127.55,149300.00,126.84,127.55,126.20
2014/12/19,127.95,183800.00,127.64,128.26,127.10
2014/12/22,128.46,108100.00,128.15,128.48,127.83
2014/12/23,129.24,154800.00,129.08,129.50,128.64
2014/12/24,128.77,25800.00,128.83,128.88,128.18
2014/12/26,129.01,64400.00,128.87,129.58,128.87
2014/12/29,129.84,54700.00,128.88,130.31,128.83
2014/12/30,129.32,68000.00,129.69,129.93,129.32
2014/12/31,127.83,98500.00,129.69,129.69,127.83
2015/1/02,127.64,97100.00,128.59,128.81,126.72
2015/1/05,125.14,121200.00,126.77,126.77,124.73
2015/1/06,123.43,104100.00,125.25,125.25,122.84
2015/1/07,124.75,100700.00,124.25,124.81,123.75
2015/1/08,126.95,67000.00,125.77,127.00,125.65
2015/1/09,125.54,87800.00,126.94,127.13,125.19
2015/1/12,124.49,94100.00,125.59,125.59,123.87
2015/1/13,124.33,151200.00,125.31,126.57,123.12
2015/1/14,123.65,119100.00,122.87,123.76,122.03
2015/1/15,122.19,95400.00,124.09,124.09,122.11
2015/1/16,123.95,104400.00,121.73,123.97,121.73
2015/1/20,123.28,227900.00,124.00,124.21,122.47
2015/1/21,124.32,91600.00,122.84,124.47,122.82
2015/1/22,126.66,67400.00,125.23,126.70,124.23
2015/1/23,125.82,122600.00,126.41,126.73,125.79
2015/1/26,127.36,138400.00,125.69,127.40,125.50
2015/1/27,126.54,67000.00,126.01,127.16,125.64
2015/1/28,124.75,103600.00,127.20,127.50,124.48
2015/1/29,125.52,59500.00,124.90,125.56,123.54
2015/1/30,124.11,66100.00,124.46,125.27,123.83
2015/2/02,125.58,342300.00,124.52,125.76,123.18
2015/2/03,128.41,109400.00,126.14,128.44,126.14
2015/2/04,127.48,126100.00,127.90,128.23,127.27
2015/2/05,129.07,75200.00,127.83,129.23,127.83
2015/2/06,128.97,89500.00,129.41,129.99,128.63
2015/2/09,128.65,66000.00,128.55,129.38,128.40
2015/2/10,129.36,140500.00,129.54,129.54,128.14
2015/2/11,129.09,102700.00,129.07,129.58,128.49
2015/2/12,130.44,97900.00,129.88,130.59,129.75
2015/2/13,131.25,63700.00,130.52,131.33,130.52
2015/2/17,131.32,148000.00,131.34,131.56,130.64
2015/2/18,131.52,72500.00,131.05,131.63,130.92
2015/2/19,131.47,141900.00,130.82,131.77,130.76
2015/2/20,132.31,73400.00,131.44,132.32,130.57
2015/2/23,132.00,75500.00,132.02,132.02,131.22
2015/2/24,132.45,96500.00,131.89,132.53,131.89
2015/2/25,132.29,58600.00,132.27,132.58,131.99
2015/2/26,131.92,89700.00,132.33,132.36,131.60
2015/2/27,131.23,70800.00,131.52,131.88,131.23
2015/3/02,131.85,66500.00,131.32,131.92,131.20
2015/3/03,131.32,50000.00,131.57,131.63,131.00
2015/3/04,130.82,65700.00,130.74,130.88,130.09
2015/3/05,130.75,76100.00,131.04,131.04,130.26
2015/3/06,129.27,76900.00,130.22,130.79,129.08
2015/3/09,129.48,142600.00,129.41,129.78,129.38
2015/3/10,127.59,53400.00,128.39,128.42,127.59
2015/3/11,128.35,52500.00,127.86,128.42,127.25
2015/3/12,129.83,64900.00,128.85,129.94,128.85
2015/3/13,128.94,56300.00,129.51,129.51,127.94
2015/3/16,130.07,65600.00,129.32,130.15,129.32
2015/3/17,130.28,67500.00,129.74,130.48,129.62
2015/3/18,131.86,99700.00,130.01,132.38,129.88
2015/3/19,131.18,47900.00,131.39,131.53,130.76
2015/3/20,132.61,46200.00,131.87,132.76,131.54
2015/3/23,132.60,52300.00,132.61,133.10,132.60
2015/3/24,132.21,107700.00,132.63,132.66,132.15
2015/3/25,129.70,93400.00,131.95,131.95,129.70
2015/3/26,129.26,112100.00,129.49,129.71,128.89
2015/3/27,129.53,54300.00,129.25,129.60,128.87
2015/3/30,131.52,50100.00,130.28,131.74,130.28
2015/3/31,130.95,83900.00,130.97,131.30,130.58
2015/4/01,130.77,288400.00,130.88,130.91,129.88
2015/4/02,131.31,56700.00,130.75,131.79,130.66
2015/4/06,132.66,66200.00,130.70,132.70,130.70
2015/4/07,131.67,58100.00,132.64,132.67,131.63
2015/4/08,131.83,49700.00,131.78,132.19,131.28
2015/4/09,132.12,69100.00,131.79,132.25,131.31
2015/4/10,132.41,41700.00,132.46,132.63,132.05
2015/4/13,132.11,40400.00,132.37,132.57,132.04
2015/4/14,132.45,48400.00,132.14,132.47,131.46
2015/4/15,133.44,54700.00,132.95,133.95,132.88
2015/4/16,132.80,48300.00,133.23,133.28,132.50
2015/4/17,131.04,96700.00,132.08,132.08,130.60
2015/4/20,132.12,71500.00,131.70,132.40,131.69
2015/4/21,131.75,58900.00,132.51,132.62,131.53
2015/4/22,132.17,55600.00,131.82,132.21,130.88
2015/4/23,132.78,59300.00,132.00,133.13,132.00
2015/4/24,132.19,63500.00,132.91,132.91,132.03
2015/4/27,131.48,55200.00,132.33,132.78,131.25
2015/4/28,132.31,61800.00,131.34,132.33,130.95
2015/4/29,131.98,55400.00,131.64,132.46,131.45
2015/4/30,130.55,92200.00,131.57,131.67,130.28
2015/5/01,131.37,200400.00,130.97,131.55,130.51
2015/5/04,131.91,64000.00,131.58,132.15,131.51
2015/5/05,130.24,79800.00,131.82,132.34,130.07
2015/5/06,130.24,78700.00,130.83,130.83,129.57
2015/5/07,130.31,58400.00,130.28,130.68,129.70
2015/5/08,131.48,87600.00,131.43,131.86,131.21
2015/5/11,131.69,46600.00,131.43,132.01,131.40
2015/5/12,131.51,42900.00,131.28,131.76,130.32
2015/5/13,131.72,41400.00,131.83,132.12,131.36
2015/5/14,132.85,50400.00,132.39,132.87,132.13
2015/5/15,132.61,58100.00,132.75,132.86,132.35
2015/5/18,133.72,71900.00,132.54,133.80,132.38
2015/5/19,133.31,57300.00,133.65,133.65,132.96
2015/5/20,133.41,54300.00,133.52,133.74,133.10
2015/5/21,133.61,49100.00,133.40,133.92,133.26
2015/5/22,133.41,50800.00,133.26,133.67,133.10
2015/5/26,131.71,66700.00,132.96,132.96,131.48
2015/5/27,132.87,62300.00,132.03,132.95,131.71
2015/5/28,132.56,45800.00,132.67,132.87,131.99
2015/5/29,131.80,47500.00,132.52,132.52,131.38
2015/6/01,131.76,129200.00,132.11,132.30,131.11
2015/6/02,132.12,161900.00,131.35,132.52,131.35
2015/6/03,132.82,91300.00,132.28,133.38,132.08
2015/6/04,131.62,52600.00,132.32,132.51,131.43
2015/6/05,132.09,122700.00,131.56,132.15,130.82
2015/6/08,131.28,163100.00,132.03,132.23,131.16
2015/6/09,131.12,47300.00,131.35,131.66,130.96
2015/6/10,132.84,91200.00,132.08,133.35,132.04
2015/6/11,133.38,56500.00,133.24,133.50,133.00
2015/6/12,132.64,52900.00,132.89,133.00,132.48
2015/6/15,131.83,62600.00,131.80,132.07,130.81
2015/6/16,132.71,48000.00,131.64,132.93,131.26
2015/6/17,132.45,79500.00,133.10,133.36,132.24
2015/6/18,133.28,54100.00,132.87,133.78,132.82
2015/6/19,132.91,62700.00,133.20,133.51,132.91
2015/6/22,133.61,46100.00,133.75,133.75,133.24
2015/6/23,133.98,44100.00,133.73,134.01,133.58
2015/6/24,132.29,57000.00,133.28,133.37,132.25
2015/6/25,131.68,41900.00,132.66,132.66,131.52
2015/6/26,131.99,46500.00,131.92,132.10,131.50
2015/6/29,129.13,77100.00,130.84,131.37,129.09
2015/6/30,128.96,68200.00,130.12,130.13,128.64
2015/7/01,129.23,115200.00,129.59,129.86,128.75
2015/7/02,128.99,59000.00,129.48,129.65,128.61
2015/7/06,128.26,68200.00,127.94,129.02,127.59
2015/7/07,128.86,116100.00,128.44,128.96,126.43
2015/7/08,126.89,98800.00,127.87,128.34,126.35
2015/7/09,126.98,38100.00,128.16,128.39,126.94
2015/7/10,128.15,35900.00,128.25,128.74,127.66
2015/7/13,129.21,57200.00,128.80,129.30,128.69
2015/7/14,129.71,85100.00,129.03,129.83,129.03
2015/7/15,128.73,61600.00,129.78,129.80,128.50
2015/7/16,129.10,62500.00,129.31,129.39,128.74
2015/7/17,127.90,47200.00,129.03,129.03,127.72
2015/7/20,127.48,94500.00,127.89,127.89,127.28
2015/7/21,126.52,174900.00,127.29,127.86,126.44
2015/7/22,126.63,165300.00,126.33,126.75,126.09
2015/7/23,125.79,46700.00,126.85,127.04,125.65
2015/7/24,124.41,122100.00,125.99,126.12,124.28
2015/7/27,123.28,359900.00,123.69,123.94,123.08
2015/7/28,124.62,82300.00,123.80,124.76,122.89
2015/7/29,126.20,51100.00,124.55,126.27,124.46
2015/7/30,126.18,83600.00,125.93,126.25,125.45
2015/7/31,126.12,65600.00,126.32,126.75,126.00
2015/8/03,125.37,181200.00,126.10,126.10,124.94
2015/8/04,125.37,64300.00,125.71,126.23,125.14
2015/8/05,125.99,56300.00,126.11,127.13,125.65
2015/8/06,125.55,81100.00,126.20,126.38,124.78
2015/8/07,125.00,42300.00,125.42,125.71,124.72
2015/8/10,127.40,52000.00,125.76,127.42,125.69
2015/8/11,126.18,55600.00,126.45,126.66,125.67
2015/8/12,125.87,82100.00,125.47,126.13,123.90
2015/8/13,125.57,52200.00,125.82,125.97,125.30
2015/8/14,126.38,72800.00,125.59,126.41,125.43
2015/8/17,127.34,56400.00,126.11,127.34,125.65
2015/8/18,126.64,46000.00,127.15,127.31,126.45
2015/8/19,125.25,58300.00,126.05,126.06,124.56
2015/8/20,122.35,213900.00,124.05,124.26,122.35
2015/8/21,119.83,186100.00,121.35,121.77,119.79
2015/8/24,90.90,453300.00,114.22,118.72,85.09
2015/8/25,113.63,120900.00,116.45,118.91,113.63
2015/8/26,116.53,190800.00,114.87,116.85,113.85
2015/8/27,119.77,130800.00,117.69,120.10,117.56
2015/8/28,120.53,112100.00,119.51,120.78,119.41
2015/8/31,120.42,98500.00,120.15,121.01,119.56
2015/9/01,116.66,121900.00,119.26,119.26,116.26
2015/9/02,118.03,159400.00,117.82,118.13,116.44
2015/9/03,118.76,100000.00,118.26,119.77,118.15
2015/9/04,117.27,73500.00,117.69,118.04,116.90
2015/9/08,120.10,63200.00,119.00,120.17,118.69
2015/9/09,118.73,59000.00,121.00,121.14,118.58
2015/9/10,118.83,62200.00,118.62,120.09,118.45
2015/9/11,119.20,54900.00,118.54,119.20,117.88
2015/9/14,118.65,75300.00,119.46,119.46,118.47
2015/9/15,120.10,54500.00,118.86,120.26,118.86
2015/9/16,121.52,69700.00,120.31,121.63,120.21
2015/9/17,120.98,57100.00,121.49,122.63,120.79
2015/9/18,118.73,153400.00,119.47,120.01,118.52
2015/9/21,119.26,69500.00,119.40,120.46,119.18
2015/9/22,117.61,77800.00,118.04,118.52,117.13
2015/9/23,117.25,53200.00,117.96,118.21,117.06
2015/9/24,117.06,55700.00,116.36,117.36,115.73
2015/9/25,116.35,106700.00,117.58,117.58,116.12
2015/9/28,113.76,92200.00,115.90,115.99,113.65
2015/9/29,113.83,107900.00,113.89,114.47,113.24
2015/9/30,115.35,74300.00,114.90,115.47,114.22
2015/10/01,115.08,201200.00,115.46,115.92,113.93
2015/10/02,116.85,78000.00,114.21,116.85,113.47
2015/10/05,119.57,184600.00,117.59,119.65,117.59
2015/10/06,119.71,158000.00,119.51,120.31,119.39
2015/10/07,121.33,122500.00,120.49,121.39,119.89
2015/10/08,122.96,71900.00,121.22,123.25,121.15
2015/10/09,122.77,190100.00,123.19,123.41,122.35
2015/10/12,122.40,245800.00,122.89,122.89,122.00
2015/10/13,121.45,68400.00,121.78,122.94,121.38
2015/10/14,120.72,54100.00,121.45,121.91,120.61
2015/10/15,121.93,77700.00,121.00,121.93,119.93
2015/10/16,121.77,50300.00,122.13,122.14,120.92
2015/10/19,121.55,99800.00,121.15,121.88,121.09
2015/10/20,121.99,74400.00,121.44,122.50,121.44
2015/10/21,120.60,113900.00,122.27,122.29,120.46
2015/10/22,121.60,63000.00,120.94,122.10,120.91
2015/10/23,122.40,72300.00,122.27,122.61,121.65
2015/10/26,121.87,62400.00,122.24,122.27,121.57
2015/10/27,120.48,83200.00,121.25,121.35,119.93
2015/10/28,123.31,149200.00,120.81,123.31,120.73
2015/10/29,122.64,75400.00,122.95,123.35,122.23
2015/10/30,122.35,50900.00,122.56,123.09,122.29
2015/11/02,124.38,172600.00,122.47,124.50,122.36
2015/11/03,124.92,95600.00,124.21,125.59,124.21
2015/11/04,124.64,85500.00,125.14,125.24,124.31
2015/11/05,124.65,66600.00,124.73,124.92,123.67
2015/11/06,124.62,54400.00,124.43,124.68,123.88
2015/11/09,123.57,60600.00,124.52,124.52,122.84
2015/11/10,124.15,72800.00,123.25,124.15,123.01
2015/11/11,123.36,57300.00,124.57,124.57,123.22
2015/11/12,120.31,87500.00,122.39,122.39,120.31
2015/11/13,119.42,62600.00,119.91,120.40,119.09
2015/11/16,121.03,122800.00,119.30,121.05,119.24
2015/11/17,120.33,101600.00,121.14,121.63,120.16
2015/11/18,122.56,74800.00,120.78,122.57,120.67
2015/11/19,122.33,54600.00,122.40,122.56,121.91
2015/11/20,122.70,51600.00,122.62,123.10,122.49
2015/11/23,122.99,72700.00,122.56,123.47,122.56
2015/11/24,124.07,73000.00,122.53,124.31,122.35
2015/11/25,124.28,126000.00,124.06,124.55,123.89
2015/11/27,124.55,18100.00,124.32,124.75,123.98
2015/11/30,124.18,79700.00,124.92,124.94,123.96
2015/12/01,125.13,102400.00,124.64,125.16,124.37
2015/12/02,123.43,195200.00,125.01,125.24,123.25
2015/12/03,121.59,135000.00,123.82,123.92,121.11
2015/12/04,122.86,82600.00,121.74,123.05,121.61
2015/12/07,121.07,88300.00,122.40,122.40,120.50
2015/12/08,120.02,115800.00,120.04,120.58,119.41
2015/12/09,118.81,119600.00,119.77,121.17,118.52
2015/12/10,119.28,80800.00,118.78,120.05,118.55
2015/12/11,117.18,147900.00,117.99,118.50,116.86
2015/12/14,116.29,189100.00,117.08,117.64,115.62
2015/12/15,117.65,133100.00,117.07,117.90,117.05
2015/12/16,118.75,105600.00,118.26,119.05,117.53
2015/12/17,117.26,131500.00,119.10,119.10,117.26
2015/12/18,115.53,117400.00,116.92,116.92,115.52
2015/12/21,116.41,184400.00,116.27,116.63,115.49
2015/12/22,117.65,175000.00,116.82,118.03,116.07
2015/12/23,119.72,142100.00,118.43,119.78,118.37
2015/12/24,119.10,69200.00,119.05,119.48,118.63
2015/12/28,118.38,137400.00,118.49,118.53,117.26
2015/12/29,119.31,85500.00,119.02,119.60,118.53
2015/12/30,118.36,114700.00,119.04,119.37,118.26
2015/12/31,117.20,148700.00,118.02,118.55,117.15
2016/1/04,115.97,202200.00,115.56,115.97,114.64
2016/1/05,115.92,230700.00,116.27,116.27,115.18
2016/1/06,113.87,99100.00,114.29,114.84,113.30
2016/1/07,110.87,124100.00,111.99,112.77,110.73
2016/1/08,109.34,124700.00,111.51,111.51,109.18
2016/1/11,109.04,96700.00,109.80,110.02,108.05
2016/1/12,109.14,115100.00,110.06,110.24,107.54
2016/1/13,106.28,79300.00,109.51,109.94,105.88
2016/1/14,107.68,196200.00,106.77,108.39,105.47
2016/1/15,105.84,213000.00,105.11,106.00,103.78
2016/1/19,104.94,172500.00,106.84,106.84,104.09
2016/1/20,104.07,325000.00,103.64,105.12,100.71
2016/1/21,104.47,129200.00,104.27,106.05,103.69
2016/1/22,106.99,147100.00,106.11,107.26,105.82
2016/1/25,104.62,190300.00,106.47,106.58,104.44
2016/1/26,107.50,217900.00,105.20,107.50,105.20
2016/1/27,106.68,95900.00,107.07,108.31,106.12
2016/1/28,107.12,109200.00,107.64,108.16,106.41
2016/1/29,110.66,195000.00,107.62,110.67,107.62
2016/2/01,110.23,99700.00,109.91,110.70,109.28
2016/2/02,107.90,114500.00,109.05,109.13,107.57
2016/2/03,109.17,95300.00,108.65,109.41,106.34
2016/2/04,110.44,119700.00,109.00,111.36,109.00
2016/2/05,108.55,109300.00,109.98,110.31,108.54
2016/2/08,107.17,146800.00,107.47,107.53,105.64
2016/2/09,106.55,77900.00,105.89,107.54,105.79
2016/2/10,106.48,126900.00,107.07,108.16,106.44
2016/2/11,104.74,157200.00,104.85,105.71,103.92
2016/2/12,106.86,101100.00,105.81,107.01,105.47
2016/2/16,109.04,81300.00,108.03,109.10,107.22
2016/2/17,110.87,215300.00,109.87,111.38,109.86
2016/2/18,111.03,137300.00,111.19,111.37,110.49
2016/2/19,110.68,111900.00,110.48,110.73,109.52
2016/2/22,112.23,77700.00,111.79,112.51,111.69
2016/2/23,110.96,113300.00,111.81,112.04,110.96
2016/2/24,111.75,97300.00,109.94,111.85,109.34
2016/2/25,112.72,86900.00,111.83,112.72,111.50
2016/2/26,113.42,62800.00,113.37,113.87,112.97
2016/2/29,113.10,58500.00,113.33,114.24,113.10
2016/3/01,115.31,92200.00,113.91,115.31,113.39
2016/3/02,116.87,200300.00,115.21,116.87,115.01
2016/3/03,118.52,66800.00,116.76,118.52,116.72
2016/3/04,119.57,65900.00,118.69,120.15,118.41
2016/3/07,120.67,202000.00,119.14,120.67,119.14
2016/3/08,118.13,115200.00,120.03,120.03,118.03
2016/3/09,118.79,65800.00,118.71,119.10,118.12
2016/3/10,118.60,54900.00,119.07,119.39,117.29
2016/3/11,120.97,68100.00,119.61,121.02,119.58
2016/3/14,120.51,108700.00,120.69,120.83,119.97
2016/3/15,119.69,54500.00,119.70,119.97,119.10
2016/3/16,121.18,89700.00,119.43,121.36,119.27
2016/3/17,122.98,125300.00,121.13,123.29,120.81
2016/3/18,123.49,126000.00,123.21,124.26,123.06
2016/3/21,123.55,145100.00,123.34,123.76,122.90
2016/3/22,123.48,102500.00,122.85,123.87,122.63
2016/3/23,121.14,109600.00,122.54,122.78,121.13
2016/3/24,121.54,1261000.00,120.51,121.55,119.92
2016/3/28,121.82,265800.00,121.88,122.07,121.02
2016/3/29,123.93,95800.00,121.43,123.96,121.17
2016/3/30,124.02,153400.00,124.67,124.72,123.65
2016/3/31,124.04,211700.00,124.04,124.40,123.81
2016/4/01,124.33,634500.00,123.22,124.36,122.66
2016/4/04,123.00,282300.00,124.33,124.34,122.89
2016/4/05,121.67,1122000.00,122.13,122.54,121.54
2016/4/06,122.43,274900.00,121.59,122.44,121.02
2016/4/07,120.76,126700.00,121.78,121.97,120.17
2016/4/08,121.77,127600.00,121.77,122.65,121.46
2016/4/11,121.86,68600.00,122.44,123.17,121.85
2016/4/12,123.51,107400.00,122.08,123.70,121.87
2016/4/13,125.53,85400.00,124.24,125.53,124.12
2016/4/14,125.02,92300.00,125.52,125.52,124.84
2016/4/15,125.33,119200.00,124.77,125.44,124.64
2016/4/18,125.81,178000.00,124.63,125.97,124.41
2016/4/19,126.69,77500.00,126.26,127.09,126.20
2016/4/20,126.51,178500.00,126.77,127.24,126.10
2016/4/21,125.26,77600.00,126.72,126.74,125.18
2016/4/22,126.61,172700.00,125.55,126.93,125.55
2016/4/25,125.82,1126500.00,126.31,126.41,125.30
2016/4/26,127.13,214100.00,126.12,127.20,126.04
2016/4/27,128.04,229500.00,127.20,128.17,126.99
2016/4/28,126.65,127600.00,127.44,128.13,126.47
2016/4/29,126.15,121700.00,126.39,126.64,125.19
2016/5/02,126.98,410800.00,126.39,126.99,125.56
2016/5/03,124.95,200400.00,126.00,126.00,124.24
2016/5/04,124.14,1268400.00,124.17,125.45,123.85
2016/5/05,123.94,206100.00,124.58,125.05,123.62
2016/5/06,124.44,190900.00,123.28,124.50,123.28
2016/5/09,123.94,118600.00,124.34,124.42,123.42
2016/5/10,125.59,334300.00,124.43,125.59,124.27
2016/5/11,124.42,77000.00,125.23,125.46,124.42
2016/5/12,124.25,95900.00,125.00,125.16,123.53
2016/5/13,122.84,261000.00,123.80,124.16,122.45
2016/5/16,124.19,297700.00,123.32,124.64,123.27
2016/5/17,123.06,89600.00,124.00,124.71,122.62
2016/5/18,122.52,110900.00,122.64,123.92,122.05
2016/5/19,122.13,74000.00,121.71,122.61,121.11
2016/5/20,123.77,92200.00,122.83,123.96,122.66
2016/5/23,123.48,205000.00,123.75,123.97,123.24
2016/5/24,125.35,100500.00,124.25,125.52,123.99
2016/5/25,126.84,102300.00,125.90,126.94,125.90
2016/5/26,126.75,75700.00,127.06,127.41,126.51
2016/5/27,127.63,76700.00,126.69,127.66,126.64
2016/5/31,127.88,77600.00,128.06,128.51,127.43
2016/6/01,128.38,87700.00,127.19,128.49,126.90
2016/6/02,129.15,109000.00,127.93,129.15,127.75
2016/6/03,128.79,110300.00,129.07,129.08,127.91
2016/6/06,130.17,233200.00,129.07,130.46,129.05
2016/6/07,130.83,85600.00,130.35,131.18,130.22
2016/6/08,131.44,274200.00,130.96,131.61,130.96
2016/6/09,131.01,76300.00,130.99,131.13,130.27
2016/6/10,129.06,110100.00,129.88,129.95,128.68
2016/6/13,127.49,94600.00,128.55,129.11,127.42
2016/6/14,127.04,78200.00,127.20,127.70,126.40
2016/6/15,127.34,87500.00,127.41,128.29,127.20
2016/6/16,127.12,74300.00,126.62,127.20,125.44
2016/6/17,127.80,58900.00,127.42,128.15,127.12
2016/6/20,129.04,101800.00,129.55,129.94,128.96
2016/6/21,128.49,730100.00,128.47,128.90,127.88
2016/6/22,128.12,106100.00,128.82,129.17,128.09
2016/6/23,130.50,58000.00,129.41,130.50,129.41
2016/6/24,125.14,1118500.00,126.05,127.38,124.92
2016/6/27,121.21,239700.00,123.70,123.70,120.67
2016/6/28,123.41,138400.00,122.42,123.49,122.21
2016/6/29,125.51,126600.00,124.72,125.67,124.63
2016/6/30,128.05,282300.00,125.75,128.05,125.26
2016/7/01,128.52,283700.00,127.89,129.01,127.89
2016/7/05,126.47,143700.00,127.92,128.00,125.68
2016/7/06,127.01,919300.00,125.90,127.11,125.43
2016/7/07,127.03,257300.00,127.33,128.23,126.44
2016/7/08,129.52,162000.00,128.15,129.70,128.15
2016/7/11,130.36,376000.00,130.10,130.65,129.90
2016/7/12,132.05,225500.00,131.35,132.43,131.01
2016/7/13,131.75,154300.00,132.46,132.54,131.24
2016/7/14,132.10,79800.00,132.65,132.85,132.10
2016/7/15,132.15,105500.00,132.45,132.67,131.92
2016/7/18,132.30,197700.00,132.05,132.49,131.67
2016/7/19,131.87,85800.00,132.00,132.07,131.34
2016/7/20,132.39,217600.00,131.98,132.63,131.29
2016/7/21,131.74,105600.00,132.27,132.81,131.54
2016/7/22,132.53,81200.00,131.67,132.60,131.48
2016/7/25,131.92,92200.00,132.28,132.37,131.71
2016/7/26,132.81,97400.00,131.88,132.87,131.88
2016/7/27,132.28,102800.00,132.90,133.22,131.73
2016/7/28,132.64,84400.00,132.06,132.91,131.78
2016/7/29,133.12,99600.00,132.47,133.43,132.02
2016/8/01,132.38,115500.00,133.18,133.18,132.11
2016/8/02,130.75,351900.00,132.30,132.48,130.35
2016/8/03,131.80,244400.00,130.73,131.82,130.43
2016/8/04,131.79,103200.00,131.91,132.38,131.59
2016/8/05,133.29,81200.00,132.50,133.51,132.36
2016/8/08,133.56,134700.00,133.46,133.96,133.46
2016/8/09,133.25,111500.00,133.64,133.75,133.12
2016/8/10,132.59,128400.00,133.35,133.50,132.41
2016/8/11,133.11,109000.00,133.19,133.38,132.74
2016/8/12,132.82,90800.00,133.03,133.33,132.45
2016/8/15,134.00,89500.00,133.17,134.31,133.17
2016/8/16,132.80,105300.00,133.65,133.72,132.75
2016/8/17,132.64,91800.00,132.68,132.71,131.75
2016/8/18,133.74,67400.00,132.68,133.74,132.68
2016/8/19,133.76,80900.00,133.35,133.85,132.96
2016/8/22,133.80,96000.00,133.50,133.80,133.08
2016/8/23,134.47,249900.00,134.42,134.94,134.22
2016/8/24,133.57,186100.00,134.37,134.37,133.34
2016/8/25,133.80,178900.00,133.29,134.13,133.16
2016/8/26,133.17,206000.00,134.05,134.87,132.58
2016/8/29,134.26,76700.00,133.48,134.59,133.46
2016/8/30,134.13,173500.00,134.35,134.56,133.51
2016/8/31,133.69,178500.00,133.90,134.09,132.89
2016/9/01,133.37,261900.00,133.72,133.87,132.39
2016/9/02,134.78,635000.00,134.05,134.78,134.05
2016/9/06,134.76,118300.00,135.07,135.07,133.97
2016/9/07,135.29,142100.00,134.59,135.29,134.40
2016/9/08,134.78,88700.00,135.02,135.24,134.57
2016/9/09,130.68,140500.00,133.62,133.62,130.67
2016/9/12,132.07,292600.00,129.98,132.26,129.72
2016/9/13,129.39,309600.00,131.08,131.20,128.89
2016/9/14,128.89,103500.00,129.57,129.98,128.65
2016/9/15,130.30,98900.00,128.95,130.55,128.71
2016/9/16,129.61,70900.00,129.66,129.87,129.17
2016/9/19,130.84,87700.00,130.33,131.58,130.32
2016/9/20,130.03,138300.00,131.30,131.30,130.03
2016/9/21,132.15,89400.00,130.63,132.20,130.47
2016/9/22,133.89,157200.00,133.05,134.05,133.04
2016/9/23,132.59,101600.00,133.46,133.90,132.59
2016/9/26,131.39,92100.00,131.28,131.99,131.25
2016/9/27,131.41,85300.00,131.23,131.60,130.80
2016/9/28,133.07,168900.00,131.71,133.18,130.90
2016/9/29,131.83,170300.00,133.01,133.40,131.40
2016/9/30,133.00,127000.00,132.65,133.55,132.15
2016/10/03,132.04,1970600.00,132.50,132.87,131.81
2016/10/04,131.36,1025000.00,132.21,132.53,130.74
2016/10/05,132.31,409400.00,131.95,132.92,131.95
2016/10/06,132.56,205000.00,131.94,132.71,131.58
2016/10/07,131.46,121700.00,132.70,132.90,130.93
2016/10/10,132.56,172400.00,132.33,133.44,132.33
2016/10/11,130.55,101100.00,132.19,132.19,129.97
2016/10/12,131.01,168000.00,130.72,131.45,130.35
2016/10/13,130.40,86200.00,130.10,130.78,129.22
2016/10/14,130.37,158300.00,131.02,131.54,130.31
2016/10/17,130.33,171800.00,130.51,130.93,130.24
2016/10/18,131.12,124900.00,131.69,131.69,130.63
2016/10/19,131.85,287800.00,131.26,132.22,130.85
2016/10/20,131.42,93300.00,131.48,131.99,130.81
2016/10/21,131.33,62300.00,130.62,131.43,130.25
2016/10/24,131.77,87100.00,132.05,132.67,131.35
2016/10/25,130.92,302600.00,131.60,131.77,130.70
2016/10/26,130.62,98000.00,130.34,131.21,130.26
2016/10/27,129.60,97900.00,131.03,131.03,129.34
2016/10/28,129.21,124700.00,129.69,130.47,128.97
2016/10/31,130.19,114800.00,129.57,130.50,129.53
2016/11/01,128.87,218000.00,130.57,130.68,128.14
2016/11/02,127.55,160000.00,128.55,128.87,127.38
2016/11/03,127.53,73800.00,127.78,128.35,127.44
2016/11/04,127.71,304500.00,127.71,128.90,127.33
2016/11/07,130.46,114000.00,129.78,130.52,129.48
2016/11/08,130.65,80900.00,130.09,131.22,129.76
2016/11/09,133.89,151800.00,129.84,134.37,129.67
2016/11/10,135.03,326000.00,134.90,135.81,134.15
2016/11/11,136.46,502300.00,134.97,136.56,134.65
2016/11/14,139.13,1573000.00,137.55,139.19,137.40
2016/11/15,139.79,336200.00,139.15,139.97,138.65
2016/11/16,139.73,339800.00,139.56,139.96,139.14
2016/11/17,140.20,193800.00,140.12,140.68,140.00
2016/11/18,140.28,148000.00,140.45,140.52,140.09
2016/11/21,141.40,205300.00,140.89,141.51,140.64
2016/11/22,142.75,185800.00,141.87,142.83,141.77
2016/11/23,143.43,244500.00,142.53,143.47,142.25
2016/11/25,143.81,74000.00,143.73,143.82,143.51
2016/11/28,142.72,191100.00,143.78,143.81,142.55
2016/11/29,142.65,149600.00,142.65,143.21,142.22
2016/11/30,143.21,190600.00,143.64,143.84,143.17
2016/12/01,143.19,374500.00,143.93,144.27,142.88
2016/12/02,143.43,160200.00,143.45,143.94,143.04
2016/12/05,145.07,287800.00,144.26,145.18,144.26
2016/12/06,146.60,168900.00,145.25,146.60,144.90
2016/12/07,148.30,301900.00,146.67,148.46,146.55
2016/12/08,149.92,431600.00,148.81,150.26,148.39
2016/12/09,149.65,209200.00,150.14,150.14,149.36
2016/12/12,148.65,188500.00,149.83,150.28,148.39
2016/12/13,148.75,298900.00,149.15,149.41,147.82
2016/12/14,146.49,207400.00,148.48,148.90,146.47
2016/12/15,147.10,165200.00,146.68,148.04,146.05
2016/12/16,146.84,122700.00,147.28,148.31,146.50
2016/12/19,147.67,102900.00,146.95,147.72,146.92
2016/12/20,148.60,252300.00,148.27,148.85,147.90
2016/12/21,147.25,289100.00,147.88,147.90,147.20
2016/12/22,146.32,165300.00,147.19,147.25,145.89
2016/12/23,146.52,83100.00,146.22,146.65,146.22
2016/12/27,147.07,141200.00,146.68,147.42,146.57
2016/12/28,145.49,125700.00,147.31,147.42,145.24
2016/12/29,145.85,150600.00,145.59,146.41,145.24
2016/12/30,145.21,175000.00,146.10,146.10,144.87
2017/1/03,146.33,2524600.00,146.64,147.24,145.35
2017/1/04,148.78,1246100.00,146.79,148.94,146.78
2017/1/05,147.61,435400.00,148.49,148.64,147.00
2017/1/06,147.32,420100.00,147.76,148.05,147.00
2017/1/09,145.91,384600.00,147.08,147.12,145.65
2017/1/10,146.85,234700.00,146.24,147.37,145.96
2017/1/11,147.53,144200.00,147.00,147.59,146.44
2017/1/12,146.62,144900.00,147.40,147.45,145.05
2017/1/13,147.23,117200.00,146.95,147.97,146.95
2017/1/17,146.17,121200.00,146.94,147.23,145.95
2017/1/18,146.78,213600.00,146.47,146.84,145.84
2017/1/19,145.59,316500.00,146.92,147.47,144.93
2017/1/20,146.22,208800.00,146.06,146.62,145.69
2017/1/23,145.63,127000.00,145.85,146.27,144.81
2017/1/24,148.08,228700.00,146.37,148.41,146.37
2017/1/25,149.22,230200.00,148.77,149.39,148.62
2017/1/26,148.80,171000.00,149.32,149.66,148.46
2017/1/27,147.91,475000.00,148.89,149.17,147.62
2017/1/30,146.46,296500.00,147.04,147.04,145.00
2017/1/31,147.20,171000.00,146.18,147.42,145.54
2017/2/01,146.84,177000.00,147.98,148.53,146.24
2017/2/02,146.99,329500.00,146.83,147.48,146.44
2017/2/03,148.96,169600.00,148.11,149.06,147.81
2017/2/06,148.02,336800.00,148.54,148.95,147.76
2017/2/07,147.45,222300.00,148.23,148.53,147.00
2017/2/08,147.45,175500.00,146.89,147.54,146.35
2017/2/09,148.86,184800.00,147.80,149.06,147.80
2017/2/10,149.79,218500.00,149.63,150.00,149.17
2017/2/13,150.22,120900.00,150.41,150.67,150.12
2017/2/14,150.74,168900.00,149.97,150.77,149.57
2017/2/15,150.98,117400.00,150.34,151.19,150.10
2017/2/16,150.71,104000.00,150.91,151.12,149.95
2017/2/17,150.59,134000.00,150.25,150.60,149.79
2017/2/21,151.98,140100.00,150.99,152.01,150.94
2017/2/22,151.51,220100.00,151.81,151.91,151.00
2017/2/23,150.73,138000.00,151.91,152.07,150.12
2017/2/24,150.66,113700.00,149.74,150.75,149.41
2017/2/27,151.63,1324600.00,150.58,151.68,150.29
2017/2/28,149.98,163300.00,151.19,151.31,149.95
2017/3/01,152.69,251100.00,151.62,152.99,151.57
2017/3/02,150.81,141700.00,152.49,152.49,150.67
2017/3/03,150.84,109100.00,150.74,151.18,150.21
2017/3/06,149.71,118500.00,150.12,150.14,149.21
2017/3/07,148.78,171200.00,149.55,149.68,148.63
2017/3/08,147.84,128300.00,148.91,149.15,147.77
2017/3/09,147.27,133900.00,147.78,148.34,146.63
2017/3/10,148.03,121100.00,148.31,148.44,147.13
2017/3/13,148.16,84100.00,148.00,148.69,147.85
2017/3/14,147.61,245900.00,147.69,147.88,146.71
2017/3/15,149.72,135500.00,148.32,150.09,148.16
2017/3/16,149.69,292200.00,150.15,150.32,149.51
2017/3/17,149.84,151400.00,149.99,150.17,149.40
2017/3/20,148.96,106100.00,149.76,149.79,148.71
2017/3/21,145.99,232900.00,149.65,149.65,145.93
2017/3/22,145.99,130900.00,145.76,146.12,145.09
2017/3/23,146.41,192000.00,145.90,147.47,145.78
2017/3/24,145.75,300900.00,146.44,146.81,145.22
2017/3/27,145.42,1046100.00,144.26,145.70,143.79
2017/3/28,146.86,310100.00,145.21,147.07,145.01
2017/3/29,147.46,266400.00,146.81,147.53,146.29
2017/3/30,148.39,229800.00,147.46,148.53,147.35
2017/3/31,148.45,248500.00,148.42,149.10,148.18
2017/4/03,147.30,2555700.00,148.54,148.85,146.57
2017/4/04,147.33,444900.00,147.07,147.58,146.96
2017/4/05,146.07,397600.00,148.05,148.74,145.96
2017/4/06,147.45,186300.00,146.19,147.66,145.84
2017/4/07,147.11,190600.00,147.10,147.75,146.70
2017/4/10,147.67,194400.00,147.36,148.46,147.06
2017/4/11,148.52,422500.00,147.32,148.52,146.78
2017/4/12,146.65,182700.00,148.25,148.55,146.56
2017/4/13,144.84,270900.00,146.41,146.70,144.84
2017/4/17,146.51,130000.00,145.16,146.51,144.67
2017/4/18,146.37,103700.00,145.91,146.58,145.46
2017/4/19,146.49,113900.00,146.81,147.51,146.28
2017/4/20,147.81,165900.00,146.90,148.01,146.63
2017/4/21,147.53,108100.00,147.69,147.95,147.20
2017/4/24,149.34,254900.00,149.34,149.64,148.87
2017/4/25,150.51,290900.00,150.20,150.97,150.04
2017/4/26,150.63,133500.00,150.33,151.59,150.23
2017/4/27,150.11,69800.00,150.60,150.74,149.64
2017/4/28,148.23,155000.00,150.13,150.13,148.23
2017/5/01,148.48,170800.00,148.63,149.17,147.70
2017/5/02,148.10,441900.00,148.55,148.96,147.78
2017/5/03,147.53,262700.00,147.58,148.09,147.02
2017/5/04,147.08,130300.00,147.60,147.71,146.20
2017/5/05,148.46,165400.00,147.51,148.46,147.14
2017/5/08,148.03,364900.00,148.18,148.46,147.44
2017/5/09,147.58,208300.00,148.15,148.41,147.24
2017/5/10,148.41,174300.00,147.45,148.59,147.37
2017/5/11,147.39,84000.00,147.85,147.99,146.35
2017/5/12,146.62,213700.00,147.17,147.17,146.36
2017/5/15,147.46,331600.00,147.11,148.23,147.04
2017/5/16,147.33,1039100.00,147.73,147.75,146.46
2017/5/17,144.23,414900.00,145.46,146.06,144.13
2017/5/18,144.24,168700.00,143.84,144.74,143.23
2017/5/19,145.77,61600.00,144.65,146.40,144.52
2017/5/22,146.47,84700.00,146.19,146.64,145.98
2017/5/23,146.93,151800.00,146.86,147.29,146.09
2017/5/24,146.96,63700.00,146.98,147.42,146.39
2017/5/25,147.00,174300.00,147.42,147.95,146.69
2017/5/26,146.45,93700.00,146.81,146.92,146.16
2017/5/30,146.02,234000.00,146.30,146.51,145.56
2017/5/31,145.97,195100.00,146.40,146.40,144.43
2017/6/01,148.65,87900.00,146.56,148.65,146.09
2017/6/02,148.57,159200.00,148.73,149.37,148.28
2017/6/05,147.79,141600.00,148.34,148.68,147.78
2017/6/06,147.20,129700.00,147.09,147.76,146.54
2017/6/07,146.98,64200.00,147.39,147.74,146.78
2017/6/08,148.34,82600.00,146.99,148.95,146.79
2017/6/09,149.76,122000.00,148.56,150.22,148.43
2017/6/12,150.08,146200.00,149.84,150.65,149.70
2017/6/13,151.04,68300.00,150.57,151.26,150.29
2017/6/14,150.24,60000.00,151.14,151.14,149.52
2017/6/15,149.40,53500.00,149.06,149.89,148.79
2017/6/16,149.40,42800.00,149.15,149.40,148.42
2017/6/19,150.06,66200.00,149.78,150.27,149.61
2017/6/20,148.32,77900.00,149.58,149.79,148.32
2017/6/21,147.30,81300.00,148.60,148.77,147.13
2017/6/22,147.52,112800.00,147.33,147.92,146.91
2017/6/23,148.05,46200.00,147.62,148.49,147.35
2017/6/26,148.98,68800.00,148.59,149.35,148.28
2017/6/27,147.53,57600.00,148.36,148.86,147.47
2017/6/28,149.21,79600.00,148.15,149.75,148.15
2017/6/29,148.47,103000.00,149.55,149.80,147.33
2017/6/30,148.55,71800.00,148.87,149.27,148.33
2017/7/03,149.79,66700.00,148.94,150.38,148.93
2017/7/05,148.87,107800.00,149.67,149.67,148.35
2017/7/06,146.96,63700.00,148.26,148.53,146.84
2017/7/07,148.40,90600.00,147.21,148.40,146.90
2017/7/10,148.03,84100.00,148.11,148.72,147.79
2017/7/11,148.05,100400.00,147.98,148.30,147.13
2017/7/12,149.02,58100.00,148.94,150.02,148.88
2017/7/13,149.44,79200.00,149.08,149.49,148.57
2017/7/14,149.88,165200.00,149.37,150.42,149.29
2017/7/17,150.20,52100.00,149.75,150.50,149.58
2017/7/18,149.70,64300.00,149.98,149.99,149.17
2017/7/19,151.30,60200.00,149.96,151.38,149.93
2017/7/20,151.34,134300.00,151.51,151.69,151.02
2017/7/21,150.96,51200.00,151.22,151.27,150.41
2017/7/24,150.87,70800.00,151.04,151.04,150.48
2017/7/25,152.69,90100.00,151.81,152.93,151.67
2017/7/26,150.92,78100.00,152.72,152.72,150.90
2017/7/27,150.60,72900.00,151.17,151.17,149.96
2017/7/28,149.91,107600.00,150.27,150.51,149.47
2017/7/31,149.92,74100.00,150.25,150.35,149.33
2017/8/01,150.13,93000.00,150.51,150.56,149.55
2017/8/02,149.31,65500.00,149.99,150.22,148.84
2017/8/03,148.63,114200.00,149.24,149.27,148.33
2017/8/04,149.18,49100.00,149.01,149.36,148.69
2017/8/07,149.06,53800.00,149.30,149.52,148.80
2017/8/08,148.69,83100.00,148.95,150.05,148.47
2017/8/09,147.39,60600.00,148.09,148.14,146.94
2017/8/10,145.05,140800.00,146.70,146.81,145.05
2017/8/11,145.14,73300.00,144.81,145.34,144.38
2017/8/14,146.72,78100.00,146.02,147.11,146.02
2017/8/15,145.97,82400.00,147.03,147.03,145.88
2017/8/16,146.19,132600.00,146.29,146.84,146.02
2017/8/17,143.65,107300.00,145.78,146.17,143.58
2017/8/18,143.41,127500.00,143.14,144.10,142.74
2017/8/21,143.29,181500.00,143.19,143.62,142.93
2017/8/22,144.72,59100.00,143.58,144.86,143.58
2017/8/23,144.48,68600.00,143.97,144.98,143.85
2017/8/24,144.43,57300.00,144.92,145.08,144.43
2017/8/25,145.43,39000.00,144.90,145.74,144.90
2017/8/28,145.24,40900.00,145.75,145.76,144.80
2017/8/29,145.23,54500.00,144.40,145.36,144.19
2017/8/30,145.91,104800.00,145.14,146.00,145.01
2017/8/31,146.82,60100.00,146.40,146.91,146.30
2017/9/01,147.47,75700.00,147.05,147.77,146.91
2017/9/05,145.40,325200.00,147.56,147.61,144.98
2017/9/06,145.71,79600.00,145.93,146.10,145.50
2017/9/07,145.10,55300.00,145.87,145.87,144.52
2017/9/08,145.71,64400.00,144.84,145.93,144.61
2017/9/11,147.52,78700.00,146.72,147.92,146.72
2017/9/12,148.90,56800.00,147.98,148.95,147.62
2017/9/13,148.77,60900.00,148.85,149.12,148.53
2017/9/14,148.62,63100.00,148.74,148.87,148.48
2017/9/15,149.17,110200.00,148.38,149.23,148.38
2017/9/18,149.95,50100.00,149.65,150.18,149.56
2017/9/19,149.94,40900.00,150.12,150.23,149.90
2017/9/20,150.39,54100.00,149.96,150.47,149.84
2017/9/21,149.95,47900.00,150.27,150.50,149.89
2017/9/22,150.42,34900.00,149.81,150.51,149.81
2017/9/25,151.17,46600.00,150.34,151.26,150.34
2017/9/26,150.84,41900.00,150.72,151.20,150.60
2017/9/27,152.11,243300.00,151.59,152.27,150.44
2017/9/28,152.61,93500.00,152.19,152.64,151.55
2017/9/29,152.73,50300.00,152.71,153.00,152.49
2017/10/02,154.23,127200.00,152.85,154.23,152.65
2017/10/03,154.43,75200.00,154.38,154.54,153.72
2017/10/04,154.15,52100.00,154.35,154.61,153.93
2017/10/05,154.55,144900.00,154.58,154.93,154.17
2017/10/06,154.09,47800.00,154.10,154.32,153.68
2017/10/09,153.52,38400.00,154.33,154.57,153.38
2017/10/10,154.18,52700.00,154.14,154.55,153.87
2017/10/11,154.25,74200.00,154.30,154.46,153.91
2017/10/12,154.08,46100.00,153.90,154.37,153.68
2017/10/13,154.01,35400.00,154.40,154.82,154.00
2017/10/16,153.99,50100.00,154.33,154.71,153.90
2017/10/17,153.64,51800.00,154.07,154.27,153.50
2017/10/18,154.03,54200.00,154.04,154.38,153.75
2017/10/19,154.35,64400.00,153.28,154.35,153.03
2017/10/20,155.02,54200.00,155.04,155.06,154.69
2017/10/23,154.08,86200.00,155.11,155.11,153.99
2017/10/24,154.58,88800.00,154.35,154.78,154.22
2017/10/25,153.67,47600.00,154.32,154.32,152.61
2017/10/26,153.94,73500.00,153.99,154.13,153.58
2017/10/27,154.66,60000.00,153.87,154.66,153.33
2017/10/30,153.56,71400.00,154.40,154.56,153.26
2017/10/31,154.13,50100.00,153.76,154.41,153.71
2017/11/01,153.99,62900.00,155.14,155.25,153.41
2017/11/02,153.78,71500.00,153.81,154.39,153.29
2017/11/03,154.16,43900.00,153.72,154.26,153.52
2017/11/06,154.76,52900.00,154.25,155.03,154.11
2017/11/07,153.60,54500.00,154.86,154.99,153.23
2017/11/08,153.77,63300.00,153.37,153.95,152.86
2017/11/09,153.43,48300.00,152.92,153.93,152.52
2017/11/10,153.40,80100.00,153.22,153.68,153.02
2017/11/13,153.63,162200.00,152.90,153.72,152.63
2017/11/14,153.30,41600.00,152.96,153.54,152.96
2017/11/15,152.56,198500.00,152.43,153.13,151.54
2017/11/16,154.10,54900.00,153.17,154.42,153.02
2017/11/17,154.36,662800.00,153.75,154.66,153.68
2017/11/20,154.98,79500.00,154.62,154.98,154.25
2017/11/21,155.72,260400.00,155.58,155.92,155.43
2017/11/22,155.74,163300.00,156.02,156.36,155.74
