2014/11/25,94.11,517800.00,94.33,94.37,93.87
2014/11/26,94.27,320200.00,94.08,94.30,94.01
2014/11/28,93.85,272100.00,93.98,94.16,93.70
2014/12/01,93.50,1084800.00,93.45,93.69,93.21
2014/12/02,94.18,427400.00,93.48,94.29,93.48
2014/12/03,94.54,457900.00,94.23,94.66,94.17
2014/12/04,94.35,912000.00,94.37,94.57,93.85
2014/12/05,94.53,459400.00,94.44,94.74,94.36
2014/12/08,93.95,610400.00,94.32,94.56,93.66
2014/12/09,93.74,607600.00,93.01,93.81,92.80
2014/12/10,92.27,1027500.00,93.50,93.50,92.13
2014/12/11,92.69,684600.00,92.57,93.62,92.49
2014/12/12,91.03,890700.00,92.01,92.41,90.99
2014/12/15,90.44,1572100.00,91.57,91.76,90.09
2014/12/16,89.98,1812800.00,90.01,91.97,89.94
2014/12/17,91.80,1912600.00,90.31,91.97,90.19
2014/12/18,94.05,1044900.00,93.13,94.05,92.64
2014/12/19,94.57,1384900.00,94.22,94.84,94.06
2014/12/22,94.90,704800.00,94.62,94.90,94.42
2014/12/23,95.40,751500.00,95.31,95.64,95.19
2014/12/24,94.79,165600.00,95.08,95.08,94.72
2014/12/26,94.94,251400.00,95.08,95.21,94.92
2014/12/29,95.07,242200.00,94.93,95.30,94.82
2014/12/30,94.75,359400.00,94.86,94.94,94.70
2014/12/31,93.77,523300.00,94.93,94.93,93.71
2015/1/02,93.73,1770900.00,93.97,94.26,93.21
2015/1/05,91.80,1366300.00,93.19,93.24,91.61
2015/1/06,90.95,1065300.00,92.03,92.22,90.51
2015/1/07,91.86,1053200.00,91.53,92.07,91.28
2015/1/08,93.48,542000.00,92.42,93.55,92.42
2015/1/09,92.53,743000.00,93.56,93.60,92.30
2015/1/12,91.76,488300.00,92.65,92.65,91.45
2015/1/13,91.38,970000.00,92.44,92.88,90.70
2015/1/14,90.73,1332900.00,90.20,90.79,89.48
2015/1/15,89.95,1204200.00,90.90,91.19,89.90
2015/1/16,91.14,913800.00,89.69,91.25,89.69
2015/1/20,91.22,619600.00,91.50,91.56,90.48
2015/1/21,91.72,705600.00,91.04,91.91,90.76
2015/1/22,93.03,690300.00,92.22,93.05,91.44
2015/1/23,92.18,496900.00,92.75,92.88,92.15
2015/1/26,92.48,2057100.00,92.06,92.53,91.69
2015/1/27,91.62,503300.00,91.56,92.09,91.16
2015/1/28,89.99,706400.00,92.02,92.02,89.91
2015/1/29,90.77,715800.00,90.06,90.90,89.24
2015/1/30,89.57,1191300.00,89.95,90.81,89.50
2015/2/02,91.06,1874900.00,89.86,91.12,89.25
2015/2/03,92.74,1258800.00,91.59,92.76,91.59
2015/2/04,92.24,558600.00,92.37,92.87,92.02
2015/2/05,93.16,434700.00,92.57,93.21,92.51
2015/2/06,93.22,433700.00,93.43,93.95,92.99
2015/2/09,92.88,347600.00,92.83,93.34,92.65
2015/2/10,93.62,343000.00,93.31,93.75,92.83
2015/2/11,93.48,817700.00,93.47,93.75,93.02
2015/2/12,94.36,788200.00,93.90,94.41,93.85
2015/2/13,94.70,396900.00,94.44,94.80,94.31
2015/2/17,94.87,375300.00,94.53,94.91,94.31
2015/2/18,94.63,479200.00,94.54,94.78,94.42
2015/2/19,94.40,415800.00,94.31,94.63,94.03
2015/2/20,94.86,550100.00,94.23,94.87,93.70
2015/2/23,94.64,310700.00,94.59,94.66,94.36
2015/2/24,95.17,358600.00,94.65,95.25,94.63
2015/2/25,95.04,305600.00,95.09,95.25,94.86
2015/2/26,94.72,301700.00,95.03,95.03,94.38
2015/2/27,94.48,669400.00,94.63,94.82,94.46
2015/3/02,94.78,494400.00,94.44,94.81,94.31
2015/3/03,94.53,383000.00,94.62,94.78,94.16
2015/3/04,94.03,387100.00,94.17,94.25,93.58
2015/3/05,94.17,355400.00,94.24,94.25,93.90
2015/3/06,92.86,621500.00,93.77,93.99,92.68
2015/3/09,93.18,339900.00,93.04,93.42,92.97
2015/3/10,91.68,1344700.00,92.49,92.49,91.66
2015/3/11,91.65,1255600.00,91.90,91.96,91.51
2015/3/12,92.85,1647800.00,92.12,92.89,92.12
2015/3/13,92.22,1185400.00,92.69,92.69,91.57
2015/3/16,93.41,699700.00,92.54,93.46,92.54
2015/3/17,92.98,690900.00,92.99,93.20,92.59
2015/3/18,94.21,760400.00,92.74,94.55,92.52
2015/3/19,93.37,408300.00,93.76,93.86,93.17
2015/3/20,94.25,1265300.00,93.69,94.51,93.69
2015/3/23,94.21,540800.00,94.26,94.74,94.20
2015/3/24,93.50,864500.00,94.19,94.19,93.48
2015/3/25,92.04,719200.00,93.17,93.28,92.04
2015/3/26,91.81,640800.00,91.83,92.25,91.43
2015/3/27,91.88,466500.00,91.83,92.01,91.61
2015/3/30,93.22,477100.00,92.48,93.44,92.48
2015/3/31,92.56,649900.00,92.81,93.10,92.43
2015/4/01,92.27,928000.00,92.52,92.52,91.83
2015/4/02,92.59,692000.00,92.18,92.89,92.17
2015/4/06,93.33,730400.00,92.22,93.65,92.20
2015/4/07,93.03,535500.00,93.36,93.59,93.03
2015/4/08,93.14,797200.00,92.99,93.49,92.83
2015/4/09,93.67,751500.00,93.15,93.82,92.87
2015/4/10,94.30,601300.00,93.95,94.32,93.85
2015/4/13,93.89,569700.00,94.24,94.42,93.87
2015/4/14,94.22,568400.00,93.89,94.35,93.63
2015/4/15,94.80,372200.00,94.53,95.08,94.44
2015/4/16,94.65,430900.00,94.65,95.00,94.40
2015/4/17,93.60,1139100.00,94.20,94.20,93.19
2015/4/20,94.27,483400.00,94.03,94.61,94.03
2015/4/21,93.85,430800.00,94.45,94.64,93.67
2015/4/22,94.27,539800.00,94.05,94.43,93.55
2015/4/23,94.60,794500.00,94.15,94.91,94.12
2015/4/24,94.50,318100.00,94.60,94.60,94.34
2015/4/27,94.17,446500.00,94.69,94.81,94.08
2015/4/28,94.67,493400.00,94.16,94.68,93.72
2015/4/29,94.58,561100.00,94.26,94.85,94.17
2015/4/30,93.89,710700.00,94.38,94.55,93.56
2015/5/01,94.66,592800.00,94.26,94.72,94.13
2015/5/04,95.14,511900.00,94.90,95.28,94.85
2015/5/05,94.12,632800.00,95.00,95.30,94.09
2015/5/06,93.83,566300.00,94.54,94.70,93.26
2015/5/07,93.98,442700.00,93.74,94.21,93.43
2015/5/08,95.16,371600.00,94.91,95.22,94.74
2015/5/11,94.65,802400.00,95.21,95.22,94.63
2015/5/12,94.42,527000.00,94.32,94.66,93.93
2015/5/13,94.48,689400.00,94.64,94.86,94.32
2015/5/14,95.18,469500.00,94.86,95.22,94.86
2015/5/15,95.31,365300.00,95.21,95.31,95.00
2015/5/18,95.52,398100.00,95.18,95.65,95.18
2015/5/19,95.53,542000.00,95.50,95.69,95.27
2015/5/20,95.55,500000.00,95.60,95.86,95.37
2015/5/21,95.84,410500.00,95.48,95.92,95.39
2015/5/22,95.52,354500.00,95.62,95.75,95.50
2015/5/26,94.57,603700.00,95.22,95.22,94.33
2015/5/27,95.14,549600.00,94.72,95.30,94.57
2015/5/28,95.09,355900.00,95.00,95.15,94.66
2015/5/29,94.55,623000.00,95.08,95.11,94.41
2015/6/01,94.62,828500.00,94.92,95.01,94.36
2015/6/02,94.64,578800.00,94.43,94.98,94.21
2015/6/03,94.97,557100.00,94.96,95.32,94.64
2015/6/04,94.12,641500.00,94.72,94.83,93.98
2015/6/05,94.03,518600.00,94.02,94.49,93.81
2015/6/08,93.63,383300.00,94.04,94.11,93.58
2015/6/09,93.72,431800.00,93.71,94.06,93.48
2015/6/10,94.84,1122200.00,94.23,95.09,94.23
2015/6/11,95.08,350300.00,95.07,95.26,94.89
2015/6/12,94.42,516600.00,94.65,94.74,94.25
2015/6/15,93.95,723300.00,93.77,94.12,93.46
2015/6/16,94.48,773600.00,93.89,94.48,93.74
2015/6/17,94.53,763300.00,94.63,94.87,94.02
2015/6/18,95.33,715900.00,94.79,95.57,94.79
2015/6/19,94.79,2305300.00,95.10,95.25,94.68
2015/6/22,95.24,547700.00,95.28,95.54,95.14
2015/6/23,95.43,494500.00,95.30,95.61,95.21
2015/6/24,94.19,559200.00,94.73,94.85,94.18
2015/6/25,93.75,438200.00,94.47,94.47,93.75
2015/6/26,93.92,553800.00,93.91,94.08,93.65
2015/6/29,92.06,1037300.00,93.02,93.41,92.04
2015/6/30,92.21,1060600.00,93.01,93.10,91.92
2015/7/01,92.85,675000.00,93.09,93.11,92.48
2015/7/02,92.73,622800.00,93.17,93.24,92.55
2015/7/06,92.34,458400.00,92.08,92.75,91.86
2015/7/07,92.94,1146000.00,92.47,93.03,91.20
2015/7/08,91.38,698900.00,92.22,92.33,91.23
2015/7/09,91.66,654100.00,92.29,92.72,91.62
2015/7/10,92.65,416700.00,92.57,92.85,92.28
2015/7/13,93.50,289400.00,93.23,93.57,93.23
2015/7/14,93.89,203300.00,93.39,94.01,93.39
2015/7/15,93.80,286400.00,93.86,94.02,93.52
2015/7/16,94.36,301600.00,94.26,94.40,94.18
2015/7/17,93.97,331100.00,94.20,94.20,93.79
2015/7/20,93.85,245700.00,94.15,94.15,93.73
2015/7/21,93.30,328100.00,93.66,93.78,93.14
2015/7/22,93.35,284600.00,93.23,93.48,93.16
2015/7/23,92.75,635300.00,93.51,93.51,92.64
2015/7/24,91.65,358800.00,92.75,92.75,91.46
2015/7/27,91.08,787000.00,91.12,91.38,90.73
2015/7/28,92.21,378300.00,91.59,92.30,91.11
2015/7/29,93.02,547500.00,92.17,93.11,92.17
2015/7/30,92.96,455100.00,92.82,93.04,92.50
2015/7/31,92.62,459300.00,93.12,93.14,92.52
2015/8/03,92.20,457400.00,92.53,92.57,91.75
2015/8/04,91.97,422500.00,92.23,92.42,91.77
2015/8/05,92.29,650400.00,92.50,92.94,92.13
2015/8/06,92.01,390000.00,92.33,92.39,91.68
2015/8/07,91.59,292500.00,91.91,91.98,91.31
2015/8/10,92.91,366700.00,92.07,92.93,92.07
2015/8/11,92.10,376200.00,92.18,92.26,91.67
2015/8/12,92.16,426000.00,91.49,92.25,90.70
2015/8/13,91.95,260200.00,92.15,92.27,91.76
2015/8/14,92.32,359600.00,91.87,92.35,91.87
2015/8/17,92.65,324300.00,91.99,92.65,91.71
2015/8/18,92.42,265900.00,92.53,92.68,92.29
2015/8/19,91.56,673800.00,92.14,92.27,91.13
2015/8/20,89.75,1044800.00,90.93,91.01,89.75
2015/8/21,87.20,2106800.00,88.88,89.33,87.19
2015/8/24,83.59,3025200.00,82.08,86.12,72.55
2015/8/25,82.21,1663500.00,84.42,86.43,82.17
2015/8/26,85.18,3027600.00,84.15,85.27,82.71
2015/8/27,87.35,2202900.00,86.03,87.45,85.69
2015/8/28,87.46,997800.00,87.05,87.64,86.87
2015/8/31,87.02,809500.00,86.97,87.41,86.40
2015/9/01,84.37,1961600.00,86.15,86.15,83.90
2015/9/02,85.67,1307400.00,85.68,85.70,84.50
2015/9/03,85.96,1122200.00,85.51,87.01,85.51
2015/9/04,84.54,845600.00,85.11,85.11,84.13
2015/9/08,86.67,746900.00,85.95,86.70,85.65
2015/9/09,85.43,705300.00,87.50,87.56,85.27
2015/9/10,85.79,931700.00,85.42,86.36,85.15
2015/9/11,86.08,560500.00,85.55,86.08,85.21
2015/9/14,85.72,520200.00,86.06,86.06,85.48
2015/9/15,86.88,721600.00,86.01,87.08,85.91
2015/9/16,87.72,602300.00,87.13,87.84,86.95
2015/9/17,87.25,1068100.00,87.63,88.66,87.08
2015/9/18,85.61,701700.00,86.12,86.48,85.37
2015/9/21,86.13,877200.00,86.09,86.54,85.71
2015/9/22,85.00,647900.00,85.12,85.24,84.51
2015/9/23,84.81,660100.00,85.16,85.34,84.53
2015/9/24,84.56,1041500.00,84.20,84.80,83.60
2015/9/25,84.34,1334800.00,84.78,85.01,83.92
2015/9/28,82.39,1340800.00,83.87,83.87,82.29
2015/9/29,82.61,1996200.00,82.60,82.98,82.18
2015/9/30,84.03,1029800.00,83.60,84.11,83.16
2015/10/01,84.05,1055000.00,84.31,84.50,83.17
2015/10/02,85.18,1202100.00,83.08,85.21,82.73
2015/10/05,87.01,1089000.00,85.84,87.13,85.84
2015/10/06,86.99,685900.00,86.99,87.36,86.72
2015/10/07,87.74,717100.00,87.53,87.98,86.93
2015/10/08,88.62,858100.00,87.54,88.78,87.44
2015/10/09,88.45,1250000.00,88.81,88.93,88.17
2015/10/12,88.45,522200.00,88.50,88.50,88.17
2015/10/13,87.90,480200.00,88.02,88.64,87.82
2015/10/14,87.44,460300.00,87.87,88.10,87.26
2015/10/15,88.79,496700.00,87.69,88.79,87.53
2015/10/16,89.13,457800.00,89.02,89.17,88.55
2015/10/19,88.85,290600.00,88.73,88.93,88.58
2015/10/20,88.94,786500.00,88.74,89.24,88.63
2015/10/21,88.40,798100.00,89.14,89.28,88.32
2015/10/22,89.99,553400.00,88.85,90.12,88.79
2015/10/23,90.47,577300.00,90.51,90.60,89.97
2015/10/26,90.03,859000.00,90.38,90.47,89.96
2015/10/27,89.61,496800.00,89.70,89.81,89.29
2015/10/28,90.83,837000.00,89.79,90.85,89.67
2015/10/29,90.64,876000.00,90.57,90.81,90.33
2015/10/30,90.23,463900.00,90.78,90.90,90.20
2015/11/02,91.48,801500.00,90.36,91.61,90.36
2015/11/03,91.81,640300.00,91.35,92.07,91.20
2015/11/04,91.39,480900.00,91.97,92.00,91.17
2015/11/05,91.33,714000.00,91.43,91.64,90.92
2015/11/06,91.40,519300.00,91.26,91.49,90.63
2015/11/09,90.52,430300.00,91.22,91.22,90.10
2015/11/10,90.82,465400.00,90.38,90.89,90.23
2015/11/11,90.45,290800.00,91.02,91.02,90.41
2015/11/12,89.03,739400.00,89.86,89.97,88.98
2015/11/13,88.28,653200.00,88.77,89.00,88.17
2015/11/16,89.74,647800.00,88.12,89.76,88.12
2015/11/17,89.51,622200.00,89.87,90.28,89.33
2015/11/18,90.86,1125800.00,89.68,90.96,89.68
2015/11/19,90.76,506600.00,90.74,90.94,90.55
2015/11/20,90.82,434200.00,91.14,91.32,90.65
2015/11/23,90.66,1121300.00,90.78,91.05,90.47
2015/11/24,90.98,391500.00,90.20,91.22,90.09
2015/11/25,90.83,599100.00,91.02,91.04,90.70
2015/11/27,90.94,224700.00,90.79,91.03,90.64
2015/11/30,90.74,559100.00,91.07,91.11,90.69
2015/12/01,91.63,605400.00,91.06,91.67,90.93
2015/12/02,90.42,943700.00,91.57,91.61,90.28
2015/12/03,89.22,1341300.00,90.68,90.68,88.92
2015/12/04,90.89,988200.00,89.40,91.03,89.33
2015/12/07,90.13,633900.00,90.55,90.56,89.68
2015/12/08,89.18,945700.00,89.33,89.81,88.88
2015/12/09,88.79,1663500.00,88.93,90.18,88.25
2015/12/10,88.97,910400.00,88.87,89.70,88.68
2015/12/11,87.25,1749200.00,87.95,88.20,87.12
2015/12/14,87.69,2110600.00,87.32,87.75,86.54
2015/12/15,88.91,1137100.00,88.45,89.27,88.43
2015/12/16,90.13,1414400.00,89.37,90.29,88.80
2015/12/17,88.72,1117400.00,90.27,90.27,88.68
2015/12/18,87.14,1375000.00,88.32,88.46,87.14
2015/12/21,87.90,1058900.00,87.77,87.98,87.20
2015/12/22,88.85,2038100.00,88.34,89.03,87.88
2015/12/23,90.32,858200.00,89.31,90.32,89.31
2015/12/24,89.51,399400.00,89.61,89.81,89.37
2015/12/28,89.09,830800.00,89.05,89.15,88.64
2015/12/29,89.89,715300.00,89.59,90.04,89.59
2015/12/30,89.25,750100.00,89.77,89.82,89.17
2015/12/31,88.53,919100.00,88.94,89.28,88.52
2016/1/04,87.48,2058800.00,87.27,87.51,86.42
2016/1/05,87.72,1169100.00,87.68,87.83,87.02
2016/1/06,86.41,1944900.00,86.47,86.94,85.89
2016/1/07,84.44,1627500.00,84.98,85.75,84.19
2016/1/08,83.37,1413900.00,85.12,85.15,83.26
2016/1/11,83.26,1903900.00,83.79,83.93,82.41
2016/1/12,83.77,1097900.00,84.05,84.25,82.70
2016/1/13,81.99,1310000.00,84.21,84.42,81.75
2016/1/14,83.32,1849000.00,82.41,83.87,81.71
2016/1/15,81.62,1821300.00,81.12,81.88,80.56
2016/1/19,81.50,2202000.00,82.21,82.50,80.81
2016/1/20,80.27,3260100.00,80.02,80.99,78.41
2016/1/21,80.78,2102000.00,80.38,81.71,79.87
2016/1/22,82.22,1509300.00,82.16,82.41,81.54
2016/1/25,80.72,1122200.00,81.91,82.01,80.64
2016/1/26,82.19,1226400.00,81.11,82.28,81.11
2016/1/27,81.82,1795900.00,81.97,83.22,81.29
2016/1/28,82.11,1213800.00,82.53,82.64,81.35
2016/1/29,84.15,1475700.00,82.51,84.17,82.50
2016/2/01,84.03,1775100.00,83.66,84.41,83.17
2016/2/02,82.34,1391600.00,82.99,83.10,82.06
2016/2/03,83.25,2076200.00,82.73,83.41,81.03
2016/2/04,83.67,1822400.00,83.04,84.19,82.95
2016/2/05,82.80,1570500.00,83.46,83.64,82.47
2016/2/08,81.93,2062600.00,81.79,82.20,80.91
2016/2/09,81.61,1928200.00,81.00,82.23,80.90
2016/2/10,81.29,1972700.00,81.97,82.61,81.25
2016/2/11,79.97,3127600.00,79.94,80.56,79.22
2016/2/12,81.89,1398300.00,80.88,81.91,80.60
2016/2/16,83.09,1073700.00,82.77,83.19,82.25
2016/2/17,84.43,1255700.00,83.76,84.63,83.66
2016/2/18,84.27,1067100.00,84.56,84.57,83.94
2016/2/19,84.07,724400.00,83.82,84.07,83.40
2016/2/22,85.31,716900.00,84.85,85.36,84.82
2016/2/23,84.18,813500.00,84.97,85.00,84.05
2016/2/24,84.50,1463200.00,83.39,84.61,82.82
2016/2/25,85.42,2074200.00,84.67,85.43,84.33
2016/2/26,85.32,1247300.00,85.95,86.00,85.26
2016/2/29,84.65,850200.00,85.36,85.79,84.63
2016/3/01,86.50,974600.00,85.26,86.53,85.03
2016/3/02,87.24,1703800.00,86.38,87.24,86.22
2016/3/03,87.83,984600.00,87.16,87.83,86.86
2016/3/04,88.22,1127100.00,87.87,88.62,87.52
2016/3/07,88.74,806200.00,87.73,88.84,87.73
2016/3/08,87.46,1348500.00,88.18,88.21,87.37
2016/3/09,87.89,751400.00,87.93,88.25,87.58
2016/3/10,87.92,1113600.00,88.14,88.52,86.98
2016/3/11,89.37,798100.00,88.73,89.41,88.71
2016/3/14,89.14,679500.00,89.09,89.37,88.80
2016/3/15,88.83,740600.00,88.37,88.86,88.32
2016/3/16,89.34,1048300.00,88.64,89.52,88.58
2016/3/17,90.14,1069500.00,89.42,90.43,89.08
2016/3/18,90.74,935900.00,90.43,90.93,90.43
2016/3/21,90.74,754900.00,90.60,90.87,90.39
2016/3/22,90.56,1212600.00,90.29,90.86,90.13
2016/3/23,89.28,732700.00,89.80,89.80,89.17
2016/3/24,89.14,838900.00,88.63,89.14,88.37
2016/3/28,89.19,581500.00,89.33,89.43,88.87
2016/3/29,89.77,989400.00,88.94,89.77,88.63
2016/3/30,90.12,833100.00,90.24,90.50,89.91
2016/3/31,89.93,845300.00,90.09,90.30,89.80
2016/4/01,90.27,876500.00,89.26,90.34,89.05
2016/4/04,89.89,703500.00,90.22,90.32,89.73
2016/4/05,88.98,1149600.00,89.37,89.43,88.82
2016/4/06,89.76,1272400.00,89.08,89.78,88.72
2016/4/07,88.72,1082300.00,89.18,89.36,88.30
2016/4/08,89.09,545700.00,89.33,89.64,88.84
2016/4/11,89.03,692200.00,89.39,89.85,89.01
2016/4/12,90.01,964500.00,89.15,90.19,89.05
2016/4/13,91.08,665100.00,90.56,91.13,90.48
2016/4/14,91.16,734700.00,91.08,91.33,90.88
2016/4/15,90.95,689200.00,91.20,91.25,90.83
2016/4/18,91.64,424000.00,90.59,91.64,90.51
2016/4/19,92.37,592000.00,91.89,92.47,91.86
2016/4/20,92.58,733400.00,92.45,92.97,92.26
2016/4/21,91.97,893000.00,92.60,92.70,91.83
2016/4/22,92.54,797200.00,92.11,92.65,92.10
2016/4/25,92.22,528600.00,92.19,92.27,91.76
2016/4/26,92.65,501300.00,92.40,92.68,92.24
2016/4/27,93.24,704000.00,92.64,93.43,92.62
2016/4/28,92.42,1258300.00,92.61,93.28,92.16
2016/4/29,91.72,706800.00,92.09,92.19,91.17
2016/5/02,92.37,677300.00,92.07,92.47,91.73
2016/5/03,91.42,1294500.00,91.63,91.63,90.98
2016/5/04,90.71,983000.00,90.89,91.26,90.48
2016/5/05,90.69,1106100.00,91.02,91.31,90.47
2016/5/06,90.92,716300.00,90.39,91.00,90.19
2016/5/09,90.74,798900.00,90.85,91.02,90.44
2016/5/10,91.87,837400.00,91.05,91.88,91.05
2016/5/11,91.18,843400.00,91.64,91.87,91.18
2016/5/12,91.24,601800.00,91.50,91.73,90.77
2016/5/13,90.23,885700.00,91.09,91.30,90.07
2016/5/16,91.06,498800.00,90.27,91.29,90.27
2016/5/17,90.42,1121900.00,90.89,91.16,90.14
2016/5/18,90.46,1044600.00,90.28,91.07,89.94
2016/5/19,90.24,672300.00,90.09,90.40,89.59
2016/5/20,90.76,1480600.00,90.68,91.02,90.56
2016/5/23,90.60,916300.00,90.72,90.92,90.55
2016/5/24,91.61,588100.00,91.00,91.80,91.00
2016/5/25,92.45,573600.00,91.92,92.66,91.92
2016/5/26,92.31,451500.00,92.59,92.66,92.22
2016/5/27,92.69,605200.00,92.45,92.71,92.37
2016/5/31,92.56,524500.00,92.92,93.04,92.27
2016/6/01,92.79,457800.00,92.26,92.89,92.01
2016/6/02,93.06,490600.00,92.60,93.06,92.38
2016/6/03,92.75,683900.00,92.69,92.95,92.10
2016/6/06,93.42,608600.00,93.01,93.58,92.98
2016/6/07,93.67,505300.00,93.59,93.96,93.52
2016/6/08,93.97,506400.00,93.74,94.09,93.73
2016/6/09,93.74,462900.00,93.57,93.83,93.30
2016/6/10,92.85,576500.00,93.08,93.22,92.55
2016/6/13,92.15,590400.00,92.54,93.08,92.15
2016/6/14,91.81,655100.00,91.90,92.27,91.31
2016/6/15,91.73,754400.00,92.05,92.61,91.61
2016/6/16,92.06,624300.00,91.31,92.10,90.69
2016/6/17,92.05,675800.00,92.12,92.28,91.63
2016/6/20,92.60,543700.00,93.18,93.38,92.57
2016/6/21,92.36,602700.00,92.30,92.61,91.92
2016/6/22,92.21,686800.00,92.47,92.86,92.17
2016/6/23,93.61,590800.00,93.14,93.61,92.93
2016/6/24,90.00,2881700.00,90.49,91.72,89.82
2016/6/27,88.27,1175300.00,89.33,89.33,87.88
2016/6/28,89.83,1009600.00,89.46,89.83,88.85
2016/6/29,91.47,931300.00,90.65,91.57,90.49
2016/6/30,92.90,920800.00,91.72,92.90,91.44
2016/7/01,92.92,734900.00,92.88,93.19,92.76
2016/7/05,91.99,1032100.00,92.49,92.56,91.70
2016/7/06,92.56,1330300.00,91.77,92.60,91.26
2016/7/07,92.36,674000.00,92.70,93.07,91.97
2016/7/08,93.80,790600.00,93.12,93.94,93.04
2016/7/11,94.14,578200.00,94.07,94.39,93.90
2016/7/12,95.04,646400.00,94.61,95.18,94.61
2016/7/13,95.15,618700.00,95.16,95.22,94.68
2016/7/14,95.66,572900.00,95.75,95.96,95.48
2016/7/15,95.51,808000.00,95.99,95.99,95.25
2016/7/18,95.66,448300.00,95.54,95.79,95.36
2016/7/19,95.57,562200.00,95.58,95.63,95.36
2016/7/20,95.74,488300.00,95.73,95.86,95.39
2016/7/21,95.40,546500.00,95.73,95.94,95.24
2016/7/22,95.93,619800.00,95.48,95.93,95.43
2016/7/25,95.52,664900.00,95.81,95.81,95.26
2016/7/26,95.74,551800.00,95.52,95.82,95.23
2016/7/27,95.37,896100.00,95.68,95.74,95.01
2016/7/28,95.29,556100.00,95.18,95.43,94.85
2016/7/29,95.37,561800.00,95.01,95.52,94.84
2016/8/01,94.89,464500.00,95.42,95.42,94.72
2016/8/02,94.31,694300.00,94.85,94.87,93.88
2016/8/03,94.79,738900.00,94.30,94.80,94.19
2016/8/04,94.77,633400.00,94.84,94.99,94.64
2016/8/05,95.72,386700.00,95.26,95.73,95.17
2016/8/08,95.78,1812000.00,95.82,96.03,95.67
2016/8/09,95.76,400600.00,95.82,96.04,95.60
2016/8/10,95.40,524600.00,95.86,95.90,95.26
2016/8/11,95.99,1040500.00,95.66,96.09,95.62
2016/8/12,95.91,644000.00,95.87,96.05,95.73
2016/8/15,96.24,346900.00,96.15,96.40,95.90
2016/8/16,95.83,394900.00,95.99,96.10,95.67
2016/8/17,96.08,739600.00,95.79,96.14,95.46
2016/8/18,96.48,1457300.00,96.10,96.48,96.08
2016/8/19,96.24,336200.00,96.26,96.30,95.86
2016/8/22,96.09,438000.00,96.05,96.21,95.73
2016/8/23,96.24,444200.00,96.41,96.57,96.24
2016/8/24,95.91,456500.00,96.23,96.25,95.70
2016/8/25,95.80,418600.00,95.75,96.02,95.66
2016/8/26,95.57,939600.00,95.92,96.47,95.18
2016/8/29,96.23,355700.00,95.68,96.36,95.68
2016/8/30,96.19,523900.00,96.24,96.37,95.92
2016/8/31,95.91,666400.00,96.12,96.12,95.42
2016/9/01,95.83,810900.00,95.96,96.05,95.20
2016/9/02,96.28,812500.00,96.18,96.44,96.01
2016/9/06,96.52,539700.00,96.38,96.52,95.97
2016/9/07,96.55,1020000.00,96.45,96.61,96.24
2016/9/08,96.61,586600.00,96.43,96.74,96.29
2016/9/09,94.35,1361400.00,95.98,95.98,94.33
2016/9/12,95.64,2321400.00,93.98,95.87,93.84
2016/9/13,93.99,1836900.00,94.89,94.92,93.71
2016/9/14,93.65,800200.00,94.05,94.53,93.42
2016/9/15,94.50,730500.00,93.57,94.74,93.44
2016/9/16,94.00,626400.00,94.18,94.18,93.65
2016/9/19,94.13,604500.00,94.38,94.74,94.01
2016/9/20,94.05,473200.00,94.58,94.69,94.04
2016/9/21,95.17,655200.00,94.46,95.24,94.21
2016/9/22,95.64,479400.00,95.61,95.91,95.46
2016/9/23,95.18,347500.00,95.50,95.60,95.11
2016/9/26,93.75,1215700.00,94.21,94.27,93.67
2016/9/27,94.20,845100.00,93.66,94.29,93.46
2016/9/28,94.98,470500.00,94.39,95.04,93.80
2016/9/29,94.10,874100.00,94.89,95.09,93.78
2016/9/30,94.96,513500.00,94.60,95.32,94.51
2016/10/03,94.66,500100.00,94.79,94.81,94.39
2016/10/04,94.14,719300.00,94.78,94.83,93.85
2016/10/05,94.78,674500.00,94.48,95.04,94.26
2016/10/06,94.87,615500.00,94.73,94.92,94.33
2016/10/07,94.57,636500.00,95.00,95.09,94.19
2016/10/10,95.02,405700.00,94.94,95.31,94.94
2016/10/11,93.86,667300.00,94.83,94.83,93.48
2016/10/12,93.90,772300.00,93.92,94.14,93.62
2016/10/13,93.57,929400.00,93.33,93.83,92.76
2016/10/14,93.60,544900.00,94.14,94.36,93.57
2016/10/17,93.31,589300.00,93.59,93.78,93.19
2016/10/18,93.81,573400.00,94.04,94.10,93.57
2016/10/19,94.16,664800.00,93.97,94.38,93.80
2016/10/20,94.02,548100.00,94.03,94.32,93.67
2016/10/21,93.76,607000.00,93.51,93.82,93.28
2016/10/24,93.93,382200.00,94.08,94.26,93.74
2016/10/25,93.83,844800.00,93.88,94.20,93.73
2016/10/26,93.94,588900.00,93.52,94.14,93.43
2016/10/27,93.84,651000.00,94.29,94.31,93.67
2016/10/28,93.47,872200.00,93.72,94.11,93.05
2016/10/31,93.53,1310500.00,93.66,93.87,93.51
2016/11/01,93.00,1322400.00,93.68,93.84,92.40
2016/11/02,92.51,1219800.00,92.82,92.95,92.25
2016/11/03,92.26,614300.00,92.63,92.86,92.13
2016/11/04,92.10,666100.00,92.34,92.71,92.04
2016/11/07,94.11,613400.00,93.25,94.15,93.25
2016/11/08,94.45,639200.00,93.90,94.76,93.73
2016/11/09,96.07,2834000.00,94.06,96.50,93.90
2016/11/10,97.09,2059200.00,96.55,97.52,96.23
2016/11/11,96.93,1627800.00,96.73,97.00,96.25
2016/11/14,97.66,3107200.00,97.22,97.83,97.18
2016/11/15,98.37,1727400.00,97.70,98.37,97.41
2016/11/16,97.76,976500.00,98.08,98.13,97.53
2016/11/17,98.07,776600.00,97.85,98.18,97.76
2016/11/18,97.94,803700.00,98.16,98.16,97.81
2016/11/21,98.62,1278500.00,98.37,98.64,98.16
2016/11/22,98.84,823600.00,98.88,98.94,98.38
2016/11/23,99.13,778500.00,98.69,99.17,98.58
2016/11/25,99.51,355100.00,99.37,99.51,99.21
2016/11/28,98.97,658500.00,99.29,99.42,98.90
2016/11/29,98.97,1199500.00,98.95,99.22,98.72
2016/11/30,99.42,1676700.00,99.60,99.83,99.42
2016/12/01,99.71,1878400.00,99.78,100.10,99.53
2016/12/02,99.57,901800.00,99.77,99.91,99.42
2016/12/05,100.14,863500.00,100.03,100.35,99.91
2016/12/06,100.63,1254700.00,100.27,100.65,99.93
2016/12/07,102.02,1258500.00,100.66,102.02,100.54
2016/12/08,102.31,1148000.00,102.03,102.66,101.83
2016/12/09,102.86,985700.00,102.43,102.86,102.24
2016/12/12,102.78,1627600.00,102.84,103.28,102.64
2016/12/13,103.30,1941700.00,103.17,103.53,102.77
2016/12/14,102.21,1988500.00,103.09,103.51,101.98
2016/12/15,102.75,1497600.00,102.40,103.19,102.22
2016/12/16,102.57,1039800.00,103.10,103.13,102.41
2016/12/19,102.71,731800.00,102.70,102.84,102.41
2016/12/20,103.17,1067200.00,103.05,103.27,102.91
2016/12/21,102.32,694200.00,102.53,102.57,102.32
2016/12/22,102.17,870200.00,102.24,102.34,102.00
2016/12/23,102.32,519600.00,102.19,102.34,102.13
2016/12/27,102.49,952400.00,102.49,102.61,102.37
2016/12/28,101.63,1312000.00,102.70,102.70,101.58
2016/12/29,101.53,2602800.00,101.72,101.85,101.30
2016/12/30,101.38,974500.00,101.64,101.81,101.04
2017/1/03,102.21,1625200.00,102.06,102.45,101.56
2017/1/04,102.83,4224000.00,102.50,102.92,102.49
2017/1/05,102.42,1224600.00,102.62,102.70,101.95
2017/1/06,102.64,874300.00,102.48,102.81,102.12
2017/1/09,101.92,727200.00,102.42,102.42,101.92
2017/1/10,102.01,831900.00,101.97,102.50,101.77
2017/1/11,102.32,987000.00,102.00,102.34,101.65
2017/1/12,102.03,795300.00,102.18,102.18,101.35
2017/1/13,102.18,3282700.00,102.07,102.52,101.97
2017/1/17,101.68,1112200.00,101.90,102.02,101.50
2017/1/18,101.89,722100.00,101.79,101.90,101.45
2017/1/19,101.37,1122800.00,101.93,101.96,101.10
2017/1/20,101.70,1159800.00,101.70,102.03,101.39
2017/1/23,101.27,1076600.00,101.60,101.73,100.97
2017/1/24,102.10,915400.00,101.48,102.34,101.39
2017/1/25,102.97,912800.00,102.61,103.05,102.52
2017/1/26,102.89,795600.00,102.97,103.13,102.71
2017/1/27,102.49,874800.00,102.85,102.90,102.39
2017/1/30,101.86,1125100.00,102.07,102.11,101.33
2017/1/31,101.97,1591300.00,101.62,101.98,101.35
2017/2/01,101.78,813700.00,102.16,102.38,101.52
2017/2/02,101.82,996400.00,101.53,101.93,101.38
2017/2/03,102.80,902200.00,102.58,102.87,102.21
2017/2/06,102.48,806400.00,102.59,102.81,102.34
2017/2/07,102.30,1095100.00,102.71,102.77,102.18
2017/2/08,102.34,1654700.00,102.06,102.39,101.91
2017/2/09,103.09,787700.00,102.52,103.23,102.50
2017/2/10,103.50,2794000.00,103.33,103.65,103.19
2017/2/13,104.08,1016500.00,103.79,104.31,103.77
2017/2/14,104.67,1020000.00,104.02,104.67,103.90
2017/2/15,105.17,693000.00,104.60,105.30,104.50
2017/2/16,105.07,753500.00,105.23,105.30,104.69
2017/2/17,105.19,1436500.00,104.70,105.19,104.59
2017/2/21,105.91,1011100.00,105.47,106.02,105.37
2017/2/22,105.76,994300.00,105.69,105.93,105.58
2017/2/23,105.98,781400.00,106.11,106.17,105.61
2017/2/24,105.94,876700.00,105.42,105.95,105.42
2017/2/27,106.13,711900.00,105.89,106.22,105.79
2017/2/28,105.83,959200.00,105.86,105.99,105.58
2017/3/01,107.43,1472100.00,106.83,107.75,106.71
2017/3/02,106.75,933100.00,107.40,107.40,106.71
2017/3/03,106.71,995800.00,106.64,106.87,106.52
2017/3/06,106.30,2572600.00,106.28,106.42,105.96
2017/3/07,105.80,588400.00,106.14,106.14,105.71
2017/3/08,105.43,696000.00,105.96,106.15,105.38
2017/3/09,105.61,1226600.00,105.44,105.78,105.08
2017/3/10,105.86,649300.00,106.14,106.14,105.39
2017/3/13,105.85,662700.00,105.87,105.98,105.64
2017/3/14,105.42,615800.00,105.58,105.58,105.04
2017/3/15,106.25,966500.00,105.70,106.50,105.63
2017/3/16,106.11,791200.00,106.45,106.47,105.94
2017/3/17,105.71,766400.00,106.23,106.24,105.71
2017/3/20,105.37,1315200.00,105.68,105.69,105.23
2017/3/21,103.88,2633500.00,105.71,105.71,103.78
2017/3/22,103.90,1251000.00,103.74,104.10,103.45
2017/3/23,103.92,1194700.00,103.79,104.62,103.72
2017/3/24,103.28,1072000.00,103.59,103.81,102.84
2017/3/27,103.08,952400.00,102.26,103.19,102.11
2017/3/28,103.93,870900.00,102.94,104.16,102.94
2017/3/29,103.92,802500.00,103.85,104.16,103.61
2017/3/30,104.46,651400.00,103.99,104.55,103.84
2017/3/31,104.04,723000.00,104.32,104.42,104.00
2017/4/03,103.79,854500.00,104.06,104.16,103.07
2017/4/04,103.87,550800.00,103.57,103.87,103.37
2017/4/05,103.46,1380000.00,104.31,104.82,103.38
2017/4/06,103.83,1248700.00,103.58,104.16,103.27
2017/4/07,103.66,558500.00,103.71,104.08,103.46
2017/4/10,103.79,683200.00,103.81,104.21,103.51
2017/4/11,103.71,2480000.00,103.55,103.71,102.92
2017/4/12,103.27,749000.00,103.61,103.65,103.10
2017/4/13,102.38,1545500.00,103.06,103.38,102.38
2017/4/17,103.24,746000.00,102.58,103.28,102.41
2017/4/18,102.84,570400.00,102.87,103.11,102.45
2017/4/19,102.52,596300.00,103.08,103.29,102.37
2017/4/20,103.31,678500.00,102.85,103.59,102.63
2017/4/21,102.83,695100.00,103.22,103.26,102.65
2017/4/24,103.97,788800.00,103.95,104.15,103.75
2017/4/25,104.59,747500.00,104.39,104.77,104.30
2017/4/26,104.57,559800.00,104.58,105.18,104.55
2017/4/27,104.38,533200.00,104.66,104.66,104.06
2017/4/28,103.94,417400.00,104.53,104.53,103.89
2017/5/01,103.94,876200.00,104.12,104.24,103.76
2017/5/02,103.83,591200.00,104.00,104.07,103.64
2017/5/03,103.95,542700.00,103.74,104.06,103.60
2017/5/04,103.96,652200.00,104.14,104.22,103.61
2017/5/05,104.42,559400.00,104.14,104.42,103.99
2017/5/08,104.30,453400.00,104.42,104.49,104.17
2017/5/09,103.99,619900.00,104.42,104.46,103.81
2017/5/10,104.21,657600.00,103.89,104.22,103.85
2017/5/11,103.93,693800.00,104.00,104.09,103.43
2017/5/12,103.57,441200.00,103.75,103.75,103.40
2017/5/15,104.17,383100.00,103.86,104.31,103.81
2017/5/16,103.94,2003500.00,104.28,104.34,103.83
2017/5/17,102.14,1605000.00,103.07,103.23,102.11
2017/5/18,102.22,799000.00,101.93,102.72,101.78
2017/5/19,103.00,1659900.00,102.57,103.39,102.49
2017/5/22,103.41,500000.00,103.29,103.51,103.10
2017/5/23,103.77,592600.00,103.62,103.89,103.45
2017/5/24,103.84,457100.00,103.90,103.90,103.55
2017/5/25,103.98,643900.00,104.08,104.26,103.85
2017/5/26,103.98,353000.00,103.93,104.06,103.86
2017/5/30,103.77,625200.00,103.81,103.92,103.61
2017/5/31,103.59,559300.00,103.88,103.88,103.26
2017/6/01,104.60,1102700.00,103.78,104.63,103.63
2017/6/02,104.52,524300.00,104.55,104.70,104.30
2017/6/05,104.42,307200.00,104.45,104.64,104.38
2017/6/06,104.16,443800.00,104.14,104.39,103.95
2017/6/07,104.28,413400.00,104.28,104.42,103.99
2017/6/08,104.54,677900.00,104.30,104.89,104.30
2017/6/09,105.52,2046600.00,104.64,105.60,104.64
2017/6/12,105.81,1169300.00,105.61,106.13,105.49
2017/6/13,106.12,655600.00,106.04,106.15,105.77
2017/6/14,106.04,620900.00,106.17,106.17,105.57
2017/6/15,105.83,427600.00,105.49,105.86,105.41
2017/6/16,105.78,406300.00,105.89,105.89,105.27
2017/6/19,106.34,501700.00,106.10,106.41,105.96
2017/6/20,105.65,375500.00,106.08,106.13,105.62
2017/6/21,105.14,449600.00,105.75,105.75,104.95
2017/6/22,105.03,580100.00,105.19,105.38,104.99
2017/6/23,104.96,489500.00,105.10,105.24,104.80
2017/6/26,105.33,515600.00,105.24,105.63,105.15
2017/6/27,104.34,491500.00,104.83,105.08,104.34
2017/6/28,105.17,954600.00,104.79,105.42,104.79
2017/6/29,104.83,868500.00,105.59,105.81,104.30
2017/6/30,104.96,788700.00,105.27,105.36,104.84
2017/7/03,105.80,614900.00,105.43,106.26,105.43
2017/7/05,105.58,1522000.00,105.94,105.94,105.29
2017/7/06,104.63,708400.00,105.41,105.49,104.57
2017/7/07,105.05,630000.00,104.83,105.10,104.59
2017/7/10,104.89,582200.00,104.94,105.12,104.79
2017/7/11,104.72,495500.00,104.88,104.90,104.24
2017/7/12,105.23,580100.00,105.14,105.46,105.13
2017/7/13,105.45,468600.00,105.33,105.50,105.14
2017/7/14,105.73,583300.00,105.32,105.94,105.12
2017/7/17,105.66,530000.00,105.68,105.90,105.56
2017/7/18,105.42,490000.00,105.50,105.53,105.14
2017/7/19,105.97,536900.00,105.63,105.97,105.48
2017/7/20,106.01,712800.00,106.12,106.21,105.83
2017/7/21,105.85,479900.00,105.79,105.87,105.49
2017/7/24,105.72,324600.00,105.76,105.84,105.62
2017/7/25,106.36,432000.00,106.29,106.61,106.16
2017/7/26,106.14,527500.00,106.53,106.53,106.03
2017/7/27,106.34,862800.00,106.26,106.34,105.83
2017/7/28,106.20,849300.00,106.11,106.35,105.87
2017/7/31,106.42,948400.00,106.41,106.63,106.30
2017/8/01,106.70,605100.00,106.66,106.75,106.43
2017/8/02,106.63,471900.00,106.54,106.65,106.29
2017/8/03,106.45,486600.00,106.61,106.66,106.33
2017/8/04,106.66,522700.00,106.75,106.81,106.56
2017/8/07,106.65,639100.00,106.65,106.69,106.47
2017/8/08,106.44,453300.00,106.51,107.17,106.27
2017/8/09,106.28,398900.00,106.08,106.32,105.93
2017/8/10,105.02,509200.00,105.96,105.96,105.01
2017/8/11,104.86,624600.00,105.04,105.23,104.73
2017/8/14,105.72,468200.00,105.48,105.97,105.45
2017/8/15,105.68,599900.00,105.99,105.99,105.57
2017/8/16,105.78,605700.00,105.93,106.12,105.62
2017/8/17,104.21,693700.00,105.43,105.58,104.19
2017/8/18,103.97,568700.00,104.04,104.65,103.77
2017/8/21,104.05,720800.00,103.96,104.16,103.71
2017/8/22,104.87,415000.00,104.27,104.98,104.27
2017/8/23,104.64,655500.00,104.45,104.94,104.41
2017/8/24,104.39,413600.00,104.80,104.88,104.35
2017/8/25,104.75,455900.00,104.76,105.11,104.69
2017/8/28,104.59,410000.00,104.95,104.97,104.33
2017/8/29,104.47,516900.00,103.90,104.60,103.87
2017/8/30,104.72,407800.00,104.49,104.92,104.35
2017/8/31,105.10,841800.00,104.98,105.32,104.92
2017/9/01,105.53,504500.00,105.31,105.79,105.31
2017/9/05,104.58,651100.00,105.23,105.29,104.20
2017/9/06,104.98,483900.00,104.90,105.14,104.80
2017/9/07,104.54,403300.00,105.08,105.08,104.32
2017/9/08,104.67,429000.00,104.42,104.84,104.29
2017/9/11,105.91,425600.00,105.29,106.01,105.29
2017/9/12,106.52,435100.00,106.18,106.57,106.13
2017/9/13,106.70,446300.00,106.44,106.72,106.34
2017/9/14,106.74,401500.00,106.58,106.81,106.58
2017/9/15,107.01,303600.00,106.67,107.03,106.63
2017/9/18,107.40,758800.00,107.11,107.43,107.11
2017/9/19,107.56,689200.00,107.51,107.64,107.39
2017/9/20,107.78,424800.00,107.64,107.83,107.41
2017/9/21,107.63,685900.00,107.66,107.83,107.49
2017/9/22,107.66,373600.00,107.49,107.77,107.42
2017/9/25,108.03,543600.00,107.64,108.16,107.57
2017/9/26,107.31,425100.00,107.43,107.52,107.24
2017/9/27,107.54,627900.00,107.66,107.73,107.14
2017/9/28,107.68,565800.00,107.51,107.74,107.37
2017/9/29,107.91,460800.00,107.61,107.94,107.51
2017/10/02,108.57,743200.00,108.09,108.57,107.83
2017/10/03,108.79,568400.00,108.67,108.83,108.49
2017/10/04,108.94,410400.00,108.79,109.13,108.77
2017/10/05,109.45,379700.00,109.06,109.59,108.91
2017/10/06,109.17,599700.00,109.24,109.36,108.93
2017/10/09,108.76,450400.00,109.28,109.29,108.63
2017/10/10,109.26,1326100.00,108.98,109.34,108.98
2017/10/11,109.25,630300.00,109.20,109.25,109.04
2017/10/12,108.80,500100.00,109.11,109.11,108.72
2017/10/13,108.85,675300.00,108.88,109.07,108.67
2017/10/16,109.00,1287900.00,108.94,109.17,108.86
2017/10/17,108.95,479700.00,109.05,109.05,108.74
2017/10/18,109.07,450000.00,109.15,109.21,109.01
2017/10/19,109.31,504500.00,108.67,109.31,108.67
2017/10/20,110.02,522600.00,109.74,110.12,109.64
2017/10/23,109.84,538300.00,110.19,110.30,109.79
2017/10/24,110.09,491800.00,110.08,110.25,110.00
2017/10/25,109.47,517200.00,110.03,110.12,108.94
2017/10/26,109.71,539700.00,109.85,110.10,109.71
2017/10/27,109.60,667100.00,109.49,109.64,109.04
2017/10/30,109.04,1827700.00,109.27,109.41,108.96
2017/10/31,109.15,465100.00,109.20,109.33,109.09
2017/11/01,109.47,601300.00,109.59,109.87,109.38
2017/11/02,109.52,481900.00,109.51,109.61,108.87
2017/11/03,109.50,406300.00,109.48,109.56,109.28
2017/11/06,109.44,392100.00,109.37,109.56,109.26
2017/11/07,109.27,548900.00,109.60,109.72,109.05
2017/11/08,109.24,500300.00,109.16,109.27,108.85
2017/11/09,109.03,545500.00,108.66,109.13,108.35
2017/11/10,108.93,598700.00,108.93,108.99,108.71
2017/11/13,109.03,513500.00,108.54,109.14,108.52
2017/11/14,108.73,578600.00,108.70,108.76,108.25
2017/11/15,108.39,707900.00,108.24,108.62,107.87
2017/11/16,109.16,532500.00,108.84,109.39,108.82
2017/11/17,109.02,701900.00,108.92,109.21,108.83
2017/11/20,109.24,462600.00,109.14,109.33,108.96
2017/11/21,109.66,497000.00,109.54,109.80,109.54
2017/11/22,109.57,409400.00,109.70,109.82,109.52
