2014/11/25,208.54,3979200.00,208.97,209.20,208.21
2014/11/26,209.04,2052500.00,208.67,209.15,208.43
2014/11/28,208.58,1977600.00,208.91,209.27,208.32
2014/12/01,207.18,3610600.00,207.81,207.90,206.75
2014/12/02,208.48,2443900.00,207.18,208.73,207.18
2014/12/03,209.30,2734900.00,208.68,209.54,208.50
2014/12/04,209.05,3472800.00,208.94,209.66,208.09
2014/12/05,209.44,2785200.00,209.28,209.88,208.95
2014/12/08,207.98,3466300.00,208.95,209.51,207.31
2014/12/09,207.84,4017200.00,205.76,207.99,205.27
2014/12/10,204.60,4937100.00,207.28,207.35,204.28
2014/12/11,205.54,5170600.00,205.27,207.56,205.06
2014/12/12,202.25,5804700.00,204.03,205.18,202.19
2014/12/15,200.82,6373600.00,203.36,203.88,200.10
2014/12/16,199.26,10736600.00,199.91,203.71,199.16
2014/12/17,203.13,6112000.00,199.77,203.67,199.60
2014/12/18,208.11,9285900.00,206.14,208.17,205.29
2014/12/19,209.01,5042100.00,208.94,209.88,208.18
2014/12/22,209.99,4040900.00,209.25,210.00,209.01
2014/12/23,210.32,3385900.00,210.76,210.81,210.07
2014/12/24,209.29,1816400.00,209.47,209.80,209.18
2014/12/26,209.85,1606300.00,209.75,210.31,209.72
2014/12/29,210.21,3361900.00,209.64,210.42,209.63
2014/12/30,209.01,2947500.00,209.69,209.82,208.97
2014/12/31,206.87,3532400.00,209.46,209.66,206.84
2015/1/02,206.73,3346800.00,207.84,208.32,205.64
2015/1/05,203.10,8469900.00,205.64,205.79,202.76
2015/1/06,201.27,7814000.00,203.55,204.12,200.25
2015/1/07,203.76,3548500.00,202.84,204.14,202.30
2015/1/08,207.40,4556000.00,205.45,207.59,205.43
2015/1/09,205.65,4392800.00,207.84,207.85,204.95
2015/1/12,204.09,3482200.00,205.83,206.03,203.35
2015/1/13,203.56,7066100.00,205.59,206.91,201.95
2015/1/14,202.33,7996800.00,201.07,202.49,199.97
2015/1/15,200.43,8008600.00,203.03,203.42,200.28
2015/1/16,203.00,4943700.00,200.15,203.23,199.95
2015/1/20,203.50,3604400.00,203.84,204.12,201.59
2015/1/21,204.50,5348300.00,202.95,205.07,202.37
2015/1/22,207.50,4839200.00,205.45,207.71,203.76
2015/1/23,206.39,4312100.00,207.25,207.54,206.24
2015/1/26,206.94,3316500.00,206.19,207.01,205.29
2015/1/27,204.16,5619900.00,204.42,205.55,203.15
2015/1/28,201.52,6521200.00,205.64,205.72,201.33
2015/1/29,203.45,7282900.00,201.73,203.72,200.08
2015/1/30,200.87,8344500.00,201.99,203.58,200.54
2015/2/02,203.31,4528300.00,201.49,203.43,199.27
2015/2/03,206.20,3612000.00,204.40,206.29,204.00
2015/2/04,205.47,5565300.00,205.33,206.82,204.96
2015/2/05,207.62,5472900.00,206.33,207.74,206.23
2015/2/06,206.95,3812600.00,208.00,208.72,206.40
2015/2/09,206.06,5234600.00,206.22,207.09,205.58
2015/2/10,208.29,2885000.00,207.35,208.57,206.26
2015/2/11,208.39,6459000.00,208.09,208.89,207.27
2015/2/12,210.33,4668600.00,209.38,210.45,209.15
2015/2/13,211.28,3083200.00,210.51,211.31,210.24
2015/2/17,211.66,2240300.00,210.89,211.80,210.59
2015/2/18,211.62,2093200.00,211.12,211.70,210.82
2015/2/19,211.45,2182700.00,210.92,211.90,210.72
2015/2/20,212.74,3349000.00,210.94,212.80,210.23
2015/2/23,212.67,2630400.00,212.44,212.71,211.97
2015/2/24,213.31,2190900.00,212.64,213.55,212.27
2015/2/25,213.15,2055500.00,213.17,213.74,212.73
2015/2/26,212.91,4356200.00,213.06,213.19,212.16
2015/2/27,212.21,3822900.00,212.78,213.09,212.15
2015/3/02,213.56,7022100.00,212.27,213.56,212.25
2015/3/03,212.60,3133600.00,212.96,213.07,211.57
2015/3/04,211.71,4708200.00,211.91,211.97,210.55
2015/3/05,211.93,2926900.00,212.07,212.28,211.35
2015/3/06,208.98,6078800.00,210.87,211.42,208.56
2015/3/09,209.85,2543800.00,209.18,210.24,209.10
2015/3/10,206.42,3786400.00,208.15,208.23,206.40
2015/3/11,205.98,2779700.00,206.74,206.94,205.83
2015/3/12,208.55,4408600.00,206.71,208.63,206.63
2015/3/13,207.27,4106800.00,208.20,208.39,206.01
2015/3/16,210.14,2904500.00,208.17,210.15,208.14
2015/3/17,209.43,3200300.00,209.21,209.89,208.45
2015/3/18,211.90,5331800.00,208.81,212.76,208.08
2015/3/19,210.99,3525400.00,211.42,211.78,210.52
2015/3/20,212.85,3114600.00,212.12,213.45,212.04
2015/3/23,212.50,2375200.00,212.86,213.53,212.44
2015/3/24,211.17,4182100.00,212.22,212.82,211.15
2015/3/25,207.19,3814600.00,210.51,210.77,207.11
2015/3/26,206.68,4018700.00,206.30,207.74,205.50
2015/3/27,207.10,1987600.00,206.50,207.33,206.29
2015/3/30,209.62,3168300.00,208.35,209.99,208.35
2015/3/31,207.83,3362900.00,208.67,209.49,207.76
2015/4/01,207.18,6386500.00,207.75,207.78,205.88
2015/4/02,207.76,2618400.00,207.00,208.35,206.76
2015/4/06,209.28,2632400.00,206.77,209.85,206.59
2015/4/07,208.66,2238700.00,209.20,210.15,208.65
2015/4/08,209.41,2859700.00,208.97,209.89,208.46
2015/4/09,210.33,2180900.00,209.20,210.57,208.60
2015/4/10,211.43,1721700.00,210.61,211.49,210.37
2015/4/13,210.46,1413100.00,211.31,212.03,210.46
2015/4/14,210.83,2803700.00,210.30,211.11,209.49
2015/4/15,211.91,2733000.00,211.48,212.45,211.35
2015/4/16,211.81,2829100.00,211.46,212.38,211.21
2015/4/17,209.36,4574000.00,210.37,210.62,208.40
2015/4/20,211.28,2480500.00,210.50,211.65,210.38
2015/4/21,211.06,2577100.00,212.07,212.26,210.66
2015/4/22,212.08,2657100.00,211.45,212.26,210.32
2015/4/23,212.61,3718700.00,211.59,213.37,211.45
2015/4/24,213.08,1824400.00,213.07,213.39,212.52
2015/4/27,212.24,2050600.00,213.73,213.88,211.95
2015/4/28,212.82,3930600.00,212.14,212.92,210.75
2015/4/29,211.99,3634900.00,211.79,212.71,211.03
2015/4/30,209.85,3081200.00,211.30,211.76,209.02
2015/5/01,212.12,2627200.00,210.83,212.19,210.70
2015/5/04,212.80,1827400.00,212.65,213.42,212.53
2015/5/05,210.34,2488700.00,212.43,212.85,210.13
2015/5/06,209.47,3289700.00,210.95,211.33,208.15
2015/5/07,210.29,4443000.00,209.31,210.76,208.92
2015/5/08,213.03,5092300.00,212.28,213.28,212.22
2015/5/11,212.00,4532500.00,213.01,213.30,211.94
2015/5/12,211.35,3780100.00,211.00,212.04,210.02
2015/5/13,211.43,2710600.00,211.92,212.64,211.14
2015/5/14,213.69,2626400.00,212.65,213.75,212.34
2015/5/15,213.91,2983900.00,213.89,214.03,213.30
2015/5/18,214.54,3094200.00,213.70,214.86,213.62
2015/5/19,214.50,1698000.00,214.67,215.00,214.12
2015/5/20,214.29,1728800.00,214.62,215.23,213.95
2015/5/21,214.91,1336200.00,214.17,215.18,213.95
2015/5/22,214.46,1829200.00,214.47,214.98,214.35
2015/5/26,212.13,3027600.00,213.84,213.94,211.63
2015/5/27,214.16,2379600.00,212.70,214.42,212.28
2015/5/28,213.88,2796900.00,213.78,214.03,213.05
2015/5/29,212.58,3270800.00,213.78,213.86,212.25
2015/6/01,212.95,3028800.00,213.32,213.77,212.05
2015/6/02,212.78,2769800.00,212.42,213.60,211.68
2015/6/03,213.38,3350800.00,213.39,214.10,212.76
2015/6/04,211.66,2903500.00,212.49,213.19,211.16
2015/6/05,211.19,2503100.00,211.30,211.98,210.38
2015/6/08,209.89,2824000.00,211.05,211.20,209.78
2015/6/09,209.82,2560500.00,209.91,210.47,209.10
2015/6/10,212.31,3305100.00,210.94,212.82,210.66
2015/6/11,213.03,3437700.00,212.93,213.50,212.64
2015/6/12,211.41,4878800.00,212.04,212.23,211.10
2015/6/15,210.53,2586300.00,209.97,210.85,209.19
2015/6/16,211.70,2845100.00,210.32,211.75,210.13
2015/6/17,211.99,2361800.00,212.07,212.72,210.77
2015/6/18,214.12,2935100.00,212.71,214.76,212.56
2015/6/19,212.85,3268000.00,213.97,214.02,212.80
2015/6/22,214.39,3092600.00,214.40,215.07,128.74
2015/6/23,214.47,3272900.00,214.63,214.91,214.05
2015/6/24,211.78,2052900.00,212.97,213.45,211.75
2015/6/25,211.11,2885500.00,212.42,212.53,211.06
2015/6/26,211.17,3169400.00,211.50,211.84,210.45
2015/6/29,206.73,5558500.00,209.31,210.08,206.59
2015/6/30,207.22,4763600.00,208.50,208.51,206.55
2015/7/01,208.84,4841000.00,209.08,209.32,207.86
2015/7/02,208.59,2673300.00,209.37,209.57,208.10
2015/7/06,208.04,4513300.00,207.02,208.94,206.82
2015/7/07,209.32,5806500.00,208.24,209.46,205.37
2015/7/08,205.79,5092000.00,207.70,208.05,205.52
2015/7/09,206.16,4400900.00,208.36,208.63,206.08
2015/7/10,208.79,4357000.00,208.60,209.25,207.77
2015/7/13,211.09,2983800.00,210.29,211.20,210.25
2015/7/14,211.97,4364100.00,210.98,212.34,210.96
2015/7/15,211.89,3261400.00,212.04,212.58,211.36
2015/7/16,213.55,3876000.00,213.19,213.61,212.90
2015/7/17,213.78,2324600.00,213.64,213.85,213.12
2015/7/20,213.86,2361100.00,214.00,214.46,213.54
2015/7/21,213.03,2903100.00,213.69,214.00,212.69
2015/7/22,212.62,3078200.00,212.23,213.05,212.18
2015/7/23,211.47,2728100.00,212.83,212.91,211.04
2015/7/24,209.25,3520700.00,211.56,211.64,208.86
2015/7/27,207.99,4470800.00,208.16,208.80,207.51
2015/7/28,210.58,2753400.00,209.03,210.76,208.07
2015/7/29,211.99,3765000.00,210.77,212.31,210.57
2015/7/30,212.06,2160500.00,211.43,212.29,210.70
2015/7/31,211.76,4472100.00,212.74,212.74,211.44
2015/8/03,211.04,4973000.00,211.70,211.80,209.93
2015/8/04,210.60,3046100.00,211.00,211.50,210.07
2015/8/05,211.39,2820000.00,211.74,212.58,211.00
2015/8/06,209.69,2965000.00,211.52,211.69,208.90
2015/8/07,209.18,3477000.00,209.43,209.57,208.14
2015/8/10,211.83,2156000.00,210.56,211.93,210.56
2015/8/11,209.92,2746600.00,210.23,210.71,209.02
2015/8/12,210.12,4090600.00,208.35,210.39,206.63
2015/8/13,209.91,2648100.00,210.05,210.81,209.28
2015/8/14,210.63,1919300.00,209.70,210.76,209.52
2015/8/17,211.87,2189800.00,209.94,211.87,209.40
2015/8/18,211.27,1953100.00,211.53,211.94,210.97
2015/8/19,209.57,5273800.00,210.38,211.28,208.60
2015/8/20,205.12,8387000.00,207.79,208.39,205.12
2015/8/21,198.81,14980400.00,203.00,204.12,198.69
2015/8/24,190.52,12998900.00,188.51,196.96,147.21
2015/8/25,188.28,8892600.00,196.94,196.94,188.04
2015/8/26,195.68,13442500.00,193.24,195.88,189.47
2015/8/27,200.49,9718000.00,198.25,200.56,196.34
2015/8/28,200.48,5822400.00,199.64,200.99,199.09
2015/8/31,198.75,7315100.00,199.35,200.29,198.18
2015/9/01,192.73,12409800.00,194.30,195.88,191.83
2015/9/02,196.54,8933500.00,195.78,196.59,193.54
2015/9/03,196.71,8728100.00,197.45,199.21,196.08
2015/9/04,193.66,7236700.00,194.02,194.95,192.71
2015/9/08,198.67,6465600.00,197.05,198.75,196.31
2015/9/09,195.91,7520500.00,200.44,200.63,195.46
2015/9/10,196.96,4851500.00,195.69,198.37,195.38
2015/9/11,197.92,3389300.00,196.44,197.95,195.66
2015/9/14,197.15,2576500.00,198.06,198.15,196.56
2015/9/15,199.62,4680500.00,197.83,200.15,197.23
2015/9/16,201.41,5144400.00,199.92,201.59,199.60
2015/9/17,200.90,8716200.00,201.15,204.05,200.49
2015/9/18,197.55,5963600.00,198.00,199.75,197.15
2015/9/21,198.59,4471800.00,198.67,199.87,197.40
2015/9/22,196.09,4769600.00,195.98,196.64,194.74
2015/9/23,195.76,4725100.00,196.26,196.83,195.08
2015/9/24,195.06,6842800.00,194.22,195.59,192.69
2015/9/25,193.85,6194600.00,195.80,196.09,192.88
2015/9/28,189.01,11376800.00,192.85,192.95,188.71
2015/9/29,189.04,9001000.00,189.30,190.77,187.97
2015/9/30,192.71,7855500.00,191.49,192.88,190.49
2015/10/01,193.24,5973200.00,193.14,193.53,190.88
2015/10/02,196.07,4613600.00,190.80,196.07,190.19
2015/10/05,199.62,4754600.00,197.52,199.84,197.43
2015/10/06,198.87,4446100.00,199.50,200.08,198.09
2015/10/07,200.51,4299900.00,200.05,200.93,198.59
2015/10/08,202.35,5587300.00,199.98,202.67,199.70
2015/10/09,202.50,3297100.00,202.41,203.03,201.73
2015/10/12,202.68,2114100.00,202.56,202.87,202.04
2015/10/13,201.37,3821300.00,201.83,203.28,201.18
2015/10/14,200.36,2469300.00,201.34,202.00,200.07
2015/10/15,203.43,3015000.00,201.27,203.47,200.76
2015/10/16,204.33,3678700.00,203.95,204.41,203.05
2015/10/19,204.49,3959800.00,203.66,204.51,203.28
2015/10/20,204.19,2439500.00,204.05,204.98,203.70
2015/10/21,203.00,5138200.00,204.80,205.02,202.78
2015/10/22,206.34,4059500.00,204.15,206.65,203.96
2015/10/23,208.66,4261200.00,208.40,209.11,207.47
2015/10/26,208.18,3255900.00,208.52,208.52,207.75
2015/10/27,207.78,4033000.00,207.33,208.17,206.95
2015/10/28,210.11,4494800.00,208.19,210.14,207.39
2015/10/29,210.00,3313700.00,209.54,210.44,209.39
2015/10/30,209.05,3966500.00,210.22,210.61,208.93
2015/11/02,211.60,4290400.00,209.52,211.81,209.37
2015/11/03,212.13,3056300.00,211.14,212.87,210.91
2015/11/04,211.58,3327900.00,212.51,212.69,210.94
2015/11/05,211.32,2723100.00,211.65,212.20,210.28
2015/11/06,211.24,3054100.00,210.89,211.51,209.66
2015/11/09,209.21,3479600.00,210.54,210.62,208.13
2015/11/10,209.72,3208100.00,208.69,209.78,208.36
2015/11/11,208.91,1946700.00,210.08,210.11,208.84
2015/11/12,205.97,4262000.00,207.70,208.22,205.97
2015/11/13,203.67,5844800.00,205.46,205.82,203.57
2015/11/16,206.82,4625500.00,203.41,206.82,203.31
2015/11/17,206.55,7928300.00,207.14,208.20,206.04
2015/11/18,209.87,4071600.00,207.20,210.09,207.17
2015/11/19,209.67,3323200.00,209.79,210.24,209.40
2015/11/20,210.62,4994200.00,210.69,211.32,210.06
2015/11/23,210.22,2321800.00,210.48,211.17,209.71
2015/11/24,210.52,3194300.00,208.96,211.01,208.61
2015/11/25,210.53,1883500.00,210.73,210.93,210.25
2015/11/27,210.71,875900.00,210.60,210.99,210.06
2015/11/30,209.87,4978000.00,211.01,211.08,209.75
2015/12/01,211.93,4060800.00,210.61,212.03,210.31
2015/12/02,209.74,3753300.00,211.88,212.20,209.41
2015/12/03,206.76,5862600.00,210.06,210.34,205.91
2015/12/04,210.80,6642500.00,207.25,211.17,207.09
2015/12/07,209.50,4028400.00,210.40,210.45,208.37
2015/12/08,208.13,5248600.00,207.69,209.20,206.94
2015/12/09,206.49,5684200.00,207.42,209.85,205.36
2015/12/10,207.01,5520100.00,206.61,208.58,206.30
2015/12/11,202.89,7995100.00,204.59,205.26,202.63
2015/12/14,204.18,8083500.00,203.22,204.18,201.10
2015/12/15,206.19,4624900.00,205.87,207.25,205.68
2015/12/16,209.17,5620100.00,207.62,209.58,205.92
2015/12/17,206.08,6254700.00,209.64,209.68,206.00
2015/12/18,202.22,6867000.00,205.13,205.23,202.14
2015/12/21,203.96,3668200.00,203.83,204.23,202.43
2015/12/22,205.85,4385300.00,205.04,206.23,203.91
2015/12/23,208.44,5079900.00,207.09,208.46,206.94
2015/12/24,206.83,2208700.00,206.98,207.54,206.64
2015/12/28,206.34,3707000.00,206.09,206.45,205.15
2015/12/29,208.51,4663200.00,207.62,208.80,207.50
2015/12/30,206.97,4898300.00,208.16,208.21,206.78
2015/12/31,204.87,5176000.00,206.21,206.90,204.87
2016/1/04,202.00,7094200.00,201.53,202.01,199.59
2016/1/05,202.42,5184900.00,202.40,202.88,201.04
2016/1/06,199.77,5468800.00,199.36,201.02,198.57
2016/1/07,194.99,7439200.00,196.22,198.40,194.57
2016/1/08,192.83,8767200.00,196.25,196.81,192.52
2016/1/11,193.03,7452800.00,193.90,194.33,190.78
2016/1/12,194.52,5380900.00,194.85,195.50,192.08
2016/1/13,189.79,6977100.00,195.50,195.81,189.30
2016/1/14,192.80,6903700.00,190.42,194.20,188.57
2016/1/15,188.74,8339700.00,187.79,189.69,186.46
2016/1/19,188.84,7293400.00,190.73,191.01,187.12
2016/1/20,186.65,10150300.00,185.81,188.41,181.90
2016/1/21,187.62,8784100.00,187.17,189.79,185.58
2016/1/22,191.49,4331800.00,190.74,191.67,189.82
2016/1/25,188.57,4009700.00,190.90,191.08,188.34
2016/1/26,191.13,3925200.00,189.36,191.44,188.94
2016/1/27,189.08,5583700.00,190.61,192.50,187.98
2016/1/28,190.11,5335600.00,190.95,191.10,188.08
2016/1/29,194.62,7569300.00,190.92,194.69,190.82
2016/2/01,194.60,5991000.00,193.42,195.53,192.79
2016/2/02,191.09,7079700.00,192.87,192.94,190.48
2016/2/03,192.11,7250700.00,192.39,192.72,188.04
2016/2/04,192.53,4493800.00,191.71,193.69,190.93
2016/2/05,188.85,5350000.00,191.90,192.02,188.14
2016/2/08,186.31,7923800.00,186.69,187.00,183.72
2016/2/09,186.24,5371800.00,184.21,187.87,184.11
2016/2/10,186.15,3802700.00,187.35,189.24,186.04
2016/2/11,183.83,5801600.00,183.18,184.96,182.02
2016/2/12,187.55,3223400.00,185.84,187.58,184.87
2016/2/16,190.67,3388800.00,189.76,190.74,188.56
2016/2/17,193.83,3841000.00,192.07,194.28,191.97
2016/2/18,193.05,3697600.00,194.20,194.25,192.69
2016/2/19,192.93,2204000.00,192.13,193.14,191.42
2016/2/22,195.72,2497700.00,194.85,195.93,194.79
2016/2/23,193.34,2693400.00,195.02,195.28,193.16
2016/2/24,194.22,2927600.00,191.59,194.50,190.27
2016/2/25,196.50,2709300.00,194.72,196.56,193.82
2016/2/26,196.15,3575800.00,197.58,197.68,195.89
2016/2/29,194.51,3440600.00,196.11,197.25,194.42
2016/3/01,199.19,4718600.00,196.04,199.21,195.47
2016/3/02,200.07,4186900.00,198.72,200.09,198.28
2016/3/03,200.78,2871800.00,199.79,200.83,199.14
2016/3/04,201.48,3442500.00,201.08,202.40,200.10
2016/3/07,201.68,3773200.00,200.41,202.12,200.29
2016/3/08,199.38,3281300.00,200.38,200.96,199.25
2016/3/09,200.41,3226000.00,200.42,200.80,199.45
2016/3/10,200.52,3292800.00,201.05,202.11,198.46
2016/3/11,203.84,2661900.00,202.31,203.88,202.20
2016/3/14,203.56,4365200.00,203.19,204.13,202.85
2016/3/15,203.22,4168100.00,202.44,203.28,202.12
2016/3/16,204.52,3476500.00,202.64,204.90,202.59
2016/3/17,205.81,4773800.00,204.35,206.33,203.86
2016/3/18,206.57,5695900.00,206.38,206.94,205.96
2016/3/21,206.87,2897800.00,206.25,207.11,205.96
2016/3/22,206.75,4429500.00,205.88,207.40,205.73
2016/3/23,204.30,2945700.00,205.13,205.36,204.05
2016/3/24,204.18,3247600.00,203.05,204.20,202.77
2016/3/28,204.31,2274500.00,204.67,204.88,203.75
2016/3/29,206.26,3293100.00,203.84,206.26,203.43
2016/3/30,207.13,2751200.00,207.33,207.91,206.65
2016/3/31,206.65,3911200.00,207.00,207.45,206.38
2016/4/01,207.97,4014000.00,205.41,208.20,205.05
2016/4/04,207.29,2989800.00,207.92,208.13,206.95
2016/4/05,205.26,3058500.00,205.75,206.27,204.93
2016/4/06,207.48,2887100.00,205.31,207.54,205.02
2016/4/07,204.97,6467300.00,206.22,206.59,204.13
2016/4/08,205.58,2424100.00,206.42,206.88,204.92
2016/4/11,205.00,2734700.00,206.33,207.11,204.95
2016/4/12,207.02,2300200.00,205.27,207.32,204.75
2016/4/13,209.10,3186600.00,208.05,209.16,207.91
2016/4/14,209.12,2508700.00,209.14,209.66,208.68
2016/4/15,208.79,2336600.00,209.12,209.17,208.48
2016/4/18,210.31,3450800.00,208.18,210.35,208.07
2016/4/19,210.95,3228700.00,210.84,211.28,210.02
2016/4/20,211.11,2452100.00,211.04,212.00,210.48
2016/4/21,210.06,2921100.00,211.24,211.33,209.73
2016/4/22,210.03,3070500.00,209.61,210.35,209.00
2016/4/25,209.66,2717700.00,209.37,209.69,208.61
2016/4/26,210.01,2212100.00,210.13,210.60,209.45
2016/4/27,210.40,2787800.00,209.51,210.90,209.14
2016/4/28,208.58,3092500.00,209.52,210.85,208.03
2016/4/29,207.46,3725300.00,207.78,208.19,206.10
2016/5/02,209.08,3171300.00,208.01,209.26,207.48
2016/5/03,207.25,3208400.00,207.55,207.86,206.36
2016/5/04,206.07,2432700.00,206.02,206.89,205.48
2016/5/05,206.01,2154500.00,206.59,207.01,205.51
2016/5/06,206.81,2320300.00,205.13,206.81,204.94
2016/5/09,207.01,2751700.00,206.63,207.43,206.43
2016/5/10,209.52,2777800.00,207.83,209.54,207.72
2016/5/11,207.57,2818100.00,209.00,209.40,207.57
2016/5/12,207.67,3139600.00,208.37,208.55,206.44
2016/5/13,205.75,4844500.00,207.24,207.91,205.44
2016/5/16,207.83,2607100.00,205.99,208.41,205.95
2016/5/17,206.00,3272600.00,207.52,207.87,205.29
2016/5/18,206.02,4216400.00,205.48,207.35,204.69
2016/5/19,205.29,3785700.00,205.06,205.58,203.80
2016/5/20,206.54,2646500.00,206.01,207.16,205.90
2016/5/23,206.26,1570300.00,206.54,206.90,206.04
2016/5/24,208.94,2580900.00,207.25,209.32,207.20
2016/5/25,210.35,2403200.00,209.73,210.85,209.71
2016/5/26,210.43,2009400.00,210.56,210.81,210.05
2016/5/27,211.30,1742700.00,210.60,211.31,210.56
2016/5/31,210.97,3182200.00,211.69,211.80,210.27
2016/6/01,211.37,2858900.00,210.27,211.58,209.99
2016/6/02,212.06,2978700.00,210.89,212.06,210.33
2016/6/03,211.35,3306200.00,211.34,211.80,209.98
2016/6/06,212.52,2635100.00,211.82,212.88,211.62
2016/6/07,212.77,2582800.00,212.66,213.46,212.62
2016/6/08,213.45,1614400.00,212.94,213.64,212.81
2016/6/09,213.20,1898000.00,212.61,213.35,212.32
2016/6/10,211.19,3245400.00,211.56,211.97,210.54
2016/6/13,209.52,3643900.00,210.43,211.48,209.44
2016/6/14,209.14,4451500.00,209.06,209.83,208.00
2016/6/15,208.77,3536400.00,209.58,210.44,208.60
2016/6/16,209.45,3701800.00,207.74,209.66,206.65
2016/6/17,208.66,3302000.00,209.32,209.38,207.90
2016/6/20,210.04,3868100.00,211.02,211.79,209.91
2016/6/21,209.62,2132000.00,209.46,210.07,208.96
2016/6/22,209.27,3084700.00,209.84,210.69,209.11
2016/6/23,212.00,2523400.00,210.99,212.02,210.46
2016/6/24,204.49,15207000.00,204.97,208.06,203.88
2016/6/27,200.63,7993000.00,202.77,202.77,199.79
2016/6/28,204.38,7056000.00,202.71,204.38,202.26
2016/6/29,207.80,6581900.00,206.01,208.10,205.89
2016/6/30,210.50,4788900.00,208.43,210.72,207.74
2016/7/01,211.13,4588800.00,210.54,211.69,210.54
2016/7/05,209.64,5584900.00,210.15,210.27,208.90
2016/7/06,210.84,5868500.00,208.97,210.99,208.25
2016/7/07,210.66,3177000.00,211.01,211.84,209.84
2016/7/08,213.86,3184500.00,212.20,214.15,212.00
2016/7/11,214.67,3262900.00,214.40,215.28,214.18
2016/7/12,216.18,4682100.00,215.77,216.53,215.49
2016/7/13,216.16,3789800.00,216.66,216.70,215.59
2016/7/14,217.35,5324600.00,217.61,217.91,216.90
2016/7/15,217.03,3638500.00,218.00,218.05,216.54
2016/7/18,217.63,3961000.00,217.17,217.86,216.90
2016/7/19,217.39,1415400.00,217.19,217.46,216.88
2016/7/20,218.31,1774800.00,217.97,218.60,217.47
2016/7/21,217.52,1754500.00,218.17,218.47,216.99
2016/7/22,218.47,3562000.00,217.63,218.56,217.35
2016/7/25,217.91,1683600.00,218.28,218.31,217.22
2016/7/26,218.00,3082900.00,217.82,218.42,217.00
2016/7/27,217.78,4474200.00,218.42,218.51,216.88
2016/7/28,218.04,1830200.00,217.50,218.37,217.00
2016/7/29,218.37,2875100.00,217.74,218.79,217.38
2016/8/01,218.12,2868200.00,218.47,218.90,217.65
2016/8/02,216.83,4789500.00,217.91,218.07,215.81
2016/8/03,217.47,2422600.00,216.72,217.48,216.39
2016/8/04,217.67,2005400.00,217.56,218.02,217.07
2016/8/05,219.40,3336300.00,218.51,219.48,218.33
2016/8/08,219.28,1532600.00,219.63,219.78,219.00
2016/8/09,219.42,1551300.00,219.37,220.01,219.06
2016/8/10,218.88,2766400.00,219.60,219.67,218.47
2016/8/11,219.89,1766900.00,219.55,220.20,219.21
2016/8/12,219.71,1555500.00,219.56,219.97,219.26
2016/8/15,220.37,1335100.00,220.15,220.76,220.15
2016/8/16,219.25,2784400.00,219.83,219.93,219.23
2016/8/17,219.65,2851000.00,219.30,219.79,218.28
2016/8/18,220.16,1824800.00,219.57,220.16,219.48
2016/8/19,219.82,1584200.00,219.59,220.01,219.00
2016/8/22,219.75,1100600.00,219.55,220.05,219.09
2016/8/23,220.21,1644600.00,220.51,220.88,220.16
2016/8/24,219.17,1495100.00,220.09,220.17,218.64
2016/8/25,218.95,4862800.00,218.68,219.45,218.48
2016/8/26,218.56,4295900.00,219.14,220.39,217.50
2016/8/29,219.60,1567400.00,218.74,219.91,218.64
2016/8/30,219.26,1518900.00,219.55,219.82,218.61
2016/8/31,218.65,2299600.00,218.98,219.01,217.73
2016/9/01,218.67,3231800.00,218.64,218.99,217.28
2016/9/02,219.63,1935900.00,219.70,220.14,218.98
2016/9/06,220.37,3261800.00,219.93,220.37,219.12
2016/9/07,220.33,3668100.00,220.12,220.48,219.58
2016/9/08,219.81,2922200.00,219.91,220.22,219.43
2016/9/09,214.54,7115300.00,218.27,218.28,214.48
2016/9/12,217.63,5087500.00,213.64,218.06,213.54
2016/9/13,214.47,6374500.00,216.08,216.37,213.75
2016/9/14,214.35,4224300.00,214.56,215.93,213.71
2016/9/15,216.52,3416300.00,214.19,216.97,213.96
2016/9/16,215.62,5064700.00,215.75,216.00,214.87
2016/9/19,215.73,2089300.00,216.49,217.21,215.34
2016/9/20,215.75,2005600.00,216.76,216.91,215.69
2016/9/21,218.16,4111200.00,216.55,218.36,215.76
2016/9/22,219.50,4355300.00,219.39,219.88,219.06
2016/9/23,218.35,2483800.00,219.06,219.21,218.23
2016/9/26,215.45,3022900.00,216.25,216.46,215.24
2016/9/27,216.76,3252000.00,215.32,216.90,214.84
2016/9/28,217.90,2140100.00,217.04,218.03,215.95
2016/9/29,215.94,3908900.00,217.61,218.10,215.28
2016/9/30,217.56,3952800.00,216.90,218.35,216.60
2016/10/03,216.89,4753900.00,217.02,217.27,216.26
2016/10/04,215.94,3317900.00,217.13,217.40,215.23
2016/10/05,216.89,2860600.00,216.61,217.35,216.56
2016/10/06,217.10,2437200.00,216.60,217.26,215.96
2016/10/07,216.25,7719800.00,217.30,217.58,215.40
2016/10/10,217.34,2642400.00,217.35,217.93,217.22
2016/10/11,214.66,3985400.00,216.88,216.95,213.79
2016/10/12,214.93,2414600.00,214.84,215.53,214.23
2016/10/13,214.27,4465500.00,213.33,214.81,212.41
2016/10/14,214.29,3713200.00,215.39,215.91,214.25
2016/10/17,213.58,2932900.00,214.26,214.60,213.39
2016/10/18,214.90,1602500.00,215.45,215.50,214.49
2016/10/19,215.43,2718200.00,215.20,215.85,214.82
2016/10/20,215.06,2519600.00,215.10,215.75,214.33
2016/10/21,215.16,2227400.00,214.19,215.30,213.99
2016/10/24,216.11,2259700.00,216.18,216.53,215.70
2016/10/25,215.42,2189300.00,215.93,216.20,215.21
2016/10/26,214.97,2501400.00,214.44,215.64,214.16
2016/10/27,214.38,2882200.00,215.81,215.83,214.30
2016/10/28,213.75,3880600.00,214.36,215.14,212.93
2016/10/31,213.69,4264500.00,214.16,214.39,213.57
2016/11/01,212.23,8079300.00,214.10,214.18,210.79
2016/11/02,210.90,3790500.00,211.84,212.29,210.41
2016/11/03,210.02,3740300.00,211.21,211.41,209.64
2016/11/04,209.67,3932600.00,210.10,211.07,209.57
2016/11/07,214.32,8402500.00,212.65,214.39,212.49
2016/11/08,215.31,6418100.00,213.92,216.00,213.60
2016/11/09,217.69,9807300.00,213.47,218.34,213.47
2016/11/10,218.12,8137000.00,218.61,219.55,216.45
2016/11/11,217.73,7363500.00,217.31,217.92,216.55
2016/11/14,217.79,3747600.00,218.37,218.50,216.95
2016/11/15,219.52,5305100.00,218.28,219.52,218.02
2016/11/16,219.24,4249700.00,218.75,219.38,218.67
2016/11/17,220.23,5749700.00,219.32,220.31,219.17
2016/11/18,219.79,4573100.00,220.33,220.52,219.53
2016/11/21,221.39,3181400.00,220.48,221.44,220.26
2016/11/22,221.76,3062300.00,221.80,222.05,220.99
2016/11/23,222.00,3758500.00,221.25,222.03,221.01
2016/11/25,222.81,1850800.00,222.36,222.82,222.29
2016/11/28,221.83,4820800.00,222.48,222.75,221.63
2016/11/29,222.19,3569700.00,221.78,222.72,221.43
2016/11/30,221.53,6249100.00,222.94,223.10,221.53
2016/12/01,220.73,3842700.00,221.98,221.98,220.42
2016/12/02,220.91,3309600.00,220.94,221.50,220.52
2016/12/05,222.19,2441800.00,221.95,222.67,221.70
2016/12/06,222.99,3124500.00,222.51,223.02,221.93
2016/12/07,225.87,3498700.00,222.83,225.97,222.66
2016/12/08,226.41,4668200.00,225.90,227.01,225.56
2016/12/09,227.85,4484700.00,226.75,227.85,226.69
2016/12/12,227.57,4742300.00,227.73,228.29,227.09
2016/12/13,229.05,5940600.00,228.38,229.69,228.34
2016/12/14,227.32,8446600.00,228.75,229.59,226.69
2016/12/15,228.08,4934700.00,227.44,229.16,227.34
2016/12/16,227.73,5192800.00,228.67,228.74,227.33
2016/12/19,228.15,4271500.00,227.97,228.68,227.76
2016/12/20,229.05,3591100.00,228.81,229.24,228.54
2016/12/21,227.18,2819500.00,227.67,227.83,227.14
2016/12/22,226.85,2277300.00,226.97,227.10,226.29
2016/12/23,227.00,2612700.00,226.84,227.08,226.58
2016/12/27,227.64,2560700.00,227.39,228.10,227.39
2016/12/28,225.77,3972700.00,227.94,227.95,225.64
2016/12/29,225.75,4484400.00,225.87,226.25,225.21
2016/12/30,224.99,5462700.00,226.08,226.20,224.09
2017/1/03,226.58,6396400.00,226.35,227.20,225.24
2017/1/04,227.95,4099000.00,226.96,228.11,226.95
2017/1/05,227.74,2969800.00,227.65,227.96,226.85
2017/1/06,228.64,3107200.00,227.91,229.13,227.28
2017/1/09,227.90,2359200.00,228.27,228.47,227.81
2017/1/10,227.80,2961700.00,227.83,228.82,227.38
2017/1/11,228.41,4012700.00,227.76,228.43,226.96
2017/1/12,227.97,3535400.00,227.86,228.14,226.32
2017/1/13,228.39,4580800.00,228.13,228.79,228.07
2017/1/17,227.64,4929200.00,227.73,228.16,227.19
2017/1/18,228.08,3210200.00,227.95,228.17,227.29
2017/1/19,227.35,2588800.00,228.21,228.40,226.79
2017/1/20,228.10,3079300.00,228.08,228.69,227.44
2017/1/23,227.57,3770500.00,227.74,228.18,226.66
2017/1/24,228.96,2516300.00,227.80,229.47,227.66
2017/1/25,230.82,3864000.00,230.09,230.96,229.89
2017/1/26,230.75,3277900.00,230.81,231.10,230.40
2017/1/27,230.40,2511600.00,230.84,230.96,230.17
2017/1/30,229.03,3812200.00,229.60,229.60,227.80
2017/1/31,228.93,4792900.00,228.30,228.97,227.72
2017/2/01,229.05,6480700.00,229.69,229.97,228.33
2017/2/02,229.13,3178600.00,228.62,229.48,228.22
2017/2/03,230.79,1837500.00,230.20,230.93,229.85
2017/2/06,230.38,1674000.00,230.23,230.72,229.95
2017/2/07,230.37,2331400.00,230.80,231.05,230.11
2017/2/08,230.65,1963700.00,230.00,230.79,229.72
2017/2/09,232.00,3269100.00,230.97,232.36,230.93
2017/2/10,232.91,2683900.00,232.45,233.19,232.30
2017/2/13,234.20,2641200.00,233.55,234.51,233.49
2017/2/14,235.14,3021000.00,234.02,235.15,233.59
2017/2/15,236.34,3777200.00,234.91,236.60,234.85
2017/2/16,236.22,3402000.00,236.42,236.60,235.33
2017/2/17,236.49,2351800.00,235.44,236.51,235.39
2017/2/21,237.92,2596800.00,237.00,238.15,236.99
2017/2/22,237.78,2950000.00,237.48,238.02,237.30
2017/2/23,237.97,2238900.00,238.38,238.38,237.02
2017/2/24,238.26,2465400.00,236.90,238.26,236.88
2017/2/27,238.63,2435300.00,238.09,238.78,237.82
2017/2/28,238.03,3363700.00,238.18,238.42,237.50
2017/3/01,241.22,4578700.00,239.89,241.81,239.85
2017/3/02,239.83,3227500.00,241.08,241.08,239.70
2017/3/03,239.97,3069800.00,239.66,240.11,239.22
2017/3/06,239.27,3257500.00,239.00,239.60,238.50
2017/3/07,238.57,7261500.00,238.85,239.25,238.26
2017/3/08,238.09,3586800.00,238.81,239.09,237.88
2017/3/09,238.32,2561600.00,238.16,238.71,237.22
2017/3/10,239.15,2877200.00,239.47,239.52,238.07
2017/3/13,239.29,1952000.00,239.07,239.34,238.73
2017/3/14,238.44,2935700.00,238.65,238.73,237.66
2017/3/15,240.39,3936700.00,239.05,240.93,238.78
2017/3/16,240.08,4628400.00,240.63,240.70,239.60
2017/3/17,239.59,3024200.00,240.37,240.49,239.58
2017/3/20,239.26,2484800.00,239.56,239.87,238.85
2017/3/21,236.26,4911400.00,240.05,240.12,236.07
2017/3/22,236.78,3621900.00,236.25,237.10,235.56
2017/3/23,236.52,6110300.00,236.49,237.84,236.10
2017/3/24,235.39,4124700.00,235.84,236.50,234.43
2017/3/27,235.05,3365100.00,233.43,235.38,233.10
2017/3/28,236.78,2979600.00,234.75,237.28,234.62
2017/3/29,237.13,4213700.00,236.47,237.29,236.20
2017/3/30,237.73,2521000.00,236.97,238.01,236.76
2017/3/31,237.27,5580600.00,237.37,238.00,237.17
2017/4/03,236.87,6406000.00,237.39,237.52,235.40
2017/4/04,236.98,3038100.00,236.49,237.06,236.04
2017/4/05,236.28,5826800.00,237.73,238.87,236.05
2017/4/06,236.90,2329200.00,236.48,237.50,235.92
2017/4/07,236.68,2278300.00,236.62,237.48,236.12
2017/4/10,236.85,1921400.00,236.86,237.73,236.24
2017/4/11,236.55,2700200.00,236.39,236.65,234.81
2017/4/12,235.59,3354100.00,236.21,236.42,235.25
2017/4/13,234.03,3002800.00,235.09,235.95,234.02
2017/4/17,236.06,2642200.00,234.62,236.06,234.36
2017/4/18,235.35,2746100.00,235.17,235.96,234.56
2017/4/19,234.94,2313000.00,236.01,236.44,234.65
2017/4/20,236.73,4791200.00,235.66,237.33,235.26
2017/4/21,236.13,3469400.00,236.75,236.78,235.61
2017/4/24,238.64,6335200.00,238.71,238.92,238.12
2017/4/25,240.05,4150100.00,239.44,240.47,239.31
2017/4/26,239.95,4795500.00,240.12,241.05,239.86
2017/4/27,240.09,3394000.00,240.29,240.46,239.48
2017/4/28,239.56,2590000.00,240.45,240.45,239.45
2017/5/01,240.22,6852100.00,240.17,240.68,239.70
2017/5/02,240.31,2639400.00,240.39,240.49,239.82
2017/5/03,240.07,4746100.00,239.81,240.26,239.22
2017/5/04,240.23,3997800.00,240.37,240.44,239.28
2017/5/05,241.26,2574600.00,240.68,241.26,240.20
2017/5/08,241.17,2411700.00,241.31,241.45,240.69
2017/5/09,240.99,2840900.00,241.50,241.70,240.55
2017/5/10,241.38,1884900.00,240.86,241.40,240.66
2017/5/11,240.94,2631800.00,240.88,241.08,239.64
2017/5/12,240.57,2076100.00,240.62,240.70,240.19
2017/5/15,241.79,2122300.00,241.06,241.96,240.97
2017/5/16,241.59,3783700.00,242.13,242.20,241.15
2017/5/17,237.34,7001900.00,239.62,240.13,237.24
2017/5/18,238.19,4584100.00,237.14,239.23,236.91
2017/5/19,239.86,3052300.00,238.83,240.59,238.77
2017/5/22,241.00,2458600.00,240.35,241.22,240.33
2017/5/23,241.52,2347500.00,241.50,241.75,241.03
2017/5/24,242.12,2053600.00,241.84,242.25,241.46
2017/5/25,243.27,2687600.00,242.73,243.61,242.49
2017/5/26,243.23,2106700.00,243.09,243.42,242.97
2017/5/30,243.08,2363800.00,242.87,243.32,242.70
2017/5/31,242.90,3346400.00,243.40,243.43,242.18
2017/6/01,244.89,3384700.00,243.53,244.89,243.18
2017/6/02,245.67,3170800.00,244.98,245.91,244.63
2017/6/05,245.51,1747300.00,245.52,245.84,245.33
2017/6/06,244.85,3054700.00,244.81,245.51,244.67
2017/6/07,245.25,1759700.00,245.21,245.48,244.39
2017/6/08,245.32,2282000.00,245.33,245.89,244.75
2017/6/09,244.94,5729400.00,245.69,246.57,243.48
2017/6/12,244.91,3989400.00,244.71,244.98,243.93
2017/6/13,246.11,3569300.00,245.53,246.19,245.14
2017/6/14,245.84,5982800.00,246.46,246.49,244.85
2017/6/15,245.38,3807400.00,244.24,245.47,243.92
2017/6/16,245.18,6980200.00,245.54,245.54,244.37
2017/6/19,247.39,5248500.00,246.37,247.49,246.22
2017/6/20,245.78,2785500.00,246.99,247.00,245.74
2017/6/21,245.68,3036400.00,246.17,246.34,245.16
2017/6/22,245.60,2368200.00,245.71,246.29,245.38
2017/6/23,245.85,2265200.00,245.69,246.27,245.27
2017/6/26,246.00,2729600.00,246.66,247.14,245.79
2017/6/27,243.04,3772300.00,244.62,245.01,242.94
2017/6/28,245.10,2858800.00,244.16,245.34,243.86
2017/6/29,243.03,4611600.00,245.31,245.36,241.58
2017/6/30,243.41,5779800.00,243.93,244.33,243.20
2017/7/03,243.87,2299900.00,244.50,245.01,243.85
2017/7/05,244.39,5422400.00,244.26,244.63,243.33
2017/7/06,242.19,3827200.00,243.53,243.65,241.96
2017/7/07,243.71,2466200.00,242.80,243.91,242.64
2017/7/10,243.94,3397100.00,243.57,244.42,243.40
2017/7/11,243.82,2684700.00,243.80,244.17,242.48
2017/7/12,245.65,3137000.00,245.01,245.84,244.96
2017/7/13,246.03,2611900.00,245.69,246.20,245.42
2017/7/14,247.10,2222800.00,246.09,247.63,245.97
2017/7/17,247.15,2890400.00,247.08,247.58,246.98
2017/7/18,247.36,2576500.00,246.72,247.38,246.32
2017/7/19,248.62,1787000.00,247.71,248.67,247.68
2017/7/20,248.74,3551000.00,248.96,249.10,248.15
2017/7/21,248.55,2592300.00,248.09,248.57,247.84
2017/7/24,248.49,3197600.00,248.45,248.65,247.95
2017/7/25,249.07,4710000.00,249.36,249.48,248.84
2017/7/26,249.14,3766900.00,249.44,249.48,248.80
2017/7/27,248.91,3435800.00,249.68,249.68,247.34
2017/7/28,248.56,2469700.00,248.30,248.73,247.80
2017/7/31,248.46,3440100.00,249.04,249.15,248.20
2017/8/01,248.99,2712700.00,249.15,249.18,248.48
2017/8/02,249.12,2861000.00,249.16,249.28,248.05
2017/8/03,248.68,1905100.00,248.98,249.01,248.32
2017/8/04,249.06,2099800.00,249.23,249.47,248.65
2017/8/07,249.52,1464600.00,249.15,249.55,249.04
2017/8/08,248.97,1867600.00,249.19,250.60,248.51
2017/8/09,248.92,2354200.00,248.12,248.99,247.73
2017/8/10,245.47,4152300.00,247.97,248.10,245.35
2017/8/11,245.72,3288100.00,245.65,246.44,245.39
2017/8/14,248.17,2551700.00,247.25,248.45,247.24
2017/8/15,248.15,2075200.00,248.67,248.67,247.83
2017/8/16,248.60,3205000.00,248.71,249.24,248.13
2017/8/17,244.80,4994500.00,247.93,248.27,244.76
2017/8/18,244.25,5010300.00,244.51,245.80,243.83
2017/8/21,244.59,3513800.00,244.25,244.82,243.45
2017/8/22,247.00,2191400.00,245.20,247.27,245.19
2017/8/23,246.15,2484800.00,245.97,246.69,245.81
2017/8/24,245.69,2316800.00,246.66,246.83,245.39
2017/8/25,246.18,3189100.00,246.56,247.27,246.05
2017/8/28,246.23,1904200.00,246.81,246.85,245.75
2017/8/29,246.54,3595600.00,244.76,246.81,244.57
2017/8/30,247.73,1941800.00,246.50,247.99,246.29
2017/8/31,249.14,4855300.00,248.39,249.46,248.30
2017/9/01,249.57,5905200.00,249.65,250.03,249.38
2017/9/05,247.78,5104900.00,248.88,249.19,246.62
2017/9/06,248.61,3782900.00,248.55,248.98,247.91
2017/9/07,248.61,3547100.00,248.95,248.96,248.09
2017/9/08,248.19,3297300.00,248.19,248.79,247.99
2017/9/11,250.90,3152100.00,249.75,251.01,249.73
2017/9/12,251.80,2668500.00,251.36,251.81,251.15
2017/9/13,251.91,2138100.00,251.42,251.94,251.32
2017/9/14,251.82,2998800.00,251.51,252.03,251.33
2017/9/15,252.14,2542700.00,251.70,252.24,251.54
2017/9/18,252.71,1672300.00,252.59,253.09,252.24
2017/9/19,252.95,3621200.00,252.96,253.05,252.59
2017/9/20,253.10,5502200.00,253.05,253.16,251.90
2017/9/21,252.36,2927100.00,252.87,252.95,252.16
2017/9/22,252.37,2451400.00,252.01,252.60,251.99
2017/9/25,251.89,5197700.00,252.11,252.52,251.04
2017/9/26,250.75,3614000.00,251.10,251.37,250.49
2017/9/27,251.73,3769500.00,251.60,252.17,250.55
2017/9/28,252.00,2690500.00,251.38,252.13,251.32
2017/9/29,252.93,5551500.00,252.02,253.02,251.82
2017/10/02,253.97,4039100.00,253.19,253.99,253.11
2017/10/03,254.57,2205200.00,254.17,254.59,253.93
2017/10/04,254.90,2833800.00,254.40,255.15,254.29
2017/10/05,256.38,4054900.00,255.27,256.42,255.12
2017/10/06,256.11,8052700.00,255.88,256.19,255.60
2017/10/09,255.68,1393800.00,256.37,256.42,255.37
2017/10/10,256.34,3850200.00,256.35,256.77,255.72
2017/10/11,256.71,3584300.00,256.21,256.74,256.05
2017/10/12,256.34,3013600.00,256.35,256.78,256.10
2017/10/13,256.63,2552800.00,256.90,257.01,256.49
2017/10/16,257.05,2833200.00,256.92,257.24,256.54
2017/10/17,257.21,2219000.00,256.97,257.25,256.72
2017/10/18,257.43,1734700.00,257.64,257.69,257.24
2017/10/19,257.53,2578600.00,256.52,257.55,256.08
2017/10/20,258.85,1985200.00,258.48,258.88,258.16
2017/10/23,257.86,3628300.00,259.21,259.22,257.75
2017/10/24,258.25,3476700.00,258.31,258.56,257.89
2017/10/25,257.04,5029100.00,257.90,258.04,255.72
2017/10/26,257.35,4211000.00,257.75,258.03,257.29
2017/10/27,259.41,2555300.00,258.24,259.64,257.90
2017/10/30,258.52,4336900.00,258.85,259.35,258.17
2017/10/31,258.81,3346600.00,258.94,259.19,258.56
2017/11/01,259.23,2512200.00,259.79,260.19,258.82
2017/11/02,259.37,3351500.00,259.17,259.49,257.94
2017/11/03,260.18,2690300.00,259.54,260.25,259.06
2017/11/06,260.62,2436900.00,260.04,260.77,259.99
2017/11/07,260.49,5422000.00,260.80,261.12,259.87
2017/11/08,260.94,3850800.00,260.25,261.00,259.94
2017/11/09,259.99,2985200.00,259.50,260.16,258.11
2017/11/10,259.81,2804400.00,259.47,259.97,259.13
2017/11/13,260.10,2444800.00,259.06,260.36,259.02
2017/11/14,259.58,3737100.00,259.14,259.62,258.28
2017/11/15,258.18,2708400.00,258.39,258.98,257.38
2017/11/16,260.34,3553600.00,259.30,260.82,259.26
2017/11/17,259.63,3205200.00,259.88,260.19,259.54
2017/11/20,260.04,2784300.00,259.91,260.28,259.61
2017/11/21,261.73,2926600.00,260.95,261.97,260.87
2017/11/22,261.54,3531000.00,261.83,261.91,261.34
