2014/11/25,105.74,14300.00,105.54,105.97,105.51
2014/11/26,105.97,21600.00,105.83,105.98,105.76
2014/11/28,107.05,15700.00,106.20,107.25,106.20
2014/12/01,106.21,97200.00,106.71,106.71,106.21
2014/12/02,106.70,62700.00,106.20,106.77,106.20
2014/12/03,106.55,14000.00,106.70,106.70,106.28
2014/12/04,106.20,173200.00,106.35,106.50,105.96
2014/12/05,106.20,11900.00,106.28,106.34,106.03
2014/12/08,105.63,94000.00,106.23,106.39,105.43
2014/12/09,105.37,38300.00,104.87,105.42,104.28
2014/12/10,104.04,32800.00,105.37,105.47,104.04
2014/12/11,104.65,93800.00,104.33,105.45,104.33
2014/12/12,103.25,23600.00,104.07,104.76,103.24
2014/12/15,102.45,18300.00,103.64,103.75,102.21
2014/12/16,101.39,252200.00,101.84,103.43,100.96
2014/12/17,103.07,482300.00,101.62,103.27,101.53
2014/12/18,105.12,29400.00,104.26,105.12,103.92
2014/12/19,105.33,102800.00,105.41,105.67,105.02
2014/12/22,106.03,21200.00,105.46,106.03,105.46
2014/12/23,106.73,22700.00,106.28,106.97,106.28
2014/12/24,106.07,18900.00,106.19,106.48,106.07
2014/12/26,106.45,37500.00,106.28,106.66,106.28
2014/12/29,106.37,52000.00,106.21,106.54,106.15
2014/12/30,105.83,24600.00,106.15,106.39,105.83
2014/12/31,104.76,43800.00,106.02,106.02,104.60
2015/1/02,104.16,444800.00,104.98,105.16,103.59
2015/1/05,102.99,189500.00,104.05,104.05,102.86
2015/1/06,102.40,95500.00,103.29,103.73,102.00
2015/1/07,104.13,151600.00,103.26,104.39,103.02
2015/1/08,105.82,97800.00,104.84,105.92,104.84
2015/1/09,104.96,65000.00,105.97,105.97,104.85
2015/1/12,104.47,59100.00,105.10,105.11,104.16
2015/1/13,104.24,47900.00,105.02,105.82,103.58
2015/1/14,103.97,56900.00,103.10,104.01,102.99
2015/1/15,103.42,52400.00,104.26,104.55,103.33
2015/1/16,104.47,34500.00,103.35,104.48,103.35
2015/1/20,104.84,97800.00,104.91,105.11,104.01
2015/1/21,105.38,41800.00,104.53,105.50,104.17
2015/1/22,106.68,30300.00,106.01,106.72,104.98
2015/1/23,105.47,91300.00,106.19,106.19,105.43
2015/1/26,105.57,689800.00,105.19,105.75,105.04
2015/1/27,104.33,52900.00,104.49,104.71,103.69
2015/1/28,103.26,44000.00,104.74,104.86,103.13
2015/1/29,104.51,22300.00,103.62,104.65,103.17
2015/1/30,102.54,48000.00,103.90,103.90,102.53
2015/2/02,103.95,623500.00,103.09,103.95,101.95
2015/2/03,105.12,127200.00,104.74,105.13,104.33
2015/2/04,105.04,148500.00,104.85,105.62,104.81
2015/2/05,105.67,61500.00,105.27,105.68,105.17
2015/2/06,105.09,29100.00,105.69,105.76,104.86
2015/2/09,104.52,58200.00,104.81,104.99,104.32
2015/2/10,105.80,27800.00,105.40,105.85,105.00
2015/2/11,106.22,30800.00,105.86,106.40,105.47
2015/2/12,106.75,116400.00,106.36,106.78,106.15
2015/2/13,106.66,25200.00,106.66,106.67,106.27
2015/2/17,106.55,18100.00,106.53,106.76,106.06
2015/2/18,106.98,30600.00,106.30,107.01,106.30
2015/2/19,106.83,13400.00,106.76,107.14,106.76
2015/2/20,107.35,83200.00,106.66,107.41,106.12
2015/2/23,107.29,56800.00,107.08,107.40,107.08
2015/2/24,107.72,74100.00,107.50,107.77,107.17
2015/2/25,107.77,15900.00,107.68,107.94,107.61
2015/2/26,107.67,22700.00,107.59,107.86,107.44
2015/2/27,107.88,33500.00,107.73,108.09,107.63
2015/3/02,108.23,666200.00,107.82,108.31,107.60
2015/3/03,107.76,105300.00,108.01,108.01,107.21
2015/3/04,107.02,97300.00,107.52,107.54,106.80
2015/3/05,107.03,38000.00,107.22,107.27,106.79
2015/3/06,104.85,89100.00,106.70,106.70,104.58
2015/3/09,105.44,19200.00,105.36,105.50,105.08
2015/3/10,103.84,20500.00,104.60,104.60,103.84
2015/3/11,103.09,51500.00,103.91,103.91,102.94
2015/3/12,104.50,49800.00,103.43,104.52,103.43
2015/3/13,103.59,18000.00,104.30,104.30,103.07
2015/3/16,104.70,28900.00,104.05,104.74,104.05
2015/3/17,104.15,21200.00,104.40,104.52,103.88
2015/3/18,105.07,30900.00,103.94,105.50,102.97
2015/3/19,104.75,16400.00,104.91,105.00,104.48
2015/3/20,105.91,15100.00,105.31,106.04,105.31
2015/3/23,106.21,20200.00,105.86,106.69,105.86
2015/3/24,105.49,17600.00,106.37,106.65,105.49
2015/3/25,104.74,11600.00,106.03,106.08,104.74
2015/3/26,104.26,36800.00,104.46,104.61,104.22
2015/3/27,105.08,13700.00,104.38,105.13,104.28
2015/3/30,106.06,23800.00,105.55,106.20,105.31
2015/3/31,105.55,43900.00,105.65,106.13,105.36
2015/4/01,105.38,101400.00,105.44,105.44,104.50
2015/4/02,106.15,39700.00,105.10,106.18,105.10
2015/4/06,107.01,13300.00,105.69,107.41,105.69
2015/4/07,106.50,32600.00,106.81,107.08,106.43
2015/4/08,106.87,2302500.00,106.20,106.95,106.20
2015/4/09,107.13,23600.00,106.68,107.19,106.48
2015/4/10,107.26,54700.00,107.09,107.48,106.96
2015/4/13,106.67,33200.00,107.19,107.19,106.64
2015/4/14,106.83,23900.00,106.52,107.04,106.25
2015/4/15,106.88,29300.00,107.26,107.54,106.87
2015/4/16,107.47,35200.00,107.14,107.78,107.06
2015/4/17,106.68,33200.00,106.84,106.84,106.22
2015/4/20,107.28,17800.00,107.04,107.58,107.04
2015/4/21,107.29,28100.00,107.43,107.64,107.12
2015/4/22,107.48,39400.00,107.35,107.54,106.88
2015/4/23,107.12,24900.00,106.93,107.51,106.93
2015/4/24,106.81,24500.00,107.26,107.26,106.78
2015/4/27,106.45,28300.00,107.00,107.07,106.44
2015/4/28,106.27,45500.00,106.38,106.78,106.00
2015/4/29,105.75,17600.00,106.14,106.14,105.55
2015/4/30,105.11,26900.00,105.54,105.68,104.91
2015/5/01,106.10,44600.00,105.54,106.10,105.42
2015/5/04,106.37,15900.00,106.24,106.55,106.22
2015/5/05,105.58,35100.00,106.29,106.56,105.48
2015/5/06,105.69,24600.00,105.96,106.21,105.14
2015/5/07,106.16,28100.00,105.33,106.29,105.33
2015/5/08,107.12,402500.00,106.86,107.44,106.79
2015/5/11,106.86,20000.00,107.16,107.57,106.86
2015/5/12,106.55,25300.00,106.53,106.71,105.89
2015/5/13,106.39,1544200.00,106.79,107.08,106.22
2015/5/14,107.85,39900.00,106.83,107.85,106.83
2015/5/15,108.16,30800.00,107.82,108.16,107.80
2015/5/18,107.99,7700.00,107.99,108.09,107.81
2015/5/19,107.95,16400.00,108.00,108.18,107.72
2015/5/20,108.04,9600.00,107.98,108.26,107.91
2015/5/21,108.02,7100.00,107.77,108.04,107.60
2015/5/22,107.58,24300.00,107.78,107.88,107.58
2015/5/26,106.69,11400.00,107.49,107.49,106.54
2015/5/27,107.14,22000.00,106.82,107.18,106.67
2015/5/28,107.24,7000.00,107.02,107.29,106.89
2015/5/29,106.52,7800.00,106.64,107.15,106.38
2015/6/01,106.53,34100.00,106.90,106.90,106.27
2015/6/02,106.45,16500.00,106.40,106.75,106.01
2015/6/03,106.56,16600.00,106.80,106.90,106.47
2015/6/04,105.69,11700.00,106.41,106.54,105.68
2015/6/05,104.81,14000.00,105.62,105.62,104.81
2015/6/08,104.95,75600.00,105.00,105.02,104.70
2015/6/09,105.12,14500.00,104.85,105.45,104.75
2015/6/10,106.18,111000.00,105.51,106.41,105.51
2015/6/11,106.09,12400.00,106.41,106.55,106.08
2015/6/12,105.93,5700.00,105.68,105.93,105.54
2015/6/15,104.96,8200.00,105.12,105.38,104.96
2015/6/16,105.94,8200.00,105.17,106.03,105.17
2015/6/17,106.64,6400.00,106.25,106.72,105.88
2015/6/18,107.72,24700.00,106.68,108.05,106.68
2015/6/19,107.72,12500.00,107.63,108.01,107.63
2015/6/22,108.08,11000.00,108.05,108.37,108.04
2015/6/23,107.95,10600.00,108.06,108.12,107.71
2015/6/24,106.81,22900.00,107.16,107.40,106.77
2015/6/25,106.75,35400.00,107.44,107.44,106.65
2015/6/26,106.84,4500.00,106.82,107.17,106.78
2015/6/29,104.72,21400.00,106.13,106.15,104.70
2015/6/30,104.89,19000.00,105.47,105.47,104.67
2015/7/01,106.12,467100.00,105.64,106.12,105.24
2015/7/02,106.03,222100.00,106.39,106.47,105.63
2015/7/06,105.80,59500.00,105.40,106.24,105.36
2015/7/07,107.22,28800.00,105.98,107.37,105.21
2015/7/08,105.62,24300.00,106.57,106.57,105.52
2015/7/09,105.42,27900.00,106.66,106.97,105.41
2015/7/10,106.41,24700.00,106.39,106.66,106.13
2015/7/13,107.68,21200.00,107.10,107.69,107.10
2015/7/14,107.82,25000.00,107.56,107.89,107.56
2015/7/15,107.25,29800.00,107.85,107.85,107.23
2015/7/16,107.89,21300.00,107.81,107.98,107.76
2015/7/17,107.84,22100.00,107.81,107.89,107.30
2015/7/20,108.08,11800.00,107.93,108.19,107.89
2015/7/21,107.70,11600.00,108.13,108.13,107.53
2015/7/22,107.85,16700.00,107.59,108.16,107.59
2015/7/23,107.77,8700.00,108.18,108.24,107.62
2015/7/24,106.90,9400.00,107.93,107.93,106.69
2015/7/27,106.58,13400.00,106.57,106.63,106.17
2015/7/28,107.92,16600.00,107.02,107.92,106.86
2015/7/29,108.59,190300.00,108.00,108.68,108.00
2015/7/30,108.41,232800.00,108.20,108.52,107.82
2015/7/31,108.38,19800.00,108.61,108.99,108.30
2015/8/03,108.34,48100.00,109.01,109.01,107.86
2015/8/04,108.68,20200.00,108.33,108.93,108.33
2015/8/05,109.57,80000.00,109.24,109.72,109.21
2015/8/06,108.85,38800.00,109.68,109.69,108.68
2015/8/07,108.56,11700.00,108.80,108.80,108.18
2015/8/10,109.38,10400.00,109.08,109.51,109.08
2015/8/11,108.67,71900.00,108.49,108.67,108.25
2015/8/12,108.13,123000.00,107.84,108.24,106.69
2015/8/13,108.24,76800.00,108.31,108.64,108.06
2015/8/14,108.60,11400.00,108.14,108.60,108.09
2015/8/17,108.83,25900.00,108.31,108.89,108.00
2015/8/18,108.69,68200.00,108.77,109.08,108.64
2015/8/19,107.99,66400.00,107.90,108.63,107.44
2015/8/20,106.29,31700.00,107.04,107.18,106.18
2015/8/21,103.54,113300.00,105.34,105.53,103.50
2015/8/24,99.46,325300.00,102.51,102.51,84.48
2015/8/25,98.57,81800.00,100.45,102.23,98.51
2015/8/26,101.38,101700.00,99.55,101.69,98.68
2015/8/27,103.46,305900.00,102.33,103.66,101.49
2015/8/28,103.58,32700.00,103.08,103.79,103.00
2015/8/31,103.04,171000.00,103.12,103.46,102.82
2015/9/01,100.48,605900.00,97.85,101.77,97.85
2015/9/02,102.07,150300.00,101.45,102.07,100.90
2015/9/03,102.73,192900.00,102.37,103.52,102.37
2015/9/04,101.16,52500.00,101.67,101.80,100.77
2015/9/08,103.38,35000.00,102.70,103.38,102.19
2015/9/09,101.53,17300.00,104.02,104.02,101.53
2015/9/10,101.87,21800.00,101.61,102.55,101.33
2015/9/11,102.22,7400.00,101.80,102.22,101.34
2015/9/14,102.09,14800.00,102.38,102.38,101.78
2015/9/15,103.64,13500.00,102.38,103.75,102.38
2015/9/16,105.20,24900.00,104.33,105.25,104.33
2015/9/17,105.25,26100.00,105.14,106.47,105.03
2015/9/18,103.92,21400.00,103.82,105.06,103.73
2015/9/21,104.45,9400.00,104.39,104.88,104.27
2015/9/22,102.94,27000.00,103.34,103.34,102.58
2015/9/23,102.84,176300.00,103.09,103.20,102.46
2015/9/24,103.03,18900.00,102.32,103.13,101.71
2015/9/25,103.44,39600.00,103.58,104.40,103.05
2015/9/28,101.27,126200.00,103.08,103.10,101.19
2015/9/29,101.23,59100.00,101.45,101.46,100.63
2015/9/30,102.60,8600.00,102.15,102.67,101.83
2015/10/01,102.56,89300.00,103.03,103.03,101.67
2015/10/02,103.86,39800.00,101.70,103.87,101.41
2015/10/05,105.66,1919600.00,104.38,105.74,104.38
2015/10/06,105.17,107800.00,105.65,105.76,105.16
2015/10/07,106.03,34100.00,105.60,106.14,105.30
2015/10/08,107.40,71200.00,105.88,107.48,105.88
2015/10/09,107.59,202300.00,107.45,107.75,107.32
2015/10/12,107.70,30900.00,107.53,107.98,107.47
2015/10/13,107.02,37600.00,107.29,107.66,106.92
2015/10/14,106.58,28600.00,106.97,107.28,106.51
2015/10/15,107.60,26900.00,107.14,107.60,106.75
2015/10/16,108.60,36300.00,107.74,108.60,107.74
2015/10/19,108.97,73200.00,108.38,108.97,108.38
2015/10/20,108.78,30000.00,108.69,109.07,108.54
2015/10/21,108.73,36500.00,108.87,109.55,108.65
2015/10/22,110.79,49500.00,108.96,110.92,108.96
2015/10/23,110.45,378100.00,111.35,111.35,109.97
2015/10/26,110.47,144700.00,110.27,110.63,110.27
2015/10/27,109.75,191100.00,110.01,110.01,109.46
2015/10/28,110.44,131400.00,109.91,110.44,109.09
2015/10/29,110.09,59100.00,110.16,110.28,109.32
2015/10/30,109.51,36900.00,109.96,110.23,109.51
2015/11/02,110.02,187600.00,109.61,110.03,109.40
2015/11/03,109.60,86900.00,109.67,109.91,108.96
2015/11/04,109.25,146700.00,109.82,109.82,109.07
2015/11/05,109.55,109200.00,109.44,109.61,108.88
2015/11/06,108.29,309700.00,109.49,109.53,107.64
2015/11/09,107.45,1952600.00,108.02,108.02,106.93
2015/11/10,107.81,31600.00,107.29,107.81,107.26
2015/11/11,107.72,29000.00,107.97,108.14,107.71
2015/11/12,106.12,31400.00,107.17,107.17,106.12
2015/11/13,104.74,29900.00,105.84,105.97,104.69
2015/11/16,106.18,33500.00,104.59,106.22,104.59
2015/11/17,105.62,22900.00,106.23,106.59,105.48
2015/11/18,107.44,17300.00,105.98,107.51,105.94
2015/11/19,108.05,15000.00,107.45,108.46,107.45
2015/11/20,108.05,13800.00,108.66,109.37,108.05
2015/11/23,108.88,24100.00,108.24,109.06,108.24
2015/11/24,109.12,23500.00,108.24,109.43,108.24
2015/11/25,109.55,43400.00,109.10,109.69,109.10
2015/11/27,109.67,7200.00,109.64,109.83,109.32
2015/11/30,108.68,124600.00,109.74,109.74,108.60
2015/12/01,109.51,123800.00,108.92,109.58,108.92
2015/12/02,108.70,32800.00,109.41,109.50,108.61
2015/12/03,107.53,243900.00,108.88,108.91,107.17
2015/12/04,109.76,22500.00,107.66,109.78,107.66
2015/12/07,109.74,37400.00,109.91,110.05,109.29
2015/12/08,109.31,16400.00,108.96,109.47,108.81
2015/12/09,108.15,24600.00,108.92,109.92,107.85
2015/12/10,108.23,22800.00,108.24,108.86,107.97
2015/12/11,106.59,37500.00,107.29,107.40,106.51
2015/12/14,107.26,66000.00,106.68,107.46,106.09
2015/12/15,108.43,63500.00,107.96,108.73,107.96
2015/12/16,110.50,48400.00,109.02,110.67,109.02
2015/12/17,109.00,29600.00,110.64,110.64,109.00
2015/12/18,107.15,36000.00,108.78,108.78,107.15
2015/12/21,108.02,20000.00,107.75,108.03,107.24
2015/12/22,109.20,26300.00,108.33,109.29,108.12
2015/12/23,110.24,16700.00,109.73,110.25,109.73
2015/12/24,109.20,17300.00,109.31,109.48,109.16
2015/12/28,109.07,12800.00,108.73,109.07,108.46
2015/12/29,110.00,27800.00,109.55,110.05,109.55
2015/12/30,109.42,20900.00,109.87,109.93,109.36
2015/12/31,108.43,41400.00,109.11,109.18,108.37
2016/1/04,106.73,98200.00,106.83,106.83,105.80
2016/1/05,107.11,43800.00,107.00,107.39,106.45
2016/1/06,106.11,18200.00,106.10,106.47,105.68
2016/1/07,104.00,96800.00,104.62,105.47,103.86
2016/1/08,103.05,41600.00,104.79,104.79,102.84
2016/1/11,103.75,124200.00,103.48,104.06,102.66
2016/1/12,104.41,64000.00,104.68,104.98,103.54
2016/1/13,102.44,23800.00,104.74,104.81,102.29
2016/1/14,102.47,33800.00,102.61,103.21,101.62
2016/1/15,100.90,53000.00,100.30,101.20,99.51
2016/1/19,101.86,147200.00,101.93,102.15,100.99
2016/1/20,100.78,276300.00,100.49,101.37,98.54
2016/1/21,101.49,42500.00,101.04,102.04,100.48
2016/1/22,103.08,19500.00,102.64,103.13,102.30
2016/1/25,102.15,1136100.00,102.63,103.01,102.05
2016/1/26,103.53,55600.00,102.58,103.84,102.58
2016/1/27,103.09,50000.00,103.42,104.47,102.47
2016/1/28,104.23,32300.00,103.77,104.44,103.29
2016/1/29,106.30,115200.00,104.32,106.30,104.32
2016/2/01,106.38,58700.00,105.66,106.74,105.58
2016/2/02,104.97,131800.00,105.75,105.75,104.68
2016/2/03,104.84,68400.00,105.21,105.35,103.63
2016/2/04,103.92,32300.00,104.35,104.50,103.52
2016/2/05,102.97,70900.00,103.88,104.03,102.68
2016/2/08,102.26,36100.00,102.12,102.55,101.25
2016/2/09,102.77,36400.00,101.47,103.33,101.43
2016/2/10,102.80,31100.00,103.32,103.81,102.70
2016/2/11,101.51,97800.00,101.56,101.99,100.89
2016/2/12,103.06,31500.00,102.23,103.10,102.09
2016/2/16,104.51,34600.00,104.08,104.52,103.53
2016/2/17,105.93,32600.00,104.99,106.15,104.95
2016/2/18,105.76,63100.00,105.97,106.01,105.37
2016/2/19,105.72,70400.00,105.33,105.72,104.81
2016/2/22,106.83,25600.00,106.33,106.94,106.32
2016/2/23,106.48,36200.00,106.52,106.88,106.38
2016/2/24,106.73,27000.00,105.69,106.79,105.10
2016/2/25,108.34,36700.00,106.91,108.34,106.91
2016/2/26,107.45,43900.00,108.66,108.66,107.25
2016/2/29,106.99,40300.00,107.44,108.03,106.93
2016/3/01,108.51,770800.00,107.77,108.59,107.72
2016/3/02,108.88,23200.00,108.22,108.88,107.85
2016/3/03,109.84,24700.00,108.84,109.85,108.65
2016/3/04,110.41,34100.00,109.65,110.63,109.62
2016/3/07,109.67,86500.00,110.04,110.16,109.47
2016/3/08,109.29,24300.00,109.29,109.90,109.08
2016/3/09,109.92,32200.00,109.79,110.00,109.47
2016/3/10,110.10,49100.00,110.50,110.55,109.08
2016/3/11,110.97,88100.00,110.66,111.02,110.49
2016/3/14,110.97,29000.00,110.72,111.03,110.62
2016/3/15,111.00,34500.00,110.39,111.00,110.36
2016/3/16,111.54,40100.00,110.64,111.58,110.41
2016/3/17,112.68,130500.00,111.36,112.79,111.36
2016/3/18,112.54,101600.00,112.91,112.91,112.41
2016/3/21,112.71,32800.00,112.41,113.02,112.40
2016/3/22,111.89,28400.00,112.49,112.49,111.79
2016/3/23,110.82,24400.00,110.88,111.42,110.80
2016/3/24,110.68,28900.00,110.37,110.69,109.73
2016/3/28,111.10,24500.00,110.99,111.45,110.92
2016/3/29,112.26,26000.00,111.22,112.26,111.20
2016/3/30,112.68,92600.00,112.69,112.92,112.58
2016/3/31,112.54,49800.00,112.66,112.88,112.44
2016/4/01,113.52,808300.00,111.99,113.52,111.96
2016/4/04,112.77,88900.00,113.46,113.46,112.43
2016/4/05,112.17,206100.00,112.22,112.45,111.89
2016/4/06,113.03,129900.00,112.19,113.07,111.95
2016/4/07,112.15,49300.00,112.72,112.81,111.62
2016/4/08,112.50,33900.00,112.44,112.79,112.26
2016/4/11,111.82,45000.00,112.74,113.06,111.82
2016/4/12,112.54,33000.00,111.94,112.67,111.83
2016/4/13,112.58,73500.00,112.80,113.08,112.10
2016/4/14,112.11,29000.00,112.47,112.80,112.11
2016/4/15,112.63,22400.00,112.26,112.64,112.15
2016/4/18,113.23,29600.00,112.59,113.34,112.53
2016/4/19,113.43,38200.00,113.31,113.43,113.13
2016/4/20,112.27,36200.00,113.03,113.03,112.25
2016/4/21,111.00,43700.00,112.48,112.48,111.00
2016/4/22,111.49,28500.00,110.86,111.49,110.55
2016/4/25,111.75,126300.00,111.20,111.86,111.10
2016/4/26,111.82,24300.00,111.87,112.25,111.55
2016/4/27,112.13,33500.00,112.00,112.37,111.32
2016/4/28,111.92,76200.00,111.72,112.79,111.72
2016/4/29,111.97,44100.00,111.93,112.17,111.22
2016/5/02,112.94,616900.00,112.14,113.12,112.14
2016/5/03,112.28,190800.00,112.35,112.72,111.94
2016/5/04,112.14,259700.00,111.74,112.39,111.54
2016/5/05,111.92,32300.00,112.12,112.59,111.71
2016/5/06,112.76,56300.00,111.71,112.82,111.71
2016/5/09,112.99,33400.00,112.98,113.44,112.82
2016/5/10,114.40,73800.00,113.21,114.40,113.21
2016/5/11,113.36,51600.00,114.02,114.27,113.31
2016/5/12,113.89,39400.00,113.79,114.20,113.35
2016/5/13,112.71,101900.00,113.74,113.94,112.51
2016/5/16,113.28,30300.00,112.81,113.51,112.65
2016/5/17,111.53,152200.00,113.04,113.04,111.22
2016/5/18,110.70,86500.00,111.20,111.53,110.03
2016/5/19,110.90,38000.00,110.24,110.96,109.95
2016/5/20,110.76,33500.00,111.15,111.30,110.64
2016/5/23,110.76,33800.00,110.89,111.05,110.74
2016/5/24,112.24,57000.00,111.06,112.38,111.06
2016/5/25,112.45,38800.00,112.28,112.73,112.22
2016/5/26,112.57,21500.00,112.45,112.66,112.41
2016/5/27,112.89,23800.00,112.67,113.08,112.62
2016/5/31,112.52,34500.00,113.11,113.24,112.03
2016/6/01,112.89,201800.00,112.15,112.89,112.00
2016/6/02,113.16,39100.00,112.65,113.16,112.65
2016/6/03,113.48,33800.00,113.22,113.56,113.09
2016/6/06,113.66,26900.00,113.55,113.82,113.17
2016/6/07,113.95,44400.00,113.64,114.27,113.64
2016/6/08,114.54,31000.00,113.98,114.59,113.91
2016/6/09,114.90,26100.00,114.11,115.00,114.11
2016/6/10,114.29,27000.00,114.19,114.54,113.90
2016/6/13,113.17,46100.00,114.00,114.33,113.16
2016/6/14,113.19,51100.00,112.99,113.33,112.38
2016/6/15,113.29,36800.00,113.35,113.98,113.22
2016/6/16,113.81,55000.00,113.01,113.87,112.60
2016/6/17,113.66,21500.00,113.81,113.84,113.13
2016/6/20,114.55,22300.00,114.39,115.24,114.39
2016/6/21,114.09,26000.00,114.16,114.34,114.03
2016/6/22,113.71,24900.00,113.97,114.40,113.67
2016/6/23,114.62,26500.00,114.51,114.62,114.20
2016/6/24,110.89,44200.00,111.92,112.88,110.76
2016/6/27,109.83,34400.00,110.68,110.68,109.22
2016/6/28,111.26,28500.00,110.67,111.26,110.08
2016/6/29,112.80,26400.00,111.66,112.85,111.66
2016/6/30,115.35,69000.00,112.94,115.35,112.94
2016/7/01,115.44,57000.00,115.40,115.82,115.33
2016/7/05,115.24,91300.00,115.10,115.62,114.96
2016/7/06,115.49,42000.00,114.97,115.55,114.44
2016/7/07,115.68,10200.00,115.77,116.16,115.32
2016/7/08,117.28,29500.00,116.09,117.30,115.77
2016/7/11,117.53,30200.00,117.33,117.81,117.04
2016/7/12,117.61,73400.00,117.53,117.96,117.48
2016/7/13,117.80,50500.00,117.77,117.84,117.42
2016/7/14,117.86,78900.00,117.85,118.43,117.74
2016/7/15,117.92,80000.00,118.01,118.25,117.70
2016/7/18,117.82,25300.00,117.93,117.97,117.62
2016/7/19,117.57,16600.00,117.27,117.57,117.06
2016/7/20,117.55,25200.00,117.67,117.76,117.44
2016/7/21,117.33,250100.00,117.53,117.53,116.88
2016/7/22,117.81,21300.00,117.33,117.88,117.33
2016/7/25,117.94,95900.00,117.71,117.95,117.42
2016/7/26,117.30,57200.00,117.87,118.23,117.17
2016/7/27,115.88,32400.00,117.25,117.25,115.52
2016/7/28,116.12,20100.00,115.63,116.29,115.21
2016/7/29,116.93,19900.00,116.13,116.97,116.13
2016/8/01,116.78,43600.00,116.88,117.12,116.52
2016/8/02,115.83,49200.00,116.70,116.72,115.49
2016/8/03,115.41,24200.00,115.65,115.65,115.11
2016/8/04,115.76,82700.00,115.62,116.10,115.56
2016/8/05,116.37,83100.00,116.33,117.06,116.18
2016/8/08,116.22,25900.00,116.47,116.47,116.09
2016/8/09,116.39,18900.00,116.19,116.82,116.16
2016/8/10,116.54,95700.00,116.54,116.90,116.36
2016/8/11,116.95,13900.00,116.89,117.29,116.88
2016/8/12,117.01,100700.00,116.96,117.23,116.78
2016/8/15,117.15,65400.00,117.19,117.37,117.08
2016/8/16,116.39,54600.00,116.81,116.86,116.39
2016/8/17,116.76,24900.00,116.43,116.76,116.06
2016/8/18,117.02,18100.00,116.75,117.12,116.71
2016/8/19,117.14,35100.00,116.79,117.22,116.77
2016/8/22,117.08,77400.00,117.05,117.25,116.84
2016/8/23,117.50,77200.00,117.40,117.58,117.25
2016/8/24,117.12,86900.00,117.50,117.50,116.95
2016/8/25,116.97,18000.00,116.97,117.39,116.80
2016/8/26,116.51,22200.00,117.01,117.69,116.19
2016/8/29,117.14,40000.00,116.55,117.18,116.55
2016/8/30,116.54,55900.00,117.05,117.20,116.29
2016/8/31,116.53,28800.00,116.45,116.57,116.05
2016/9/01,116.54,35100.00,116.25,116.54,115.83
2016/9/02,117.16,15800.00,116.75,117.46,116.75
2016/9/06,117.40,33300.00,117.23,117.41,116.76
2016/9/07,116.83,54800.00,117.18,117.31,116.52
2016/9/08,116.01,59800.00,116.53,116.60,115.84
2016/9/09,112.57,274500.00,115.31,115.31,112.57
2016/9/12,114.79,68200.00,112.39,114.79,112.28
2016/9/13,113.18,158700.00,113.47,114.33,112.88
2016/9/14,112.84,103200.00,113.19,113.64,112.65
2016/9/15,113.82,62900.00,112.77,113.92,112.67
2016/9/16,113.36,30800.00,113.20,113.58,112.94
2016/9/19,113.62,21300.00,113.70,114.21,113.49
2016/9/20,113.62,22100.00,113.93,114.31,113.48
2016/9/21,114.42,18100.00,113.75,114.51,113.25
2016/9/22,115.35,9000.00,114.83,115.44,114.83
2016/9/23,114.76,22900.00,115.18,115.30,114.76
2016/9/26,113.08,57800.00,113.51,113.51,113.02
2016/9/27,113.61,89600.00,113.11,113.75,113.06
2016/9/28,113.87,25100.00,113.80,113.91,113.31
2016/9/29,112.90,36300.00,113.87,113.92,112.84
2016/9/30,113.90,32300.00,113.30,114.26,113.30
2016/10/03,113.49,29800.00,113.75,113.75,113.31
2016/10/04,112.61,206100.00,113.53,113.53,112.37
2016/10/05,112.73,46100.00,112.82,113.01,112.64
2016/10/06,112.81,16400.00,112.49,113.04,112.36
2016/10/07,112.44,49400.00,112.92,113.12,111.84
2016/10/10,112.59,16600.00,112.88,113.23,112.46
2016/10/11,111.57,76100.00,112.44,112.44,111.27
2016/10/12,112.07,24700.00,111.79,112.34,111.63
2016/10/13,111.67,12000.00,111.47,111.93,110.90
2016/10/14,111.77,25400.00,112.06,112.39,111.76
2016/10/17,111.35,30700.00,111.70,111.89,111.35
2016/10/18,111.78,16900.00,112.04,112.18,111.77
2016/10/19,111.56,28800.00,111.75,111.75,111.28
2016/10/20,111.23,15800.00,111.51,111.53,110.97
2016/10/21,111.66,50000.00,111.36,111.73,111.10
2016/10/24,112.40,8000.00,111.93,112.56,111.93
2016/10/25,111.95,42300.00,112.53,112.53,111.95
2016/10/26,112.00,27200.00,111.91,112.47,111.80
2016/10/27,111.23,14100.00,112.22,112.31,111.17
2016/10/28,111.93,17000.00,111.26,112.33,111.26
2016/10/31,112.03,38900.00,111.76,112.28,111.76
2016/11/01,111.36,29200.00,112.17,112.28,110.91
2016/11/02,111.04,20900.00,111.66,111.75,110.92
2016/11/03,110.47,41700.00,111.20,111.20,110.35
2016/11/04,109.72,81200.00,110.47,110.47,109.63
2016/11/07,111.62,127900.00,110.70,111.64,110.70
2016/11/08,112.63,17500.00,111.55,112.97,111.55
2016/11/09,110.86,88900.00,110.34,111.12,109.18
2016/11/10,108.43,77900.00,110.54,110.54,108.31
2016/11/11,108.58,148100.00,108.30,108.97,107.85
2016/11/14,108.21,22200.00,108.82,108.82,107.91
2016/11/15,109.01,122900.00,108.53,109.03,108.46
2016/11/16,109.06,139800.00,108.78,109.31,108.78
2016/11/17,109.45,50000.00,108.95,109.52,108.95
2016/11/18,108.78,103200.00,109.45,109.45,108.72
2016/11/21,109.48,54700.00,108.97,109.48,108.75
2016/11/22,110.22,16200.00,109.76,110.36,109.75
2016/11/23,109.64,23000.00,109.76,110.12,109.55
2016/11/25,110.44,17500.00,109.92,110.54,109.92
2016/11/28,110.30,10300.00,110.38,110.53,110.07
2016/11/29,110.38,35600.00,110.40,110.56,110.19
2016/11/30,108.71,50000.00,110.20,110.22,108.71
2016/12/01,108.14,49000.00,108.72,108.72,107.93
2016/12/02,108.41,16500.00,108.33,108.77,108.08
2016/12/05,109.12,15700.00,108.75,109.22,108.75
2016/12/06,109.46,31300.00,109.24,109.47,109.10
2016/12/07,111.58,25400.00,109.50,111.66,109.50
2016/12/08,111.46,23300.00,111.30,111.71,111.12
2016/12/09,112.47,20700.00,111.59,112.57,111.54
2016/12/12,112.61,15900.00,112.28,112.76,112.28
2016/12/13,113.06,14500.00,112.72,113.44,112.72
2016/12/14,111.71,17400.00,112.97,113.24,111.59
2016/12/15,111.98,12700.00,111.76,112.40,111.58
2016/12/16,112.16,18600.00,112.29,112.32,111.95
2016/12/19,112.18,13500.00,112.24,112.45,111.97
2016/12/20,112.31,35200.00,112.18,112.31,111.83
2016/12/21,111.51,9400.00,111.65,111.82,111.45
2016/12/22,111.22,10300.00,111.42,111.42,111.01
2016/12/23,111.41,24400.00,111.22,111.42,111.19
2016/12/27,111.45,13800.00,111.39,111.69,111.39
2016/12/28,110.79,26700.00,111.44,111.44,110.79
2016/12/29,111.24,13500.00,110.97,111.25,110.97
2016/12/30,110.72,31900.00,111.33,111.34,110.43
2017/1/03,111.31,195700.00,111.11,111.50,110.89
2017/1/04,112.29,38700.00,111.69,112.46,111.69
2017/1/05,112.21,16200.00,112.17,112.28,111.86
2017/1/06,112.21,46200.00,112.15,112.48,111.81
2017/1/09,111.45,21100.00,111.94,111.94,111.38
2017/1/10,111.20,22100.00,111.50,111.50,111.10
2017/1/11,111.28,20900.00,111.11,111.30,110.88
2017/1/12,111.21,10300.00,111.15,111.22,110.69
2017/1/13,111.34,11800.00,111.21,111.34,111.09
2017/1/17,112.46,25300.00,111.40,112.50,111.40
2017/1/18,112.79,14300.00,112.50,112.82,112.46
2017/1/19,112.49,16300.00,112.82,112.82,112.21
2017/1/20,113.32,36600.00,112.90,113.37,112.76
2017/1/23,113.31,29400.00,113.21,113.37,113.00
2017/1/24,114.64,17300.00,113.54,114.66,113.54
2017/1/25,115.25,39600.00,114.85,115.33,114.85
2017/1/26,114.34,25600.00,115.04,115.04,114.29
2017/1/27,113.77,21800.00,114.21,114.21,113.58
2017/1/30,113.53,11000.00,113.44,113.56,113.07
2017/1/31,113.79,6800.00,113.11,113.79,113.11
2017/2/01,113.36,18900.00,113.67,113.70,113.15
2017/2/02,113.82,19500.00,113.76,114.21,113.72
2017/2/03,114.23,19800.00,114.00,114.60,114.00
2017/2/06,113.95,16900.00,114.21,114.21,113.89
2017/2/07,114.39,6500.00,114.05,114.43,114.05
2017/2/08,114.90,17800.00,114.30,114.92,114.30
2017/2/09,115.49,14900.00,114.83,115.62,114.83
2017/2/10,116.04,12100.00,115.75,116.15,115.75
2017/2/13,116.14,10000.00,116.20,116.25,115.96
2017/2/14,116.27,10600.00,115.99,116.38,115.85
2017/2/15,117.17,9500.00,116.42,117.18,116.16
2017/2/16,116.88,10800.00,117.04,117.15,116.60
2017/2/17,117.65,13100.00,116.49,117.65,116.49
2017/2/21,118.71,9300.00,117.74,118.72,117.74
2017/2/22,118.69,5600.00,118.55,118.70,118.37
2017/2/23,118.44,6900.00,118.68,118.91,118.44
2017/2/24,118.67,9500.00,118.12,118.67,118.12
2017/2/27,118.50,9500.00,118.54,118.56,118.13
2017/2/28,118.72,7300.00,118.33,118.92,118.33
2017/3/01,119.63,17100.00,119.00,119.87,119.00
2017/3/02,119.55,13400.00,119.69,119.84,119.54
2017/3/03,119.45,30200.00,119.51,119.51,119.07
2017/3/06,119.07,142200.00,119.04,119.14,118.78
2017/3/07,118.80,5600.00,118.77,118.96,118.72
2017/3/08,118.71,15000.00,118.58,118.93,118.52
2017/3/09,118.83,7800.00,118.75,119.01,118.60
2017/3/10,119.52,11100.00,119.27,119.61,119.18
2017/3/13,119.69,5900.00,119.34,119.75,119.34
2017/3/14,119.53,9900.00,119.50,119.70,119.46
2017/3/15,120.66,36600.00,119.79,120.95,119.79
2017/3/16,120.70,17000.00,120.84,120.84,120.49
2017/3/17,120.51,7200.00,121.05,121.06,120.51
2017/3/20,120.56,4900.00,120.42,120.64,120.38
2017/3/21,119.79,57700.00,120.23,120.68,119.77
2017/3/22,119.38,62300.00,119.55,119.68,119.12
2017/3/23,119.31,11600.00,119.20,119.89,119.20
2017/3/24,118.73,15300.00,118.78,119.00,118.37
2017/3/27,118.73,19000.00,118.23,118.80,118.23
2017/3/28,119.35,94900.00,118.54,119.58,118.54
2017/3/29,119.54,38400.00,119.29,119.62,119.29
2017/3/30,119.01,6500.00,119.40,119.40,118.96
2017/3/31,118.75,20000.00,118.96,119.07,118.75
2017/4/03,118.41,985200.00,118.88,118.89,118.01
2017/4/04,118.24,198900.00,118.97,118.97,117.88
2017/4/05,118.03,30700.00,118.45,118.92,117.96
2017/4/06,118.08,26800.00,118.05,118.32,117.97
2017/4/07,118.08,18000.00,118.24,118.41,118.05
2017/4/10,118.36,60400.00,118.19,118.57,118.06
2017/4/11,118.52,129000.00,118.33,118.52,118.09
2017/4/12,118.78,173900.00,118.80,118.87,118.58
2017/4/13,118.09,11400.00,118.59,118.62,118.09
2017/4/17,118.94,11000.00,118.28,118.94,118.28
2017/4/18,119.38,16600.00,118.79,119.59,118.79
2017/4/19,119.05,23200.00,119.60,119.60,118.95
2017/4/20,119.21,27200.00,118.90,119.21,118.79
2017/4/21,118.64,9000.00,119.00,119.00,118.53
2017/4/24,119.77,12400.00,119.35,119.92,119.35
2017/4/25,120.11,26400.00,119.82,120.28,119.82
2017/4/26,119.27,12300.00,119.96,119.97,119.26
2017/4/27,119.24,16800.00,119.40,119.51,118.98
2017/4/28,119.02,29700.00,119.11,119.11,118.64
2017/5/01,118.39,1012400.00,118.88,119.12,118.39
2017/5/02,117.72,145700.00,118.36,118.51,117.66
2017/5/03,117.63,189100.00,117.88,117.96,117.36
2017/5/04,118.10,66400.00,117.84,118.45,117.73
2017/5/05,118.75,11200.00,118.35,118.75,118.28
2017/5/08,119.05,15600.00,118.90,119.08,118.79
2017/5/09,118.91,108300.00,119.10,119.12,118.78
2017/5/10,119.30,8700.00,119.16,119.31,119.10
2017/5/11,119.13,21900.00,119.10,119.14,118.61
2017/5/12,118.83,10000.00,119.08,119.08,118.83
2017/5/15,119.31,35000.00,118.98,119.44,118.97
2017/5/16,119.20,12300.00,119.56,119.60,119.10
2017/5/17,118.45,28600.00,118.79,119.28,118.42
2017/5/18,118.33,18600.00,118.18,118.57,118.06
2017/5/19,119.07,14100.00,118.31,119.30,118.30
2017/5/22,119.94,17100.00,119.23,120.03,119.23
2017/5/23,120.00,13000.00,120.18,120.47,119.97
2017/5/24,120.75,11700.00,120.16,120.86,120.11
2017/5/25,121.55,24300.00,121.03,121.68,121.03
2017/5/26,121.90,8800.00,121.46,121.93,121.46
2017/5/30,122.06,22600.00,121.85,122.10,121.67
2017/5/31,122.35,61800.00,122.28,122.41,122.14
2017/6/01,123.31,815400.00,122.62,123.34,122.38
2017/6/02,123.68,105200.00,123.49,123.85,123.06
2017/6/05,123.81,46900.00,123.67,123.84,123.30
2017/6/06,123.65,26000.00,123.62,123.90,123.51
2017/6/07,123.84,82600.00,123.59,123.91,123.58
2017/6/08,122.98,47000.00,123.71,123.71,122.77
2017/6/09,122.65,64100.00,122.96,123.12,122.33
2017/6/12,122.73,18400.00,122.61,122.98,122.51
2017/6/13,123.27,18200.00,123.00,123.34,122.59
2017/6/14,123.84,39600.00,123.77,124.15,123.47
2017/6/15,123.89,10700.00,123.18,123.97,123.13
2017/6/16,123.40,17400.00,123.82,123.82,122.80
2017/6/19,124.06,19500.00,123.70,124.09,123.25
2017/6/20,123.47,9200.00,124.13,124.13,123.47
2017/6/21,123.13,16100.00,123.47,123.52,123.04
2017/6/22,122.84,10400.00,123.15,123.16,122.82
2017/6/23,123.20,188200.00,122.88,123.42,122.86
2017/6/26,123.51,36200.00,123.51,123.73,123.44
2017/6/27,121.54,65200.00,122.48,122.61,121.54
2017/6/28,122.17,19800.00,122.07,122.58,122.05
2017/6/29,120.82,10800.00,122.07,122.07,120.53
2017/6/30,121.73,18600.00,121.34,122.09,121.34
2017/7/03,121.72,97400.00,121.97,122.35,121.68
2017/7/05,121.39,71200.00,121.72,121.72,121.24
2017/7/06,120.36,32300.00,121.02,121.02,120.29
2017/7/07,120.93,47000.00,120.57,121.12,120.53
2017/7/10,120.76,26700.00,121.15,121.22,120.63
2017/7/11,120.43,21300.00,120.60,120.64,120.00
2017/7/12,121.18,14100.00,121.00,121.38,121.00
2017/7/13,120.98,32000.00,121.17,121.72,120.92
2017/7/14,121.77,25100.00,121.29,121.94,121.29
2017/7/17,121.88,485000.00,121.80,122.03,121.71
2017/7/18,121.96,113300.00,121.81,122.03,121.65
2017/7/19,122.62,66800.00,121.99,122.62,121.99
2017/7/20,122.56,107500.00,122.59,122.88,122.49
2017/7/21,122.81,21000.00,122.16,122.82,122.06
2017/7/24,122.28,5000.00,122.48,122.50,122.24
2017/7/25,122.80,25000.00,122.56,122.80,122.43
2017/7/26,122.69,26000.00,122.70,122.85,122.40
2017/7/27,123.34,47000.00,123.02,123.34,122.59
2017/7/28,122.20,48500.00,123.02,123.19,120.87
2017/7/31,121.85,69400.00,121.98,122.26,121.62
2017/8/01,121.46,893200.00,121.83,122.04,121.43
2017/8/02,121.36,155800.00,121.36,121.40,120.93
2017/8/03,121.68,73500.00,121.31,122.15,121.31
2017/8/04,121.58,59900.00,121.75,121.75,121.40
2017/8/07,122.27,24000.00,121.64,122.28,121.64
2017/8/08,122.00,13800.00,122.35,122.56,121.94
2017/8/09,122.01,36400.00,121.77,122.04,121.62
2017/8/10,120.99,34300.00,121.64,121.67,120.99
2017/8/11,121.21,16600.00,121.06,121.66,121.05
2017/8/14,122.16,49400.00,121.59,122.34,121.59
2017/8/15,122.34,17600.00,122.08,122.43,121.98
2017/8/16,122.87,16700.00,122.50,122.93,122.50
2017/8/17,121.32,28200.00,122.58,122.81,121.32
2017/8/18,120.72,36900.00,120.99,121.14,120.62
2017/8/21,121.00,22000.00,120.76,121.09,120.50
2017/8/22,121.34,17000.00,121.15,121.42,121.10
2017/8/23,121.00,6100.00,121.02,121.18,120.92
2017/8/24,120.17,8400.00,121.04,121.04,120.17
2017/8/25,120.40,11900.00,120.67,120.87,120.39
2017/8/28,120.17,48900.00,120.51,120.60,119.83
2017/8/29,120.26,11100.00,119.72,120.31,119.72
2017/8/30,120.50,45300.00,120.21,120.57,120.15
2017/8/31,120.84,6900.00,120.58,120.96,120.58
2017/9/01,121.59,13200.00,121.12,121.59,121.12
2017/9/05,121.25,15600.00,121.32,121.36,120.58
2017/9/06,121.46,35900.00,121.40,121.62,121.16
2017/9/07,121.57,11100.00,121.57,121.63,121.23
2017/9/08,121.36,60700.00,121.34,121.48,121.06
2017/9/11,122.42,13200.00,121.97,122.46,121.59
2017/9/12,122.43,7700.00,122.28,122.51,122.28
2017/9/13,122.36,24100.00,122.50,122.61,122.35
2017/9/14,122.50,8000.00,122.38,122.50,122.09
2017/9/15,122.72,22200.00,122.59,122.72,122.37
2017/9/18,122.79,8000.00,122.90,122.93,122.49
2017/9/19,122.50,15500.00,122.69,122.69,122.34
2017/9/20,121.80,29200.00,122.27,122.43,121.28
2017/9/21,120.93,14400.00,121.80,121.80,120.83
2017/9/22,120.74,47900.00,120.83,121.13,120.69
2017/9/25,121.06,22500.00,120.90,121.29,120.89
2017/9/26,120.99,119600.00,121.10,121.18,120.94
2017/9/27,120.33,130100.00,120.98,120.98,119.82
2017/9/28,120.60,8300.00,120.39,120.67,120.39
2017/9/29,120.67,540200.00,120.13,120.98,120.13
2017/10/02,120.83,35400.00,120.82,121.24,120.73
2017/10/03,121.07,19300.00,121.12,121.18,120.86
2017/10/04,121.75,22100.00,121.01,121.97,120.87
2017/10/05,121.98,7800.00,122.03,122.22,121.88
2017/10/06,121.78,12800.00,121.71,121.82,121.62
2017/10/09,121.36,10000.00,121.84,121.87,121.36
2017/10/10,122.11,7400.00,121.76,122.15,121.59
2017/10/11,122.25,7400.00,122.10,122.27,122.10
2017/10/12,122.51,127100.00,122.41,122.62,121.97
2017/10/13,122.82,5900.00,122.78,123.00,122.78
2017/10/16,123.02,43500.00,122.83,123.06,122.74
2017/10/17,122.58,19600.00,122.92,122.92,122.42
2017/10/18,122.48,12300.00,122.69,122.69,122.37
2017/10/19,121.78,9200.00,121.76,121.82,121.24
2017/10/20,121.77,6800.00,122.05,122.05,121.60
2017/10/23,121.40,9800.00,121.95,122.14,121.33
2017/10/24,121.42,7800.00,121.56,121.56,121.25
2017/10/25,120.73,10300.00,121.31,121.31,120.19
2017/10/26,121.46,7600.00,121.09,121.75,121.09
2017/10/27,120.86,18900.00,121.11,121.11,120.47
2017/10/30,119.88,18000.00,120.64,120.64,119.78
2017/10/31,120.69,7400.00,120.29,120.84,120.29
2017/11/01,120.67,13700.00,121.11,121.11,120.67
2017/11/02,119.57,8200.00,120.28,120.28,119.20
2017/11/03,119.26,10800.00,119.60,119.68,119.22
2017/11/06,118.55,20100.00,119.31,119.31,118.51
2017/11/07,119.08,32100.00,118.55,119.11,118.40
2017/11/08,120.24,12400.00,119.42,120.26,119.42
2017/11/09,120.11,44000.00,119.75,120.16,119.54
2017/11/10,120.83,60700.00,119.82,120.95,119.82
2017/11/13,121.70,59000.00,120.80,121.74,120.80
2017/11/14,122.10,10400.00,121.41,122.17,121.41
2017/11/15,121.14,12600.00,121.67,121.67,121.09
2017/11/16,122.13,47100.00,121.68,122.51,121.68
2017/11/17,122.19,11600.00,122.02,122.27,122.02
2017/11/20,122.41,98100.00,122.21,122.69,122.21
2017/11/21,122.82,68600.00,122.65,123.21,122.59
2017/11/22,122.71,13200.00,122.92,122.99,122.48
