"2017/11/13","332.8600","510499.0000","331.2300","332.9700","330.3400"
"2017/11/10","332.2200","650366.0000","331.9200","332.7600","331.4401"
"2017/11/09","332.2500","917261.0000","331.9500","333.5844","329.9600"
"2017/11/08","333.9000","762108.0000","332.5000","334.1900","331.8200"
"2017/11/07","333.0800","513632.0000","335.1900","335.5800","331.8800"
"2017/11/06","335.1900","595774.0000","333.9300","335.7100","333.9300"
"2017/11/03","333.8600","879348.0000","332.6400","334.0350","332.3000"
"2017/11/02","333.0200","1042357.0000","332.2800","334.2900","332.0400"
"2017/11/01","332.7400","792132.0000","335.2800","335.6700","331.6500"
"2017/10/31","333.6200","944702.0000","332.6700","334.2200","332.2600"
"2017/10/30","331.8500","966917.0000","333.4800","333.9600","331.1200"
"2017/10/27","334.2500","784920.0000","332.3500","334.3700","331.4532"
"2017/10/26","332.5000","879953.0000","331.6800","333.0000","331.3300"
"2017/10/25","331.0700","836132.0000","332.2900","332.4000","328.7400"
"2017/10/24","333.1200","1042686.0000","332.4700","333.6000","332.4400"
"2017/10/23","331.8000","614567.0000","333.7800","333.8300","331.6800"
"2017/10/20","333.5700","1385202.0000","333.2800","333.6400","332.6900"
"2017/10/19","331.5900","654465.0000","329.6400","331.6100","328.8900"
"2017/10/18","331.2700","567690.0000","331.0700","331.9800","330.4100"
"2017/10/17","330.2300","455741.0000","330.5100","331.2100","329.9000"
"2017/10/16","330.6800","544083.0000","331.0100","332.0200","330.5200"
"2017/10/13","330.7300","655993.0000","331.2400","332.0800","330.5500"
"2017/10/12","330.9400","1508170.0000","329.9400","331.3400","329.6400"
"2017/10/11","330.8600","662426.0000","330.5700","331.1500","330.1800"
"2017/10/10","330.6300","650169.0000","330.5900","331.6100","329.9500"
"2017/10/09","329.6300","614169.0000","330.7100","331.4600","329.1800"
"2017/10/06","330.5900","592636.0000","329.8500","330.8900","329.6800"
"2017/10/05","330.9100","1033042.0000","330.3300","331.4600","329.9500"
"2017/10/04","329.8400","805885.0000","329.7100","330.4200","329.0800"
"2017/10/03","330.0400","880683.0000","329.5600","330.1200","328.4700"
"2017/10/02","329.2000","1116878.0000","326.5800","329.2400","326.2600"
"2017/09/29","326.3300","919600.0000","325.7900","327.0550","325.7300"
"2017/09/28","325.9600","802104.0000","325.0400","326.0400","323.7700"
"2017/09/27","325.2400","1472029.0000","323.5800","325.7100","321.8900"
"2017/09/26","322.2200","917051.0000","322.1800","323.0500","322.0000"
"2017/09/25","321.9500","857279.0000","320.9500","322.2800","320.4100"
"2017/09/22","321.2200","894789.0000","319.8400","321.4900","319.8400"
"2017/09/21","320.3300","449929.0000","320.9200","321.1200","320.0300"
"2017/09/20","321.0300","1200431.0000","320.5800","321.1200","319.8900"
"2017/09/19","320.0900","518338.0000","320.6500","320.6900","319.8500"
"2017/09/18","320.1200","872622.0000","319.3500","320.4900","319.1700"
"2017/09/15","318.6100","737157.0000","317.2500","318.7900","317.0500"
"2017/09/14","318.9300","1004786.0000","318.3500","319.3500","317.9100"
"2017/09/13","319.0200","751005.0000","319.0500","319.7500","318.7600"
"2017/09/12","319.3800","872420.0000","317.9700","319.5200","317.6800"
"2017/09/11","317.1700","1104268.0000","315.9700","317.7100","315.8100"
"2017/09/08","313.4400","743714.0000","311.9800","314.0500","311.4500"
"2017/09/07","312.6600","659583.0000","313.8600","314.1300","311.5500"
"2017/09/06","313.7000","723504.0000","314.0600","314.6000","313.0400"
"2017/09/05","313.3300","1037315.0000","316.8900","317.5400","312.1211"
"2017/09/01","316.8000","736693.0000","316.2100","317.3400","316.0600"
"2017/08/31","315.5800","889181.0000","313.9800","315.8200","313.8100"
"2017/08/30","313.0600","648867.0000","310.8400","313.2900","310.3800"
"2017/08/29","311.1700","661168.0000","309.6900","311.5400","309.2800"
"2017/08/28","311.4600","594839.0000","312.1800","312.4700","310.4500"
"2017/08/25","311.6200","634217.0000","310.8700","312.4500","310.8700"
"2017/08/24","310.1400","1290348.0000","311.7000","311.7300","310.0600"
"2017/08/23","310.4800","649203.0000","309.4500","311.3300","309.1100"
"2017/08/22","311.2200","1071379.0000","308.7900","311.4800","308.7300"
"2017/08/21","308.3500","1042897.0000","307.8900","308.8500","307.2820"
"2017/08/18","308.3800","769918.0000","307.9900","309.9500","307.2900"
"2017/08/17","309.0000","1833579.0000","313.4600","314.5300","308.9600"
"2017/08/16","314.4200","984937.0000","314.2400","315.6600","314.1400"
"2017/08/15","313.6300","1007231.0000","315.7400","315.7400","313.5200"
"2017/08/14","315.2900","1023622.0000","313.5600","315.9700","313.3800"
"2017/08/11","311.7200","1830082.0000","310.5900","312.0800","310.0900"
"2017/08/10","311.0900","2325938.0000","314.8500","315.1000","311.0000"
"2017/08/09","316.0600","1014259.0000","316.8000","317.1500","315.0600"
"2017/08/08","318.2500","1106105.0000","318.8800","321.0500","317.7300"
"2017/08/07","319.0600","748571.0000","319.3700","319.9550","318.1100"
"2017/08/04","318.9700","1307693.0000","318.5900","319.3300","318.1100"
"2017/08/03","318.0600","1293286.0000","319.2100","319.4500","317.4300"
"2017/08/02","318.9400","1397304.0000","320.6700","321.1000","317.7900"
"2017/08/01","321.3200","846525.0000","321.6100","321.8000","320.1200"
"2017/07/31","320.5000","1078768.0000","321.4900","321.8700","319.5700"
"2017/07/28","320.8800","816065.0000","321.6500","322.1300","320.1200"
"2017/07/27","322.4100","1073105.0000","323.7700","324.1500","320.7300"
"2017/07/26","323.3700","902737.0000","326.4100","326.5900","323.2800"
"2017/07/25","326.4100","2847151.0000","325.2100","326.8800","324.5800"
"2017/07/24","323.5200","780566.0000","322.6300","323.7200","322.1750"
"2017/07/21","322.9500","771641.0000","323.3100","323.8000","321.7600"
"2017/07/20","323.8000","867237.0000","324.1900","324.4300","323.1400"
"2017/07/19","324.1500","786173.0000","321.0100","324.2200","321.0100"
"2017/07/18","320.8500","744318.0000","320.8700","321.4800","319.6300"
"2017/07/17","321.9200","925190.0000","321.0700","322.3400","320.2200"
"2017/07/14","321.1900","1195565.0000","319.7300","322.3800","319.7300"
"2017/07/13","320.2000","741842.0000","319.9900","320.3300","318.3500"
"2017/07/12","319.8600","1079311.0000","319.4700","321.6400","319.2200"
"2017/07/11","317.8600","1121067.0000","317.0500","318.1200","315.3100"
"2017/07/10","317.3200","1285088.0000","317.2500","318.7000","316.8300"
"2017/07/07","318.0300","1016043.0000","315.4300","318.2900","315.1100"
"2017/07/06","314.9100","2514733.0000","317.3400","317.9400","314.6100"
"2017/07/05","318.8100","769025.0000","319.1300","319.9200","317.7900"
"2017/07/03","320.0400","737671.0000","319.0200","321.0100","318.8348"
"2017/06/30","317.6200","1119525.0000","317.7200","319.1500","317.3100"
"2017/06/29","317.4100","2084288.0000","319.7000","320.2500","314.8300"
"2017/06/28","319.4900","1943862.0000","317.7600","320.4800","317.6200"
"2017/06/27","315.8900","1960394.0000","317.9500","319.0400","315.8400"
"2017/06/26","318.5100","1929644.0000","318.0900","319.3500","317.0800"
"2017/06/23","317.2700","748696.0000","316.0500","318.0300","315.4200"
"2017/06/22","315.9500","645269.0000","315.3600","316.6900","314.3700"
"2017/06/21","315.5200","906098.0000","318.1600","318.3300","315.1500"
"2017/06/20","317.3600","1109656.0000","319.9400","320.0400","317.3100"
"2017/06/19","320.9100","1096524.0000","319.6300","321.2200","319.6300"
"2017/06/16","318.9900","965803.0000","318.3900","319.0500","317.0750"
"2017/06/15","319.5100","2343590.0000","318.0300","320.2000","317.7700"
"2017/06/14","321.0300","1230574.0000","322.4800","322.6100","319.5600"
"2017/06/13","322.4500","1536867.0000","320.9700","322.7500","320.6400"
"2017/06/12","320.3800","1265905.0000","320.0500","321.0000","318.9500"
"2017/06/09","320.0400","1570103.0000","319.4100","322.0000","318.4200"
"2017/06/08","318.8900","888244.0000","316.1700","319.7800","315.5700"
"2017/06/07","316.1100","692779.0000","316.4400","317.4100","315.5600"
"2017/06/06","316.2700","1532524.0000","316.0400","317.4285","315.0300"
"2017/06/05","317.4400","862788.0000","318.5400","319.0800","317.2700"
"2017/06/02","318.7400","1743608.0000","318.8000","320.2200","317.6400"
"2017/06/01","318.3100","1939484.0000","314.3800","318.3100","313.4800"
"2017/05/31","313.3700","3430512.0000","313.8800","314.1800","310.2400"
"2017/05/30","313.3100","697403.0000","313.8300","314.5600","312.4700"
"2017/05/26","314.3100","1004565.0000","314.5200","315.0000","313.6600"
"2017/05/25","315.1100","924462.0000","315.6600","316.5900","314.5900"
"2017/05/24","314.6200","789491.0000","313.7100","315.0900","313.2000"
"2017/05/23","313.7400","650787.0000","313.8300","314.5300","311.9100"
"2017/05/22","313.1700","790763.0000","312.1500","313.4900","312.0800"
"2017/05/19","311.6000","1346481.0000","309.0800","312.8100","308.8700"
"2017/05/18","308.4200","1976121.0000","307.4500","309.5200","306.2300"
"2017/05/17","308.1600","3084817.0000","310.6200","314.6821","307.9600"
"2017/05/16","314.5200","1242577.0000","315.3800","315.4800","312.7800"
"2017/05/15","314.9400","781036.0000","313.7000","316.1300","313.6900"
"2017/05/12","312.9800","548424.0000","313.3300","313.6700","312.1300"
"2017/05/11","314.2500","967617.0000","315.1600","315.4000","311.8400"
"2017/05/10","316.2000","934783.0000","313.7700","316.4800","313.5700"
"2017/05/09","314.2000","815731.0000","315.1400","315.5400","313.3400"
"2017/05/08","314.9200","871796.0000","315.7400","316.3000","313.7491"
"2017/05/05","316.2700","562087.0000","314.7500","316.2700","313.4600"
"2017/05/04","313.5900","1074194.0000","314.1900","314.2600","311.5400"
"2017/05/03","314.0200","959374.0000","314.2700","315.0300","312.8000"
"2017/05/02","315.3400","925574.0000","316.0200","316.7800","314.5400"
"2017/05/01","315.8300","1244336.0000","315.8200","317.1000","313.9500"
"2017/04/28","314.8500","1748854.0000","318.1800","318.4400","314.8300"
"2017/04/27","318.0700","756355.0000","318.3300","319.0600","317.0200"
"2017/04/26","317.7700","1427572.0000","317.3100","319.3900","316.9800"
"2017/04/25","317.7500","1122153.0000","317.7100","318.9800","317.3200"
"2017/04/24","315.8300","1098086.0000","315.9500","316.4752","314.8500"
"2017/04/21","312.0500","801266.0000","312.4200","312.8900","311.3100"
"2017/04/20","312.8400","2155478.0000","310.9200","313.2200","310.2000"
"2017/04/19","309.7700","1090153.0000","310.1200","311.6700","309.3400"
"2017/04/18","309.1700","907594.0000","308.2300","309.5500","307.1300"
"2017/04/17","309.2200","1159156.0000","306.1600","309.2400","305.4600"
"2017/04/13","305.4500","1450347.0000","308.4000","309.2300","305.4500"
"2017/04/12","308.9000","1236887.0000","312.4800","312.4800","308.6600"
"2017/04/11","312.7400","1723824.0000","310.0500","312.7400","309.0000"
"2017/04/10","310.9000","1221564.0000","310.3700","312.5100","309.4700"
"2017/04/07","310.0800","1074571.0000","309.6100","311.3000","309.0300"
"2017/04/06","310.5300","1671619.0000","308.1600","311.0000","307.2400"
"2017/04/05","307.8900","1457207.0000","311.7300","313.0100","307.6200"
"2017/04/04","310.2700","1981339.0000","310.1500","311.1100","309.4700"
"2017/04/03","310.7300","2436648.0000","312.7200","313.4500","309.1900"
"2017/03/31","312.4200","1008791.0000","312.3300","313.7010","311.8200"
"2017/03/30","312.3200","798882.0000","310.4900","312.5400","310.4900"
"2017/03/29","310.6800","1034765.0000","309.3300","310.8800","308.5100"
"2017/03/28","309.6300","1225169.0000","306.2800","310.3000","306.2800"
"2017/03/27","307.3200","1984512.0000","304.8700","307.7700","303.8500"
"2017/03/24","307.7800","974164.0000","309.0400","309.9500","306.7600"
"2017/03/23","308.0800","979048.0000","307.3700","310.0500","306.4200"
"2017/03/22","307.3600","1254625.0000","306.2400","307.5600","305.1100"
"2017/03/21","306.6700","1865320.0000","314.3100","314.3100","306.5300"
"2017/03/20","312.7988","767939.0000","313.9300","314.3500","312.2300"
"2017/03/17","314.2200","972848.0000","314.5500","314.9300","313.3900"
"2017/03/16","314.8300","2092808.0000","315.5100","316.0700","314.2092"
"2017/03/15","315.0400","1327942.0000","312.2300","315.6300","312.0000"
"2017/03/14","310.8800","1344564.0000","310.9500","311.4200","309.1300"
"2017/03/13","312.0700","946472.0000","311.2500","312.8800","311.2500"
"2017/03/10","311.5500","1121057.0000","312.0400","312.4700","309.7000"
"2017/03/09","310.0200","1806562.0000","311.2900","312.2800","308.8100"
"2017/03/08","311.2000","942260.0000","313.2000","313.9300","311.2000"
"2017/03/07","312.8500","802267.0000","314.2200","314.4300","312.5800"
"2017/03/06","314.4600","1472523.0000","314.9500","315.1100","313.3700"
"2017/03/03","316.5300","1029998.0000","316.2300","317.0200","315.0400"
"2017/03/02","316.2200","1025796.0000","319.6100","319.6800","316.0700"
"2017/03/01","319.9200","2107481.0000","317.8300","320.4800","317.7200"
"2017/02/28","314.6600","1466850.0000","317.0000","317.2600","314.5000"
"2017/02/27","318.0500","1342764.0000","315.6000","318.0800","315.3400"
"2017/02/24","316.0600","919840.0000","313.3100","316.0600","312.8200"
"2017/02/23","315.5800","1078560.0000","317.5800","317.8100","314.1500"
"2017/02/22","317.0200","1002986.0000","317.4200","317.7700","316.1200"
"2017/02/21","318.1400","1024299.0000","315.8800","318.2700","315.8800"
"2017/02/17","315.6000","1118214.0000","314.2300","315.6000","313.5100"
"2017/02/16","315.2300","1132408.0000","315.6200","316.0700","313.6501"
"2017/02/15","315.5800","1273352.0000","313.6000","315.8300","313.6000"
"2017/02/14","314.6000","662149.0000","313.2600","314.6600","312.3300"
"2017/02/13","313.7100","827050.0000","314.3000","314.9000","313.5501"
"2017/02/10","312.8000","1174574.0000","312.3100","313.4200","311.5600"
"2017/02/09","311.1500","1603355.0000","308.8700","311.6400","308.6100"
"2017/02/08","308.2600","858777.0000","307.2500","308.4100","305.7400"
"2017/02/07","308.0000","1091642.0000","309.5500","310.0900","307.2400"
"2017/02/06","308.8600","921137.0000","309.2200","310.4200","308.2600"
"2017/02/03","310.1900","1251663.0000","308.4500","310.4400","308.0804"
"2017/02/02","306.1600","1372784.0000","305.8400","307.4600","304.8700"
"2017/02/01","305.8100","1981284.0000","308.5800","309.4600","304.7300"
"2017/01/31","306.7000","1593573.0000","305.2200","307.2300","303.9400"
"2017/01/30","305.6700","1510117.0000","306.5100","306.5492","302.8000"
"2017/01/27","308.3200","967815.0000","310.2700","310.7879","307.5700"
"2017/01/26","309.9300","910737.0000","311.1000","311.7700","309.2700"
"2017/01/25","310.9700","1437682.0000","309.7700","311.1100","309.6900"
"2017/01/24","308.3600","2493080.0000","305.0900","309.1900","305.0000"
"2017/01/23","303.8100","823152.0000","303.9500","304.8000","302.1400"
"2017/01/20","304.5800","900540.0000","304.1500","305.3900","303.5300"
"2017/01/19","303.0300","1146766.0000","305.3900","306.4400","301.8700"
"2017/01/18","305.1800","1184863.0000","304.3500","305.3200","303.0000"
"2017/01/17","303.9300","1053553.0000","305.7100","306.1900","303.3500"
"2017/01/13","306.6500","1477449.0000","305.7000","307.8400","305.6900"
"2017/01/12","304.9600","1764632.0000","306.0800","306.0800","301.6700"
"2017/01/11","306.7300","1569293.0000","305.7700","306.7300","304.5200"
"2017/01/10","305.5000","1055011.0000","303.8600","306.5900","303.5700"
"2017/01/09","303.5300","971082.0000","304.9600","305.3100","303.0100"
"2017/01/06","305.4500","823039.0000","306.0600","307.0200","304.9500"
"2017/01/05","305.7400","1293117.0000","307.0900","307.9600","304.5600"
"2017/01/04","308.1600","3109516.0000","304.2700","308.4400","304.1400"
"2017/01/03","303.3600","2004909.0000","304.6800","305.4682","301.4300"
"2016/12/30","301.7300","1951245.0000","303.7100","303.7100","301.0500"
"2016/12/29","302.9100","1674887.0000","302.3100","303.6900","301.7800"
"2016/12/28","302.0200","832017.0000","305.3900","305.8600","301.5700"
"2016/12/27","305.1200","581561.0000","304.1600","305.8500","304.0100"
"2016/12/23","303.9200","825663.0000","303.3000","304.0700","303.0900"
"2016/12/22","303.2400","1167011.0000","305.0500","305.2300","302.3800"
"2016/12/21","305.0600","921518.0000","306.2300","306.6190","304.9900"
"2016/12/20","306.4500","836204.0000","305.7300","306.7500","305.0800"
"2016/12/19","304.6600","1437432.0000","303.4500","304.9000","303.2200"
"2016/12/16","302.9300","2235204.0000","303.5000","305.8900","302.3300"
"2016/12/15","304.6800","1246711.0000","304.0300","306.5300","302.8000"
"2016/12/14","303.3400","1552939.0000","307.0700","308.0200","302.9700"
"2016/12/13","307.2200","2682946.0000","308.0300","308.3600","305.5900"
"2016/12/12","306.6400","3053787.0000","307.5800","309.2247","305.7300"
"2016/12/09","308.3900","2652232.0000","309.1700","309.5500","307.7500"
"2016/12/08","309.0900","2201724.0000","306.3300","309.5900","305.8500"
"2016/12/07","305.7000","2633471.0000","302.2600","307.0000","302.0000"
"2016/12/06","302.2400","1512399.0000","299.4800","302.2500","298.9821"
"2016/12/05","299.2500","1829907.0000","297.6800","299.4800","297.6800"
"2016/12/02","295.9900","1109408.0000","296.2500","297.0900","295.3300"
"2016/12/01","295.7500","2365468.0000","297.6600","298.2600","294.8600"
"2016/11/30","296.4300","1472381.0000","298.4100","298.6700","296.4000"
"2016/11/29","297.2200","2056715.0000","296.6900","298.1850","296.1600"
"2016/11/28","296.5200","1979878.0000","298.4300","298.6550","296.3600"
"2016/11/25","298.6900","327007.0000","298.5700","298.7700","298.1100"
"2016/11/23","297.8300","2128263.0000","295.9600","297.8800","295.6300"
"2016/11/22","296.5200","1584110.0000","295.2400","296.7400","294.6400"
"2016/11/21","294.4300","1437202.0000","293.3000","294.7390","292.9000"
"2016/11/18","292.4200","1748390.0000","292.6200","292.9000","291.8900"
"2016/11/17","292.3600","1900464.0000","291.0900","292.6765","290.9700"
"2016/11/16","290.4800","1228311.0000","290.1600","290.9200","289.3700"
"2016/11/15","290.4200","1583297.0000","289.1900","290.8400","288.1800"
"2016/11/14","289.0000","2015343.0000","286.7000","289.2000","286.0600"
"2016/11/11","284.4700","1495819.0000","281.5000","284.7100","281.1000"
"2016/11/10","281.6900","1946607.0000","282.0400","283.8800","280.0000"
"2016/11/09","280.4400","2477612.0000","273.3500","281.2600","273.0200"
"2016/11/08","275.4300","1241580.0000","273.7900","276.6300","273.2400"
"2016/11/07","274.7500","963206.0000","273.8300","274.9700","272.8900"
"2016/11/04","269.0700","1207907.0000","268.8100","271.4900","268.2500"
"2016/11/03","268.6300","1656020.0000","269.5500","270.5200","268.3300"
"2016/11/02","269.1100","2041824.0000","271.1900","271.7600","268.9200"
"2016/11/01","271.7500","1997785.0000","275.3100","275.5000","270.2300"
"2016/10/31","274.7700","1736495.0000","273.2900","275.2670","273.2300"
"2016/10/28","272.8000","1435677.0000","273.1600","275.1000","272.2400"
"2016/10/27","273.3500","1121676.0000","276.3300","276.3900","272.4700"
"2016/10/26","275.5600","911097.0000","275.4400","276.8000","274.8900"
"2016/10/25","277.0500","893063.0000","278.7200","278.7400","276.5900"
"2016/10/24","279.0400","639819.0000","279.4500","280.8360","278.4000"
"2016/10/21","277.7600","545709.0000","275.9700","277.8200","275.3600"
"2016/10/20","277.9100","676411.0000","278.2100","279.1400","276.4900"
"2016/10/19","279.0000","1477699.0000","278.0700","279.6099","276.9400"
"2016/10/18","277.7200","955740.0000","278.8300","279.0800","277.0800"
"2016/10/17","276.2100","1099290.0000","276.6700","277.2600","275.9300"
"2016/10/14","276.3400","1205060.0000","277.6900","278.7700","276.1800"
"2016/10/13","276.4800","970436.0000","275.1900","277.2300","273.8300"
"2016/10/12","277.5800","808107.0000","277.0600","278.3300","275.9900"
"2016/10/11","276.5000","3430377.0000","280.0800","280.3700","275.3600"
"2016/10/10","281.1400","1144485.0000","280.7500","282.7900","280.7500"
"2016/10/07","278.8000","547114.0000","280.9100","281.6200","277.5300"
"2016/10/06","280.8600","662827.0000","279.7100","281.1300","278.8400"
"2016/10/05","280.2700","1304125.0000","280.1500","281.6700","280.1200"
"2016/10/04","278.8700","1566406.0000","280.7600","281.1400","277.8100"
"2016/10/03","280.2100","2164727.0000","281.2100","281.8800","279.7500"
"2016/09/30","282.2700","1346450.0000","281.2400","283.3025","280.2600"
"2016/09/29","279.8400","1144745.0000","282.5600","283.1800","279.1400"
"2016/09/28","282.9900","783575.0000","280.8900","283.2000","279.3100"
"2016/09/27","280.6200","748133.0000","280.1600","281.1100","279.2700"
"2016/09/26","280.3400","746623.0000","280.3000","281.4900","280.1500"
"2016/09/23","281.8100","1391223.0000","283.2400","284.1300","281.7200"
"2016/09/22","284.0600","1894225.0000","282.3000","284.3700","282.3000"
"2016/09/21","280.7500","2277894.0000","277.8700","280.9000","277.1700"
"2016/09/20","277.0500","606397.0000","279.6300","279.6300","277.0500"
"2016/09/19","278.4200","622764.0000","277.7000","280.1400","277.2400"
"2016/09/16","276.3700","1397694.0000","276.2900","276.9200","275.3600"
"2016/09/15","278.8600","749820.0000","275.9000","279.3400","275.5600"
"2016/09/14","276.0000","1066012.0000","277.0500","277.9783","275.3800"
"2016/09/13","276.7800","2946184.0000","279.5500","280.3100","275.5200"
"2016/09/12","281.9000","1650577.0000","277.3300","282.2600","276.9400"
"2016/09/09","278.5500","2624800.0000","284.6400","284.9300","278.5500"
"2016/09/08","287.0000","817477.0000","287.7600","287.9300","286.8901"
"2016/09/07","288.3500","912570.0000","286.9500","288.4000","286.6100"
"2016/09/06","287.2700","777794.0000","288.0600","288.2700","286.1300"
"2016/09/02","287.8900","1833862.0000","286.3400","287.8900","286.2800"
"2016/09/01","284.9500","884365.0000","285.2600","285.9400","282.9401"
"2016/08/31","285.0800","1038107.0000","285.8200","286.0800","283.7300"
"2016/08/30","286.1900","662263.0000","286.5100","286.8300","284.9550"
"2016/08/29","286.2700","1980089.0000","284.4800","286.9800","284.4800"
"2016/08/26","284.0700","1231995.0000","285.6400","287.2400","282.7800"
"2016/08/25","285.1700","949771.0000","283.7300","285.9000","283.6200"
"2016/08/24","284.7800","1014857.0000","286.1100","286.2000","283.8500"
"2016/08/23","286.2100","1701335.0000","285.9800","287.0800","285.9200"
"2016/08/22","284.8000","628348.0000","284.2000","284.8900","283.4200"
"2016/08/19","284.5300","828597.0000","283.5900","284.8300","282.9900"
"2016/08/18","284.4500","1290426.0000","282.4600","284.5300","282.4500"
"2016/08/17","282.5100","1122803.0000","283.0900","283.2600","280.7900"
"2016/08/16","283.0200","916779.0000","284.8600","285.0000","282.8800"
"2016/08/15","285.7600","898794.0000","284.2000","286.3200","284.1600"
"2016/08/12","283.6300","840570.0000","283.6600","284.5200","282.9100"
"2016/08/11","284.1300","1154578.0000","284.2200","284.7300","283.2000"
"2016/08/10","283.4700","1060245.0000","284.2400","284.7210","282.9200"
"2016/08/09","284.3200","749897.0000","284.6000","285.0400","284.0100"
"2016/08/08","284.4200","873111.0000","284.3600","285.4200","284.1500"
"2016/08/05","284.3600","1411719.0000","283.0000","284.7600","282.6400"
"2016/08/04","281.6400","968413.0000","281.7500","282.8200","281.1400"
"2016/08/03","281.6000","865903.0000","279.6800","281.6000","278.9100"
"2016/08/02","279.8000","1045002.0000","282.8600","283.2900","279.0000"
"2016/08/01","283.0200","1049747.0000","283.9300","284.4600","282.4800"
"2016/07/29","283.7800","1449185.0000","282.5900","284.6000","281.6800"
"2016/07/28","282.8100","1242029.0000","281.3300","283.3500","281.0300"
"2016/07/27","281.8800","1944449.0000","283.1400","283.5800","280.7600"
"2016/07/26","283.0600","1242348.0000","281.6400","283.1510","281.2500"
"2016/07/25","281.4700","834791.0000","282.0600","282.4700","280.9700"
"2016/07/22","282.5100","1135872.0000","280.6800","282.7545","280.2700"
"2016/07/21","280.2500","1053613.0000","281.7200","282.6000","280.0600"
"2016/07/20","281.9000","1217560.0000","281.1100","282.4800","280.1000"
"2016/07/19","280.7200","1311325.0000","280.7300","280.9989","279.6800"
"2016/07/18","281.2400","1337284.0000","280.4500","281.7800","280.1850"
"2016/07/15","280.8700","1319652.0000","281.8200","282.1200","280.2500"
"2016/07/14","280.8800","1543105.0000","282.3900","282.5200","280.8500"
"2016/07/13","280.2400","1860338.0000","282.1100","282.2100","279.6000"
"2016/07/12","281.0000","2859595.0000","280.1700","281.7500","279.5400"
"2016/07/11","278.2200","1664062.0000","277.6800","278.8600","277.4000"
"2016/07/08","276.6700","1471569.0000","274.0900","276.9400","273.8700"
"2016/07/07","271.5200","1175896.0000","271.8000","273.4100","270.4500"
"2016/07/06","271.0500","1560663.0000","268.8400","271.2300","267.8500"
"2016/07/05","269.6500","2128340.0000","271.8300","272.1700","268.0800"
"2016/07/01","272.7800","1076168.0000","271.9700","274.1700","271.8400"
"2016/06/30","272.2300","2082903.0000","267.4800","272.3900","266.8100"
"2016/06/29","267.4500","2439388.0000","265.3000","267.4500","264.8900"
"2016/06/28","262.4192","2813312.0000","259.8000","262.6600","259.5600"
"2016/06/27","257.4700","6560692.0000","261.9100","262.2800","256.0800"
"2016/06/24","264.9300","5338271.0000","264.5700","269.6100","263.5900"
"2016/06/23","276.1000","2295013.0000","273.7600","276.1000","273.6200"
"2016/06/22","271.0800","1394351.0000","272.2300","273.3800","271.0000"
"2016/06/21","271.9700","1181296.0000","272.1100","272.6000","270.7000"
"2016/06/20","271.7600","2014575.0000","272.8300","273.8000","271.6230"
"2016/06/17","268.9300","1129734.0000","268.8900","270.0300","267.8000"
"2016/06/16","269.7700","2275141.0000","268.3800","269.9300","266.3200"
"2016/06/15","269.9600","1052076.0000","270.3500","271.9000","269.7100"
"2016/06/14","269.4600","993843.0000","269.4700","270.7699","268.1100"
"2016/06/13","270.4400","2041477.0000","272.4600","273.5900","270.0700"
"2016/06/10","273.3800","1807876.0000","274.8200","275.1900","272.6200"
"2016/06/09","277.2800","1125768.0000","276.8800","277.5700","275.9500"
"2016/06/08","277.9900","1194580.0000","277.0300","278.3300","276.9899"
"2016/06/07","276.6900","1344679.0000","276.0200","277.5000","275.5100"
"2016/06/06","275.8100","2092372.0000","273.9400","276.2700","273.5400"
"2016/06/03","273.3800","2270071.0000","274.4300","274.4300","271.5801"
"2016/06/02","274.8900","1347182.0000","272.5200","274.8900","271.7800"
"2016/06/01","273.0900","1693998.0000","270.7600","273.2300","270.2000"
"2016/05/31","271.8200","3972446.0000","272.7200","273.1504","271.1200"
"2016/05/27","271.9800","1368779.0000","269.9700","271.9850","269.7900"
"2016/05/26","269.7800","2069642.0000","269.9800","270.7100","269.3400"
"2016/05/25","269.6600","3340873.0000","268.9900","270.1800","268.8400"
"2016/05/24","268.0000","3786093.0000","265.0000","268.3690","264.9000"
"2016/05/23","263.6300","830606.0000","263.9500","264.6600","263.0900"
"2016/05/20","264.1900","1321117.0000","261.6200","264.4800","261.6000"
"2016/05/19","260.5600","1318149.0000","259.8500","261.7300","258.4200"
"2016/05/18","261.4500","1165157.0000","261.3900","264.0900","260.0000"
"2016/05/17","262.0600","1327469.0000","264.3200","265.3700","261.0000"
"2016/05/16","264.9300","1199321.0000","262.9200","265.7800","262.7300"
"2016/05/13","262.1800","1300180.0000","264.1100","264.9500","261.3200"
"2016/05/12","264.8100","1416628.0000","265.7600","266.5700","263.1300"
"2016/05/11","264.9000","1205162.0000","266.6500","267.4200","264.7700"
"2016/05/10","267.5300","1080421.0000","265.5400","267.5300","264.9700"
"2016/05/09","264.4000","799557.0000","264.2500","265.4600","263.3500"
"2016/05/06","264.4600","851714.0000","262.3000","264.4900","261.6300"
"2016/05/05","263.2400","872112.0000","264.3700","265.1300","262.5800"
"2016/05/04","263.4100","1588422.0000","263.2100","265.5200","262.6300"
"2016/05/03","264.5300","1348505.0000","266.2800","266.3400","263.0500"
"2016/05/02","268.3000","1430593.0000","266.7500","268.3000","265.5900"
"2016/04/29","265.8500","1788108.0000","266.3300","267.1400","263.9900"
"2016/04/28","267.3500","1181164.0000","269.0200","270.6200","266.8910"
"2016/04/27","270.8900","1021532.0000","269.7500","271.1600","268.8200"
"2016/04/26","269.5200","1686126.0000","268.1200","269.6800","267.4400"
"2016/04/25","267.2700","1624237.0000","268.0600","268.2900","266.3100"
"2016/04/22","268.7000","1696306.0000","266.8700","269.0300","266.7800"
"2016/04/21","266.4100","1739968.0000","269.0200","269.4400","266.1600"
"2016/04/20","268.7600","2741186.0000","268.9200","270.1200","267.5580"
"2016/04/19","268.6100","1571230.0000","268.4300","269.7200","267.4900"
"2016/04/18","267.6200","1213657.0000","265.1500","267.8100","264.8600"
"2016/04/15","266.4500","2479232.0000","264.9900","266.5600","264.7500"
"2016/04/14","265.2900","1046036.0000","266.2700","266.6700","265.0800"
"2016/04/13","266.3400","2670014.0000","263.3600","266.4000","263.2600"
"2016/04/12","261.9800","1458429.0000","259.6900","262.3400","258.8800"
"2016/04/11","259.1000","3330481.0000","260.9500","262.4500","259.0800"
"2016/04/08","259.5700","920024.0000","259.8100","261.2900","258.8300"
"2016/04/07","257.9592","1010136.0000","259.7900","260.3300","256.5500"
"2016/04/06","261.3700","1857468.0000","258.7800","261.4500","258.1500"
"2016/04/05","258.7800","1115304.0000","259.7700","260.3600","258.5100"
"2016/04/04","261.4300","970232.0000","263.7400","263.9400","261.2100"
"2016/04/01","264.1900","1811573.0000","260.7500","264.1900","260.1700"
"2016/03/31","262.7200","1316547.0000","262.7700","263.6800","262.2400"
"2016/03/30","262.5900","2293303.0000","264.3500","264.3500","262.0000"
"2016/03/29","262.6500","2295031.0000","257.0900","262.6500","256.7000"
"2016/03/28","257.8800","1270851.0000","257.6100","258.3900","256.1700"
"2016/03/24","256.9100","1217741.0000","255.0800","257.0300","254.3300"
"2016/03/23","256.7000","1304344.0000","259.1700","259.1800","256.6200"
"2016/03/22","259.8100","1669506.0000","258.5200","260.7200","258.0200"
"2016/03/21","259.8300","1949575.0000","259.5900","260.5000","258.7900"
"2016/03/18","259.7000","1283243.0000","258.9700","260.9000","258.2200"
"2016/03/17","259.2600","1353715.0000","256.3600","259.9100","255.6200"
"2016/03/16","256.6500","2529639.0000","253.0100","256.9000","253.0100"
"2016/03/15","253.9200","911548.0000","254.2400","254.5100","253.0700"
"2016/03/14","255.6300","1259984.0000","255.9700","256.2400","254.5700"
"2016/03/11","256.5500","4188303.0000","253.8100","256.6900","253.7500"
"2016/03/10","251.6600","1670717.0000","253.2100","254.0100","249.3000"
"2016/03/09","252.4600","1288541.0000","252.6700","252.8900","250.9600"
"2016/03/08","251.3400","1667898.0000","254.8600","254.9000","251.3200"
"2016/03/07","256.2700","1820665.0000","253.8000","256.3800","253.6700"
"2016/03/04","255.0900","2235143.0000","253.5800","255.9500","252.7700"
"2016/03/03","253.3400","1641983.0000","250.3700","253.3400","250.0400"
"2016/03/02","250.6600","1800876.0000","247.9200","250.8000","247.4700"
"2016/03/01","248.5000","2445727.0000","244.9900","248.5000","243.9200"
"2016/02/29","242.9400","1192525.0000","244.2000","245.7000","242.9400"
"2016/02/26","244.1800","1100819.0000","244.4800","245.0200","243.3300"
"2016/02/25","243.0300","1299955.0000","241.1000","243.1100","240.1600"
"2016/02/24","240.2800","1263552.0000","236.5400","240.7800","235.3200"
"2016/02/23","238.8000","1176078.0000","239.9800","240.7900","238.5600"
"2016/02/22","240.9300","1663822.0000","239.9600","241.8300","239.8400"
"2016/02/19","237.9000","1471045.0000","236.7400","237.9000","235.2200"
"2016/02/18","237.7800","1419651.0000","238.6300","238.7900","236.8200"
"2016/02/17","238.3600","1552428.0000","236.3300","239.3000","236.0700"
"2016/02/16","234.6700","1141749.0000","232.5500","234.9700","231.0100"
"2016/02/12","229.7400","2855281.0000","227.6800","230.1100","226.6900"
"2016/02/11","225.5800","2128812.0000","225.1300","226.9900","223.6800"
"2016/02/10","228.7600","2248039.0000","229.5700","232.6100","228.6600"
"2016/02/09","228.2200","2540423.0000","226.2400","230.0800","225.9300"
"2016/02/08","228.8500","2102847.0000","230.5400","230.6500","225.5600"
"2016/02/05","232.8300","1788855.0000","237.0600","237.0700","232.5500"
"2016/02/04","237.8900","2842476.0000","235.4500","239.5900","235.4217"
"2016/02/03","236.1400","3107866.0000","236.2600","236.7200","230.7500"
"2016/02/02","234.5100","2552637.0000","237.5200","237.5200","233.8000"
"2016/02/01","239.6100","2137667.0000","238.0300","240.7700","237.1800"
"2016/01/29","239.9700","4275967.0000","233.4600","240.0000","233.3400"
"2016/01/28","232.3400","1898163.0000","234.2600","234.7600","230.9700"
"2016/01/27","232.2500","1913391.0000","233.6700","236.1500","231.0301"
"2016/01/26","234.6200","1408689.0000","230.4900","234.7100","230.4300"
"2016/01/25","229.4800","1708509.0000","233.1400","233.4900","229.1600"
"2016/01/22","234.3400","2315602.0000","231.9700","234.5500","231.8200"
"2016/01/21","228.6200","4483422.0000","229.0000","232.1700","227.1300"
"2016/01/20","228.2700","6147210.0000","226.5600","230.6900","220.8800"
"2016/01/19","229.7600","2827446.0000","233.2600","233.3100","227.9100"
"2016/01/15","231.0300","5335177.0000","228.7300","231.4700","226.6100"
"2016/01/14","234.4000","3186863.0000","232.6100","235.9500","229.8100"
"2016/01/13","231.6608","6687936.0000","238.9100","239.4700","230.8400"
"2016/01/12","238.0800","5405783.0000","239.1100","239.7700","234.7300"
"2016/01/11","237.1000","5180284.0000","238.8500","239.5300","234.9300"
"2016/01/08","237.8200","4343081.0000","242.0000","242.8300","237.6100"
"2016/01/07","241.0400","6412476.0000","243.3200","244.9700","240.8500"
"2016/01/06","247.3600","5394041.0000","247.6200","249.1800","246.0400"
"2016/01/05","250.9000","3856769.0000","251.2300","251.7900","249.6300"
"2016/01/04","250.8200","5094674.0000","249.9200","250.8200","248.2400"
"2015/12/31","254.0400","2690662.0000","255.8200","257.3200","254.0400"
"2015/12/30","256.7300","1549667.0000","258.6600","259.0800","256.7300"
"2015/12/29","258.9600","1045123.0000","258.3300","259.5000","257.3400"
"2015/12/28","256.9000","1594877.0000","256.1300","257.0100","254.3200"
"2015/12/24","257.2200","432037.0000","257.3000","258.2150","256.3490"
"2015/12/23","257.2600","1249090.0000","255.3700","257.2700","254.7700"
"2015/12/22","253.9000","1004998.0000","252.3600","254.4790","250.8600"
"2015/12/21","251.5300","1750627.0000","251.1700","252.2400","249.7572"
"2015/12/18","249.7500","1669537.0000","252.4300","252.4700","249.7200"
"2015/12/17","254.2500","1111026.0000","258.1500","258.1500","254.2000"
"2015/12/16","257.3500","1674452.0000","256.0700","258.0500","254.2900"
"2015/12/15","254.7100","1332839.0000","253.6000","255.3900","253.3500"
"2015/12/14","252.1100","2372585.0000","253.0600","254.5500","250.1000"
"2015/12/11","253.3700","1622255.0000","254.6500","255.9300","252.6400"
"2015/12/10","257.2300","2640997.0000","256.5100","258.9358","256.0800"
"2015/12/09","256.6700","2489513.0000","258.7600","261.6950","255.8600"
"2015/12/08","259.8000","1077312.0000","259.2600","260.6800","258.1000"
"2015/12/07","261.6100","1532930.0000","263.5400","263.6400","260.1800"
"2015/12/04","264.0700","1329038.0000","261.1800","264.4200","260.9000"
"2015/12/03","260.8900","2246588.0000","266.1900","266.4800","259.8600"
"2015/12/02","265.3900","2489499.0000","268.3000","268.7200","265.0500"
"2015/12/01","268.4900","1410893.0000","267.4200","268.5500","266.7500"
"2015/11/30","266.2200","1936117.0000","268.5100","268.8200","266.0000"
"2015/11/27","267.7000","1181332.0000","267.0800","268.1500","265.7800"
"2015/11/25","266.7400","1861704.0000","266.0500","267.1700","265.5200"
"2015/11/24","265.9300","3716323.0000","263.1600","266.5000","262.4400"
"2015/11/23","264.3100","1652302.0000","263.4600","265.5300","263.3800"
"2015/11/20","263.7500","2135117.0000","263.2200","264.5500","262.8700"
"2015/11/19","262.4700","2368387.0000","262.6900","263.0800","261.7100"
"2015/11/18","262.9100","2973810.0000","259.0300","262.9100","258.7000"
"2015/11/17","258.1800","1027644.0000","259.4700","260.9800","257.9300"
"2015/11/16","259.2500","1300466.0000","256.0300","259.2599","255.5400"
"2015/11/13","255.8200","2960808.0000","257.7200","258.3500","255.4400"
"2015/11/12","258.3200","2525198.0000","262.1400","262.2800","258.2100"
"2015/11/11","263.8700","787321.0000","265.8700","266.0100","263.7900"
"2015/11/10","265.4600","1989908.0000","263.3000","265.4600","262.9700"
"2015/11/09","264.1400","1253856.0000","265.8700","266.0600","262.1900"
"2015/11/06","266.3900","709611.0000","266.0500","266.7200","264.1600"
"2015/11/05","266.7000","2234413.0000","266.6800","267.0700","264.6500"
"2015/11/04","266.6400","3721876.0000","267.9500","267.9800","265.7900"
"2015/11/03","266.9300","1638654.0000","266.3200","268.2000","265.7100"
"2015/11/02","266.6700","1076559.0000","262.9800","267.0700","262.8000"
"2015/10/30","262.7100","1835945.0000","263.0100","264.3000","262.5400"
"2015/10/29","263.0700","1981206.0000","263.6200","264.2600","262.3600"
"2015/10/28","264.5900","3288244.0000","259.9400","264.5900","259.3000"
"2015/10/27","259.2600","1083941.0000","260.3600","260.9125","257.8300"
"2015/10/26","261.3300","1994393.0000","261.6400","262.0300","260.3600"
"2015/10/23","261.9800","2302342.0000","262.4300","262.4900","260.1200"
"2015/10/22","260.6700","2968515.0000","259.9900","261.6900","259.0800"
"2015/10/21","258.7900","1750735.0000","262.3700","262.5100","258.5400"
"2015/10/20","261.6900","1117162.0000","261.2000","262.9900","260.9600"
"2015/10/19","261.7000","1473449.0000","259.8000","262.1700","259.7100"
"2015/10/16","260.7900","850381.0000","261.6000","261.6200","259.3800"
"2015/10/15","260.8200","2143890.0000","258.6100","260.9300","256.7100"
"2015/10/14","257.8100","1784780.0000","259.8900","260.8200","257.5400"
"2015/10/13","259.6900","1845215.0000","261.0400","263.2300","259.5200"
"2015/10/12","262.2100","920430.0000","262.7000","262.7000","261.5300"
"2015/10/09","262.4100","1918471.0000","262.5100","262.8500","261.2100"
"2015/10/08","261.8900","1840175.0000","258.6900","262.5000","258.4100"
"2015/10/07","259.2100","1912621.0000","257.1900","259.3800","256.0000"
"2015/10/06","255.8500","1229754.0000","256.7600","257.6500","255.0500"
"2015/10/05","256.8700","1698441.0000","253.8500","257.2300","253.5500"
"2015/10/02","252.1100","1163075.0000","246.0700","252.1100","244.8800"
"2015/10/01","248.3500","2304331.0000","249.1500","249.8399","245.9300"
"2015/09/30","248.8900","2270539.0000","248.0700","249.3800","246.3100"
"2015/09/29","245.6200","1953974.0000","245.8900","247.6000","244.4800"
"2015/09/28","246.0300","1462015.0000","251.3200","251.7700","245.1600"
"2015/09/25","252.3000","2088777.0000","254.6800","254.9400","251.2600"
"2015/09/24","252.7000","2085768.0000","252.3100","253.3900","250.1300"
"2015/09/23","253.9000","1732079.0000","255.1100","255.7700","253.2200"
"2015/09/22","254.5400","1610264.0000","254.9600","256.1600","253.2100"
"2015/09/21","258.1900","1418756.0000","257.8900","260.8600","257.4500"
"2015/09/18","256.6400","1406897.0000","257.9700","259.6400","256.3300"
"2015/09/17","262.0200","1140983.0000","262.3700","265.4800","261.2100"
"2015/09/16","262.1800","2039761.0000","259.7300","262.4600","259.4000"
"2015/09/15","259.7100","1885302.0000","257.4100","260.0799","256.8200"
"2015/09/14","256.6900","1381062.0000","258.5100","258.6200","256.3600"
"2015/09/11","258.0000","1097691.0000","255.6400","258.0900","254.6900"
"2015/09/10","256.3900","2548687.0000","255.3300","258.9000","255.3300"
"2015/09/09","256.0000","910762.0000","260.6400","261.0200","255.5800"
"2015/09/08","258.7400","1511102.0000","256.1400","259.0000","255.6300"
"2015/09/04","252.5700","877343.0000","252.5500","254.5100","251.6800"
"2015/09/03","255.6500","1179565.0000","255.1500","258.1700","254.8500"
"2015/09/02","254.5200","2617426.0000","253.9500","254.5300","250.6700"
"2015/09/01","250.7000","2937344.0000","253.2200","255.3300","249.9500"
"2015/08/31","258.0000","1183928.0000","258.6900","260.3900","257.7100"
"2015/08/28","259.8800","1330810.0000","258.3700","260.5000","257.9300"
"2015/08/27","258.7700","2004403.0000","255.0000","259.3595","254.2400"
"2015/08/26","252.5200","4864181.0000","251.3500","253.2100","246.3200"
"2015/08/25","246.2100","4557128.0000","255.0000","255.4600","245.9801"
"2015/08/24","248.2900","6050590.0000","245.1100","256.6999","216.9100"
"2015/08/21","259.0200","6357513.0000","262.6500","263.9900","259.0100"
"2015/08/20","265.3600","4085606.0000","269.2200","269.6700","265.2700"
"2015/08/19","271.4100","3056507.0000","272.9000","273.5400","270.3100"
"2015/08/18","274.3800","887900.0000","275.7500","275.7600","274.0500"
"2015/08/17","275.8900","1378061.0000","272.5500","275.9600","271.6100"
"2015/08/14","273.2900","1180898.0000","271.4500","273.5900","270.9900"
"2015/08/13","271.5400","1060297.0000","271.7000","272.7400","270.5700"
"2015/08/12","271.5900","3526394.0000","270.4300","272.0300","267.3900"
"2015/08/11","272.2600","2117443.0000","272.6200","273.6399","271.2400"
"2015/08/10","274.9900","2187761.0000","272.4200","275.0000","272.2900"
"2015/08/07","270.8900","1640395.0000","270.6300","271.3000","269.6100"
"2015/08/06","271.2100","1391300.0000","274.1400","274.3300","269.6100"
"2015/08/05","273.8600","1148384.0000","273.6400","275.7000","272.9600"
"2015/08/04","272.4100","1103812.0000","272.7600","274.1300","271.7100"
"2015/08/03","272.6600","1504251.0000","273.9500","273.9500","271.1500"
"2015/07/31","273.4900","1659903.0000","273.4700","274.8100","272.8700"
"2015/07/30","273.0500","1076378.0000","272.0600","273.2300","270.9700"
"2015/07/29","272.4500","1740975.0000","269.4500","272.8500","268.9900"
"2015/07/28","269.3500","2025605.0000","267.6700","269.5400","265.7600"
"2015/07/27","266.5400","1658828.0000","267.3200","267.8500","266.0800"
"2015/07/24","268.5200","2469589.0000","270.8900","271.4700","268.0900"
"2015/07/23","271.0300","1538273.0000","273.2800","273.8900","270.7300"
"2015/07/22","272.9600","1034346.0000","271.4300","273.1399","271.2300"
"2015/07/21","272.1000","1495249.0000","273.9800","274.8500","271.9200"
"2015/07/20","274.1400","2127580.0000","274.1200","274.7600","273.5000"
"2015/07/17","274.2000","1536653.0000","276.0200","276.3000","273.6800"
"2015/07/16","276.3100","1294333.0000","276.9000","277.0600","275.7300"
"2015/07/15","275.3700","1087189.0000","277.0700","277.1500","274.9164"
"2015/07/14","276.8100","1440542.0000","275.5800","277.3900","275.4560"
"2015/07/13","275.7500","1323910.0000","275.2000","276.1100","274.8300"
"2015/07/10","273.2400","1467259.0000","273.1600","273.9700","272.3200"
"2015/07/09","270.4600","2031829.0000","273.2500","273.5200","270.3600"
"2015/07/08","270.3700","3399894.0000","271.5600","273.0500","269.2100"
"2015/07/07","274.2000","3620280.0000","273.2200","274.3200","269.2900"
"2015/07/06","272.8700","2714768.0000","271.3200","274.3700","271.2100"
"2015/07/02","273.7800","1913757.0000","274.9000","275.2740","272.9000"
"2015/07/01","274.2700","4315692.0000","275.6700","275.6700","273.1700"
"2015/06/30","273.2000","2322981.0000","274.6100","274.7900","272.4700"
"2015/06/29","272.6300","2205837.0000","276.0800","277.8150","272.5400"
"2015/06/26","278.3900","1708900.0000","278.7500","279.0400","277.5200"
"2015/06/25","277.9600","1096555.0000","279.5700","279.8100","277.5250"
"2015/06/24","278.8700","1689949.0000","281.3400","281.5900","278.6800"
"2015/06/23","281.5300","958598.0000","281.4400","281.9300","280.9700"
"2015/06/22","281.3600","1026278.0000","281.4700","281.7100","280.5300"
"2015/06/19","279.8500","1223193.0000","280.4500","281.1200","279.8200"
"2015/06/18","281.6600","1605421.0000","280.1700","282.4100","279.8100"
"2015/06/17","279.2200","927135.0000","280.1300","280.6199","278.3100"
"2015/06/16","279.3900","1122605.0000","277.0800","279.7600","276.9500"
"2015/06/15","277.5500","1483515.0000","277.3700","278.0100","275.3800"
"2015/06/12","279.1700","967874.0000","279.3700","279.9300","278.5500"
"2015/06/11","280.4400","1720593.0000","279.3200","280.6200","279.0900"
"2015/06/10","278.7700","2761360.0000","277.2000","279.7600","276.8200"
"2015/06/09","275.6100","968497.0000","276.5300","276.8090","274.5800"
"2015/06/08","276.4300","934881.0000","277.8500","278.5000","276.2200"
"2015/06/05","278.1500","945423.0000","276.9700","278.4000","275.2000"
"2015/06/04","277.3500","1859442.0000","278.7200","279.1700","276.9500"
"2015/06/03","279.9100","3267231.0000","279.2400","280.9700","278.2800"
"2015/06/02","278.4600","1164426.0000","277.4300","279.3000","276.7500"
"2015/06/01","278.2600","1306529.0000","278.7600","279.3500","276.4100"
"2015/05/29","277.6900","2568595.0000","279.3800","279.5500","276.9000"
"2015/05/28","279.6200","1098872.0000","279.6000","280.1500","278.4100"
"2015/05/27","280.1500","1965161.0000","278.3000","280.3300","277.6300"
"2015/05/26","277.6300","2090244.0000","279.9200","280.0200","277.0400"
"2015/05/22","280.7900","907487.0000","280.3200","281.3200","280.2100"
"2015/05/21","281.0200","583003.0000","280.4300","281.5100","279.8400"
"2015/05/20","280.7200","1089391.0000","280.9400","281.6100","279.9300"
"2015/05/19","280.6600","999433.0000","281.4100","281.5500","280.0300"
"2015/05/18","280.9800","1317193.0000","278.5600","281.3000","278.0700"
"2015/05/15","278.7600","1341176.0000","278.8500","279.1700","277.7300"
"2015/05/14","278.9700","1968990.0000","277.6800","279.0400","276.6800"
"2015/05/13","276.0100","950333.0000","276.6500","277.2400","275.3500"
"2015/05/12","275.6900","989051.0000","275.1000","276.4300","272.8700"
"2015/05/11","276.3300","1261552.0000","276.1000","277.3800","275.2200"
"2015/05/08","276.3200","1297980.0000","276.1900","277.4897","276.1700"
"2015/05/07","273.9700","996495.0000","273.0800","274.7800","272.0700"
"2015/05/06","272.9500","1615766.0000","273.8000","274.3000","271.4576"
"2015/05/05","272.8200","4714096.0000","276.2700","277.0100","272.4500"
"2015/05/04","276.4500","1608249.0000","275.9800","277.4600","275.4900"
"2015/05/01","275.2700","2746562.0000","273.6800","275.8699","273.6800"
"2015/04/30","273.1500","2615866.0000","275.5400","275.8500","272.1700"
"2015/04/29","276.2200","966919.0000","276.3400","277.2100","275.2700"
"2015/04/28","277.9400","1677516.0000","276.6100","278.0500","274.8500"
"2015/04/27","276.8200","1968911.0000","279.8000","280.1200","276.4500"
"2015/04/24","279.1100","1363596.0000","280.6900","280.6900","278.8000"
"2015/04/23","280.2700","1793649.0000","278.8200","280.9000","278.5200"
"2015/04/22","278.9000","1354710.0000","278.1800","278.9800","276.6000"
"2015/04/21","278.0900","1015585.0000","279.0700","279.4700","277.7500"
"2015/04/20","278.1700","1423729.0000","277.4500","278.6100","277.1600"
"2015/04/17","275.7600","1915213.0000","276.8100","277.4100","274.7300"
"2015/04/16","279.0300","1126892.0000","279.2100","279.9000","278.1500"
"2015/04/15","279.7700","1285321.0000","279.3800","280.8500","279.1600"
"2015/04/14","278.5500","1129344.0000","278.2400","279.0000","276.4600"
"2015/04/13","278.2700","903356.0000","279.1600","279.8900","278.2300"
"2015/04/10","279.2300","2222871.0000","279.1800","279.7400","278.6201"
"2015/04/09","278.6100","1647346.0000","278.5200","279.4900","276.7600"
"2015/04/08","278.6800","1341599.0000","277.3300","279.0100","276.7000"
"2015/04/07","277.2200","2040997.0000","279.2300","279.6800","277.1900"
"2015/04/06","279.5200","3468492.0000","275.9100","279.7600","275.7600"
"2015/04/02","277.1900","1311746.0000","276.1800","278.4199","275.9900"
"2015/04/01","276.2000","1947436.0000","277.2600","277.2600","274.3900"
"2015/03/31","277.2400","1081940.0000","277.0000","278.0200","276.2700"
"2015/03/30","278.2000","1369687.0000","275.8700","278.6000","275.8200"
"2015/03/27","274.2900","986977.0000","272.9900","274.4300","272.4700"
"2015/03/26","273.0400","1639118.0000","272.3200","274.0400","271.5700"
"2015/03/25","273.5700","2100526.0000","278.6700","278.9900","273.5700"
"2015/03/24","278.3100","901930.0000","279.3500","279.4500","278.1800"
"2015/03/23","279.5100","863109.0000","280.0500","280.3900","279.4600"
"2015/03/20","279.6700","2903739.0000","277.7100","280.2000","277.3400"
"2015/03/19","277.3100","1216688.0000","277.6600","277.9500","276.5000"
"2015/03/18","278.0800","1678676.0000","274.8500","279.3200","274.1200"
"2015/03/17","275.3400","2065877.0000","273.9600","275.5100","273.6200"
"2015/03/16","274.8300","1425900.0000","272.7600","274.9500","272.5600"
"2015/03/13","271.5900","1455019.0000","272.7500","272.7800","269.7200"
"2015/03/12","273.2200","1568713.0000","271.5100","273.6100","271.4100"
"2015/03/11","270.2400","1321638.0000","268.9600","270.2875","267.8700"
"2015/03/10","268.2700","1596715.0000","269.3000","269.7500","268.1700"
"2015/03/09","271.6900","1750836.0000","271.2400","272.1700","271.1300"
"2015/03/06","270.7200","1125011.0000","272.7100","273.4600","270.1900"
"2015/03/05","274.1500","777310.0000","274.1300","274.4100","273.1200"
"2015/03/04","273.7400","1145454.0000","273.9000","274.1400","272.4400"
"2015/03/03","274.7800","1405794.0000","275.5200","276.0000","273.7600"
"2015/03/02","276.3000","1996847.0000","274.4100","276.3800","274.2500"
"2015/02/27","274.2000","1749333.0000","274.9900","275.5800","274.1400"
"2015/02/26","275.2900","1072218.0000","275.9400","276.0600","274.4712"
"2015/02/25","276.0300","1687445.0000","275.9300","276.7100","275.3400"
"2015/02/24","276.3400","1616638.0000","275.7800","276.4500","275.0200"
"2015/02/23","275.9900","1479789.0000","275.3900","275.9900","274.3100"
"2015/02/20","275.9700","3150298.0000","273.6600","276.0800","272.2173"
"2015/02/19","274.0100","1922713.0000","273.6200","274.7100","273.0700"
"2015/02/18","274.3000","1491805.0000","272.8100","274.3900","272.5000"
"2015/02/17","273.4500","1788801.0000","273.3700","274.0400","272.2300"
"2015/02/13","273.5000","2024638.0000","272.0300","273.5200","271.7100"
"2015/02/12","271.7400","3121097.0000","270.6100","272.1300","269.9400"
"2015/02/11","269.2100","1490062.0000","269.0400","269.9800","267.8000"
"2015/02/10","269.3700","1514638.0000","268.7100","269.5600","266.4300"
"2015/02/09","267.1300","1057432.0000","267.6000","268.9100","266.7900"
"2015/02/06","268.5600","1582988.0000","269.9900","270.3340","267.6200"
"2015/02/05","269.5700","1656515.0000","267.8400","269.7000","267.2600"
"2015/02/04","266.7900","1850028.0000","266.8100","268.2100","266.2700"
"2015/02/03","267.8900","2150124.0000","264.5600","268.0300","264.1100"
"2015/02/02","263.0600","2797964.0000","261.9000","263.3400","258.0200"
"2015/01/30","261.0700","2910450.0000","262.8600","263.8600","260.7200"
"2015/01/29","264.6000","1748841.0000","262.7200","264.8500","260.8300"
"2015/01/28","262.6400","2276705.0000","267.3800","267.8800","262.0200"
"2015/01/27","265.8800","1441882.0000","264.5400","267.0000","263.7401"
"2015/01/26","267.6900","1687333.0000","264.4600","267.6900","263.4800"
"2015/01/23","264.5600","1377501.0000","265.7700","266.2200","264.4300"
"2015/01/22","265.9200","1790968.0000","262.7700","265.9200","260.2300"
"2015/01/21","261.0500","1804654.0000","258.6300","261.5600","258.1500"
"2015/01/20","259.4900","1181783.0000","260.5900","261.3700","257.3300"
"2015/01/16","259.9800","1643431.0000","255.6100","260.3500","255.5500"
"2015/01/15","256.4100","999452.0000","260.3100","260.6900","256.1900"
"2015/01/14","259.2900","2195160.0000","257.0400","259.5900","256.3300"
"2015/01/13","260.3600","2493208.0000","262.1700","265.0400","257.7500"
"2015/01/12","260.4800","1127232.0000","262.2700","262.8000","259.1300"
"2015/01/09","261.8800","1405376.0000","264.5500","264.6200","261.1200"
"2015/01/08","264.1100","3690469.0000","261.9100","264.4200","261.8900"
"2015/01/07","260.0800","1278352.0000","258.7200","260.2100","257.7000"
"2015/01/06","256.6100","2167816.0000","259.9600","260.3100","255.3200"
"2015/01/05","259.6500","1108489.0000","261.9000","262.9000","258.9800"
"2015/01/02","263.5500","1532724.0000","265.2800","265.8300","261.6700"
"2014/12/31","263.9700","2431327.0000","267.6800","268.0600","263.8600"
"2014/12/30","266.7300","1086016.0000","267.3900","268.0000","266.6400"
"2014/12/29","267.8100","2616923.0000","266.5300","268.6699","266.4900"
"2014/12/26","266.5700","2772477.0000","266.5100","267.5300","266.2000"
"2014/12/24","265.9000","536962.0000","265.8800","266.4500","264.8700"
"2014/12/23","265.3100","2193832.0000","265.2700","266.1000","264.7800"
"2014/12/22","264.3800","2701141.0000","263.4200","264.4400","263.1900"
"2014/12/19","263.3000","1852591.0000","263.2200","263.8500","261.5500"
"2014/12/18","263.6400","1892009.0000","262.6300","263.6400","260.7400"
"2014/12/17","259.1600","2647431.0000","254.2800","259.3700","253.4000"
"2014/12/16","253.3500","3010823.0000","252.7500","256.9100","251.9300"
"2014/12/15","253.8900","3483739.0000","257.1300","257.5300","252.9300"
"2014/12/12","255.7100","2336733.0000","257.0500","258.4400","255.6700"
"2014/12/11","259.2900","1919110.0000","259.4800","261.7100","258.7800"
"2014/12/10","257.8300","1906113.0000","261.9900","262.2300","257.6100"
"2014/12/09","262.9200","1882005.0000","258.7300","263.0100","258.4400"
"2014/12/08","261.4600","2203762.0000","262.7600","264.5800","260.3200"
"2014/12/05","263.3300","1384012.0000","263.2300","263.8800","262.5500"
"2014/12/04","262.9300","3291386.0000","262.7700","263.4800","261.7600"
"2014/12/03","263.3400","1143852.0000","261.1100","263.7200","260.8600"
"2014/12/02","261.1300","1095749.0000","259.6700","261.7600","259.6600"
"2014/12/01","259.5400","1726312.0000","262.1500","262.5600","259.5000"
"2014/11/28","262.8600","1065655.0000","264.9000","264.9000","262.5800"
"2014/11/26","264.9800","1320333.0000","264.9700","265.4200","264.4700"
"2014/11/25","265.0100","1244459.0000","265.3700","265.9400","263.9200"
"2014/11/24","264.9400","1224860.0000","263.7300","264.9400","263.4200"
"2014/11/21","263.1700","1849943.0000","265.1100","265.3100","262.4800"
"2014/11/20","261.9200","1033095.0000","259.5800","262.0000","259.5300"
"2014/11/19","260.6500","1743087.0000","261.2600","261.3000","259.1100"
"2014/11/18","261.5300","1664189.0000","260.5400","262.5600","260.4700"
"2014/11/17","260.1300","1697025.0000","260.0400","260.8600","259.6500"
"2014/11/14","260.5500","2469630.0000","260.6500","261.6842","260.1200"
"2014/11/13","260.6900","1206603.0000","261.9600","262.5400","259.9200"
"2014/11/12","261.8600","2331476.0000","260.1700","262.0800","260.0500"
"2014/11/11","261.3400","2619476.0000","261.1500","261.6300","260.6500"
"2014/11/10","261.2600","2125982.0000","260.6600","261.7600","260.5100"
"2014/11/07","260.5000","1715541.0000","259.8600","260.8400","259.2100"
"2014/11/06","260.3500","1816705.0000","258.5400","260.3600","258.2400"
"2014/11/05","258.5400","1084099.0000","259.3800","259.5000","257.3200"
"2014/11/04","257.5200","3036131.0000","257.7600","258.5400","256.4900"
"2014/11/03","258.6200","4124346.0000","258.7100","259.9100","257.8100"
"2014/10/31","258.1200","4720071.0000","258.4600","258.5300","256.1700"
"2014/10/30","255.1900","2338954.0000","253.6500","255.7200","247.3700"
"2014/10/29","254.4600","2474712.0000","255.2300","255.9800","252.4600"
"2014/10/28","254.7500","3411942.0000","251.6400","254.8800","251.0100"
"2014/10/27","250.4800","1915165.0000","249.5400","250.5900","248.2400"
"2014/10/24","250.7600","1568362.0000","249.8800","250.7700","248.6300"
"2014/10/23","249.8000","2193512.0000","248.6800","251.2400","248.0301"
"2014/10/22","246.1600","1503951.0000","249.2300","249.9000","246.0100"
"2014/10/21","248.7600","2303257.0000","244.8000","248.7900","244.2100"
"2014/10/20","243.0700","1409055.0000","239.9100","243.1100","239.7700"
"2014/10/17","240.6100","1908633.0000","241.6400","242.0800","239.3500"
"2014/10/16","238.8600","4222866.0000","231.7300","239.3000","231.3600"
"2014/10/15","236.3300","8191651.0000","233.2900","237.9700","230.8100"
"2014/10/14","236.5600","4082229.0000","235.9800","239.1800","235.2500"
"2014/10/13","234.3800","4336561.0000","237.5300","238.6300","234.2100"
"2014/10/10","237.2800","2892300.0000","241.3100","242.2800","237.2600"
"2014/10/09","241.5300","4020696.0000","246.5600","246.7300","241.4700"
"2014/10/08","247.4000","2695805.0000","243.9400","247.4200","241.8500"
"2014/10/07","243.8500","2368449.0000","246.3100","247.0100","243.7900"
"2014/10/06","247.4700","1935788.0000","249.2700","249.4600","246.8900"
"2014/10/03","248.1600","2212979.0000","248.3600","249.0100","246.9300"
"2014/10/02","246.5200","3151972.0000","245.5900","247.3700","243.0600"
"2014/10/01","245.9700","4009495.0000","248.7600","249.1400","245.3200"
"2014/09/30","249.3200","2077397.0000","251.6900","251.8800","249.2900"
"2014/09/29","251.5500","1508526.0000","249.4900","251.9500","249.2100"
"2014/09/26","252.1600","1007357.0000","250.8800","252.3800","250.0500"
"2014/09/25","250.2000","3674954.0000","252.7400","253.0000","249.3701"
"2014/09/24","253.7600","1830905.0000","252.4500","254.0200","251.4800"
"2014/09/23","252.4700","3433011.0000","253.3500","254.8600","252.4100"
"2014/09/22","254.5100","3097254.0000","257.4400","257.4800","254.2000"
"2014/09/19","258.0100","2601204.0000","260.7600","260.7600","257.3700"
"2014/09/18","260.1600","820932.0000","260.3800","260.7190","259.5700"
"2014/09/17","259.2600","2961643.0000","259.6800","260.7600","258.4300"
"2014/09/16","259.5000","3127817.0000","257.4100","260.2000","257.2100"
"2014/09/15","258.0600","1306388.0000","259.1200","259.3500","257.3800"
"2014/09/12","259.0900","2296076.0000","261.5200","261.5400","258.4600"
"2014/09/11","261.5900","1181471.0000","259.2100","261.7100","259.0800"
"2014/09/10","260.3500","1308073.0000","260.2500","260.7800","258.7700"
"2014/09/09","259.9800","1451668.0000","261.9400","262.1600","259.7100"
"2014/09/08","262.0800","2009579.0000","262.0100","262.8000","260.8550"
"2014/09/05","262.3400","1474521.0000","261.1600","262.3400","260.1900"
"2014/09/04","261.3700","2462696.0000","262.4600","263.4300","260.6400"
"2014/09/03","262.1100","1593526.0000","263.7800","263.9600","261.7200"
"2014/09/02","262.5000","3662882.0000","262.3300","263.6900","261.6600"
"2014/08/29","261.7400","1187318.0000","261.2600","262.0600","260.1800"
"2014/08/28","260.5800","1019565.0000","260.0100","260.9290","259.1800"
"2014/08/27","260.9000","620469.0000","261.5000","261.7900","260.5200"
"2014/08/26","261.2600","646068.0000","260.7200","261.7500","260.5300"
"2014/08/25","260.3900","824896.0000","260.8200","261.1900","259.7200"
"2014/08/22","259.4800","728656.0000","259.5600","260.2500","258.6200"
"2014/08/21","259.7100","2315380.0000","259.3900","260.0350","258.2800"
"2014/08/20","259.2800","2004071.0000","258.1600","259.5500","257.7300"
"2014/08/19","258.6500","1105091.0000","257.5500","258.7000","257.5500"
"2014/08/18","257.1100","1421959.0000","255.9100","257.1700","255.2100"
"2014/08/15","254.0700","1360592.0000","255.5400","255.6100","252.1600"
"2014/08/14","254.6600","1209850.0000","253.5100","254.6600","253.2500"
"2014/08/13","253.3000","1096595.0000","252.0400","253.6500","251.5250"
"2014/08/12","251.1600","2514253.0000","251.4700","252.9300","250.0500"
"2014/08/11","252.0500","1534834.0000","252.1000","253.5300","251.6300"
"2014/08/08","250.9400","1642283.0000","248.7500","251.0900","248.0800"
"2014/08/07","248.3300","1967821.0000","250.2500","250.7900","247.7100"
"2014/08/06","249.2700","1479995.0000","247.7700","250.4299","247.6500"
"2014/08/05","248.9600","2095899.0000","248.9200","250.8300","247.7400"
"2014/08/04","250.1500","2633687.0000","249.5000","250.4100","247.1300"
"2014/08/01","248.8600","7384835.0000","248.7800","249.8400","246.5900"
"2014/07/31","249.1300","4378239.0000","252.4400","253.0900","249.1200"
"2014/07/30","254.4000","1561637.0000","254.7800","255.6400","253.4500"
"2014/07/29","253.9400","1298860.0000","255.4900","256.5100","253.8700"
"2014/07/28","255.0900","1475296.0000","255.7700","255.9300","253.5300"
"2014/07/25","255.5400","1400775.0000","255.9500","256.8600","255.2400"
"2014/07/24","257.2200","1789495.0000","257.2300","258.2200","256.9000"
"2014/07/23","256.9700","1321201.0000","257.5800","257.6200","256.1100"
"2014/07/22","257.1300","1081265.0000","257.2000","258.1400","256.9500"
"2014/07/21","256.0600","1506020.0000","255.6400","256.4900","254.7900"
"2014/07/18","256.9100","2349550.0000","254.3100","257.0300","254.1400"
"2014/07/17","253.8200","2795130.0000","255.4500","257.0000","253.3400"
"2014/07/16","256.5300","6144561.0000","258.1100","258.3400","255.4501"
"2014/07/15","256.8700","1615977.0000","257.4000","258.6000","255.4000"
"2014/07/14","257.7600","2218931.0000","258.3200","258.5600","257.2700"
"2014/07/11","256.6800","993270.0000","256.8800","257.3200","255.8000"
"2014/07/10","256.9500","1401937.0000","254.7800","258.2600","254.5500"
"2014/07/09","258.7800","1386234.0000","258.7400","259.1000","257.8400"
"2014/07/08","258.1300","1326203.0000","259.7500","260.2800","257.0100"
"2014/07/07","260.1400","1116064.0000","262.1400","262.2300","259.8200"
"2014/07/03","262.1400","621514.0000","261.9500","262.5900","261.6400"
"2014/07/02","261.3400","2118943.0000","262.3500","262.9700","260.8500"
"2014/07/01","262.6000","6456587.0000","261.4800","264.0000","261.2175"
"2014/06/30","260.5600","2250359.0000","259.2700","260.6600","258.5400"
"2014/06/27","259.4500","1185658.0000","257.2500","259.4500","257.2300"
"2014/06/26","258.0000","1246958.0000","258.4100","258.6100","256.1000"
"2014/06/25","258.5500","2334473.0000","256.3200","258.5600","256.1600"
"2014/06/24","256.8200","1873030.0000","258.4700","260.2800","256.7401"
"2014/06/23","258.8900","1461729.0000","259.2100","259.8500","258.3800"
"2014/06/20","259.1700","2108566.0000","258.6600","259.2700","258.1500"
"2014/06/19","259.1100","1595428.0000","259.4800","259.5700","258.1800"
"2014/06/18","259.0200","3750575.0000","257.5700","259.1400","256.9700"
"2014/06/17","257.7300","11137240.0000","255.3800","259.0200","255.0100"
"2014/06/16","255.6100","1326584.0000","255.3700","256.3900","254.5100"
"2014/06/13","255.5500","1181208.0000","255.2200","256.1500","254.0900"
"2014/06/12","254.8900","1767663.0000","255.7900","256.0700","254.2900"
"2014/06/11","256.2000","1311294.0000","256.0100","256.4700","255.2000"
"2014/06/10","257.0400","760170.0000","257.2600","257.5100","256.2500"
"2014/06/09","257.7700","1637934.0000","256.9000","258.7300","256.5600"
"2014/06/06","256.9300","1081035.0000","256.0000","257.5200","255.7901"
"2014/06/05","255.4900","1380591.0000","253.4200","255.6800","252.1000"
"2014/06/04","252.9400","838383.0000","251.3200","252.9800","250.8700"
"2014/06/03","251.7800","1190104.0000","251.1000","252.2100","250.6560"
"2014/06/02","251.7000","1205979.0000","251.3100","251.9000","249.4800"
"2014/05/30","250.8800","1797210.0000","251.4500","251.8100","250.3300"
"2014/05/29","251.5300","2101355.0000","251.0400","251.5700","249.8700"
"2014/05/28","250.1100","1108890.0000","250.9800","251.0100","249.2900"
"2014/05/27","251.0500","1333412.0000","250.3900","251.6000","250.2100"
"2014/05/23","249.3900","1273341.0000","247.7000","249.5000","247.4200"
"2014/05/22","247.7300","652911.0000","246.5000","248.6000","246.0900"
"2014/05/21","246.2200","1302291.0000","245.7900","246.9200","244.6800"
"2014/05/20","244.8700","1675170.0000","246.9700","247.1100","243.8900"
"2014/05/19","247.4700","813462.0000","245.8100","248.3900","245.5300"
"2014/05/16","246.2400","1125560.0000","245.4100","246.2500","243.7010"
"2014/05/15","244.9300","2696382.0000","245.8700","246.1000","242.2200"
"2014/05/14","247.0100","1143029.0000","248.3800","248.9500","246.6500"
"2014/05/13","249.0000","929041.0000","250.3500","250.9700","248.8700"
"2014/05/12","250.2300","1837696.0000","247.5000","250.4800","247.4000"
"2014/05/09","246.5300","1464418.0000","245.3500","246.5300","244.1500"
"2014/05/08","245.8000","1130843.0000","246.6000","249.3600","245.2300"
"2014/05/07","247.0500","1072628.0000","246.5000","247.1300","243.5200"
"2014/05/06","245.8700","1172952.0000","247.1400","247.8200","245.5600"
"2014/05/05","247.7000","791586.0000","246.1500","248.3600","244.8600"
"2014/05/02","247.5300","1552158.0000","247.1500","249.5700","246.5400"
"2014/05/01","247.0800","1204773.0000","246.3800","248.5000","245.6100"
"2014/04/30","246.8400","1347844.0000","244.8400","246.8400","243.8700"
"2014/04/29","245.1800","1030716.0000","245.1300","246.0800","244.4700"
"2014/04/28","244.3300","2003385.0000","246.0700","246.8100","241.4200"
"2014/04/25","245.1600","1427553.0000","247.0700","247.3900","244.6900"
"2014/04/24","248.1100","1317562.0000","248.9200","248.9600","245.9500"
"2014/04/23","247.9000","839527.0000","248.2600","249.0000","247.5800"
"2014/04/22","248.2200","1341232.0000","246.7500","248.9200","246.6800"
"2014/04/21","246.4400","1303865.0000","245.7400","246.7200","244.9400"
"2014/04/17","245.7400","1097552.0000","244.7800","246.3700","244.5000"
"2014/04/16","245.2500","1510863.0000","244.4000","245.3400","243.1400"
"2014/04/15","242.4400","2401679.0000","241.5000","243.0600","238.3400"
"2014/04/14","240.8400","1326075.0000","241.5300","242.3700","239.1400"
"2014/04/11","239.7700","2981680.0000","241.4700","242.9900","239.2600"
"2014/04/10","242.7400","3007775.0000","247.8500","248.2300","242.1800"
"2014/04/09","248.1500","2204344.0000","246.5400","248.3300","245.5600"
"2014/04/08","245.7600","2056493.0000","244.1900","246.3000","243.0000"
"2014/04/07","244.3300","2459850.0000","247.9500","248.4900","243.4600"
"2014/04/04","248.5700","3254280.0000","254.0800","254.4800","247.9400"
"2014/04/03","252.4300","1223299.0000","253.8900","254.2000","251.6500"
"2014/04/02","253.6300","1995569.0000","253.2000","253.8300","252.5000"
"2014/04/01","252.8600","2001896.0000","251.2500","252.8600","250.9300"
"2014/03/31","250.5700","1766190.0000","248.7300","250.9300","247.5900"
"2014/03/28","246.8700","1369378.0000","246.3900","248.7600","245.8400"
"2014/03/27","245.6000","1352247.0000","246.3100","246.9500","244.6800"
"2014/03/26","246.2200","1571028.0000","250.5400","251.0700","246.1300"
"2014/03/25","249.4600","1203024.0000","250.0200","251.1800","248.0701"
"2014/03/24","248.7900","1907393.0000","251.6400","252.4700","247.3800"
"2014/03/21","250.7000","2595359.0000","252.2300","253.3700","250.5500"
"2014/03/20","251.7100","1457443.0000","250.3800","252.0400","249.6600"
"2014/03/19","250.9800","1734757.0000","252.5700","253.0800","249.8399"
"2014/03/18","252.6500","1509836.0000","250.4400","253.0600","250.4400"
"2014/03/17","250.4200","953408.0000","249.8800","251.6400","249.6100"
"2014/03/14","248.6700","1306057.0000","247.4200","249.5600","247.1701"
"2014/03/13","247.7900","1746041.0000","251.2700","251.5100","246.9600"
"2014/03/12","250.5000","1106996.0000","248.7500","250.5000","248.1400"
"2014/03/11","250.2200","1100286.0000","252.1000","252.8300","249.3700"
"2014/03/10","251.6200","1480009.0000","253.1000","253.1000","250.6900"
"2014/03/07","253.0000","1036638.0000","254.0500","254.1100","251.8000"
"2014/03/06","252.5100","1588039.0000","253.0800","253.3590","252.0800"
"2014/03/05","252.3900","1444444.0000","252.9000","253.1700","251.9000"
"2014/03/04","252.9900","2959045.0000","251.5200","253.4300","251.2400"
"2014/03/03","248.9200","3443109.0000","248.4200","249.8200","247.0100"
"2014/02/28","250.3900","2819713.0000","249.6800","251.8500","249.1901"
"2014/02/27","250.0800","1645510.0000","248.5900","250.0800","248.1100"
"2014/02/26","248.9100","1777510.0000","248.2300","250.1500","247.6900"
"2014/02/25","247.9000","1583610.0000","248.0400","248.9200","246.9300"
"2014/02/24","247.8800","2066051.0000","247.3200","249.7836","247.2900"
"2014/02/21","246.9800","1684632.0000","247.1200","247.8100","246.3000"
"2014/02/20","246.3800","1442929.0000","245.3400","246.9600","244.4600"
"2014/02/19","244.9200","2690775.0000","246.1700","247.5100","244.7100"
"2014/02/18","246.5200","2355989.0000","245.6700","246.8600","244.8000"
"2014/02/14","245.2000","2023074.0000","244.0700","245.2550","243.4500"
"2014/02/13","243.9900","1936832.0000","240.5800","244.5299","240.5800"
"2014/02/12","242.3500","1856240.0000","241.6100","243.0900","241.4500"
"2014/02/11","240.8800","2073794.0000","238.9900","241.5300","238.7000"
"2014/02/10","238.6100","1338988.0000","237.7700","238.7300","236.8900"
"2014/02/07","237.9800","1334068.0000","236.7200","238.1700","236.1200"
"2014/02/06","235.8200","2118956.0000","233.3900","235.8200","233.3900"
"2014/02/05","232.2600","5160871.0000","231.7600","233.0700","229.8600"
"2014/02/04","233.2900","10705900.0000","231.2900","233.3200","230.0900"
"2014/02/03","230.3000","25643230.0000","238.3200","238.8100","229.9700"
"2014/01/31","238.7800","2605153.0000","236.5100","240.4900","236.2600"
"2014/01/30","239.7600","2154242.0000","238.3200","240.4400","238.1500"
"2014/01/29","236.4400","2878067.0000","236.7700","238.8800","236.2400"
"2014/01/28","239.0700","2864423.0000","237.2000","239.3500","236.8100"
"2014/01/27","236.6500","2550162.0000","239.1900","239.7000","235.4700"
"2014/01/24","238.9000","4273505.0000","243.6100","243.8800","238.9000"
"2014/01/23","245.2900","1202378.0000","245.8200","246.1300","244.0700"
"2014/01/22","247.2400","1246404.0000","246.2500","247.3900","245.9400"
"2014/01/21","246.0400","1028324.0000","246.6000","246.9700","244.6800"
"2014/01/17","245.1400","1646293.0000","245.6300","246.0800","244.8710"
"2014/01/16","245.8700","1028447.0000","245.5900","246.2300","245.3000"
"2014/01/15","246.2000","1594689.0000","245.1400","246.4100","244.9900"
"2014/01/14","244.7900","1756939.0000","242.8600","245.0100","242.1300"
"2014/01/13","241.9600","2654202.0000","244.8500","245.2400","241.1900"
"2014/01/10","245.4400","2134143.0000","244.0000","245.4400","243.5800"
"2014/01/09","243.6400","1118853.0000","244.1100","244.5499","242.2600"
"2014/01/08","243.4000","1158449.0000","242.9400","243.8000","241.7800"
"2014/01/07","242.9300","1643433.0000","241.8200","243.6000","241.6200"
"2014/01/06","240.9300","1328809.0000","243.3800","243.6000","240.8500"
"2014/01/03","242.4600","1284423.0000","242.0700","243.0300","241.6900"
"2014/01/02","241.4000","2963319.0000","243.3100","243.5100","240.6800"
"2013/12/31","244.2000","1806011.0000","243.7600","244.4600","243.5900"
"2013/12/30","243.2500","2044528.0000","242.8000","243.6599","242.6300"
"2013/12/27","242.9800","885220.0000","243.1800","243.6600","242.5800"
"2013/12/26","242.7800","2114302.0000","243.5300","243.9600","242.4900"
"2013/12/24","242.7000","1163663.0000","241.7900","242.7400","241.7900"
"2013/12/23","241.5700","1797439.0000","240.7200","241.7100","240.5600"
"2013/12/20","239.6700","3582926.0000","237.3400","239.8800","237.0400"
"2013/12/19","237.7100","2015368.0000","239.3100","239.3100","237.4800"
"2013/12/18","239.6800","4149909.0000","237.2600","239.7300","235.0000"
"2013/12/17","236.7300","1198858.0000","236.9200","237.2000","235.4400"
"2013/12/16","236.8400","1011359.0000","236.1000","237.2400","236.0300"
"2013/12/13","235.1700","2564238.0000","234.8100","235.8700","233.9400"
"2013/12/12","234.4500","2121150.0000","234.1300","235.0000","233.5255"
"2013/12/11","234.2100","4293997.0000","238.4000","238.4000","233.9000"
"2013/12/10","238.1100","869663.0000","238.3300","239.9700","238.1000"
"2013/12/09","238.8900","2422746.0000","238.7700","239.8300","238.4400"
"2013/12/06","238.5500","1729832.0000","239.2700","239.5000","237.9300"
"2013/12/05","236.7800","1245314.0000","236.1200","236.7800","235.3000"
"2013/12/04","236.2900","1872525.0000","235.8600","237.5600","234.3000"
"2013/12/03","236.6900","3329962.0000","236.7600","237.9600","235.7100"
"2013/12/02","237.5100","5674570.0000","237.5200","239.6196","236.1200"
"2013/11/29","237.4300","1054796.0000","238.7800","238.9700","237.4300"
"2013/11/27","238.4700","1467766.0000","238.1300","238.5300","237.4600"
"2013/11/26","237.8600","2693445.0000","237.7100","238.4500","237.1500"
"2013/11/25","237.8700","1843827.0000","238.7600","238.7600","237.2800"
"2013/11/22","238.2000","846966.0000","237.7400","238.4200","237.1800"
"2013/11/21","237.7900","1078724.0000","235.8700","237.9100","235.5800"
"2013/11/20","234.8900","1030849.0000","236.0400","236.8000","234.0563"
"2013/11/19","235.4300","1095633.0000","236.7400","237.3000","234.7800"
"2013/11/18","237.0500","969374.0000","239.5200","239.5200","236.5600"
"2013/11/15","238.7900","1124472.0000","238.2000","238.8200","237.6900"
"2013/11/14","238.0300","937840.0000","236.9600","238.1900","236.4100"
"2013/11/13","237.0400","1812994.0000","233.1600","237.0900","233.1600"
"2013/11/12","234.6900","1726482.0000","234.4700","234.7700","233.3900"
"2013/11/11","235.0200","582751.0000","233.8600","235.1700","233.4800"
"2013/11/08","234.1700","2358112.0000","230.6500","234.1700","230.6500"
"2013/11/07","230.6000","1769826.0000","235.5800","235.8100","230.5800"
"2013/11/06","234.7500","1265299.0000","236.2400","236.5100","234.3200"
"2013/11/05","234.9800","1280249.0000","235.4900","236.0400","234.1700"
"2013/11/04","236.4800","1273354.0000","235.5300","236.6700","234.8700"
"2013/11/01","234.7300","2770217.0000","234.9200","235.6900","232.9799"
"2013/10/31","234.5200","2926725.0000","234.8100","236.3000","233.7700"
"2013/10/30","234.7300","1500920.0000","236.7400","236.9600","234.0800"
"2013/10/29","236.4900","2173063.0000","235.6200","236.5800","234.9000"
"2013/10/28","235.3200","1149426.0000","235.6200","235.8500","234.4600"
"2013/10/25","235.6200","1084422.0000","235.1400","235.6200","234.2200"
"2013/10/24","234.8700","1314865.0000","234.8400","235.2100","234.0300"
"2013/10/23","234.4400","1490025.0000","234.9100","235.1100","233.2600"
"2013/10/22","235.9900","2704264.0000","235.6300","236.9500","234.8300"
"2013/10/21","234.8200","3910460.0000","235.0300","235.3100","234.1200"
"2013/10/18","234.6000","3097436.0000","233.7900","234.8200","232.8700"
"2013/10/17","232.6400","3542904.0000","229.7100","232.9100","229.6800"
"2013/10/16","230.9600","2216192.0000","229.5100","230.9600","228.9300"
"2013/10/15","227.9800","2686517.0000","229.6200","230.1600","227.4200"
"2013/10/14","230.4100","1509854.0000","228.0800","230.4100","227.8300"
"2013/10/11","229.5400","2903242.0000","226.8000","229.5400","226.6000"
"2013/10/10","227.3500","2558742.0000","225.1300","227.4400","224.5700"
"2013/10/09","222.4000","3661990.0000","223.4200","223.5800","221.2800"
"2013/10/08","223.1800","4887875.0000","225.7400","226.4800","222.9400"
"2013/10/07","225.8300","2145385.0000","226.2500","227.5600","225.7200"
"2013/10/04","228.4600","3202746.0000","227.1900","228.8320","226.8400"
"2013/10/03","227.1400","3718314.0000","228.4600","228.6100","225.3400"
"2013/10/02","228.9700","3177496.0000","228.1200","229.2500","227.0600"
"2013/10/01","229.4300","24680710.0000","225.9900","230.2600","225.8200"
"2013/09/30","226.3300","3820695.0000","224.0200","226.8800","223.7400"
"2013/09/27","226.2000","1585884.0000","225.6900","226.8300","225.4500"
"2013/09/26","227.1000","1235460.0000","226.0500","227.6700","225.8800"
"2013/09/25","225.7700","1651872.0000","225.8200","227.0500","224.8900"
"2013/09/24","225.6400","1437795.0000","225.7800","227.0300","224.4800"
"2013/09/23","225.3200","1654421.0000","226.3000","226.3100","224.2650"
"2013/09/20","226.2800","2831394.0000","228.8400","228.8400","226.2500"
"2013/09/19","228.6400","1617237.0000","229.8100","229.8860","228.4600"
"2013/09/18","229.1800","4632846.0000","226.8200","229.6200","225.4500"
"2013/09/17","227.1100","2109311.0000","225.3700","227.1100","225.2300"
"2013/09/16","225.3300","1208635.0000","226.9500","227.0900","224.9200"
"2013/09/13","224.0700","1089584.0000","224.1700","224.3100","222.9850"
"2013/09/12","223.6600","2500250.0000","224.4200","224.8000","223.2400"
"2013/09/11","224.3200","1652156.0000","223.8500","224.3900","222.9103"
"2013/09/10","224.1000","1503998.0000","223.1700","224.1000","222.4800"
"2013/09/09","221.7600","1963111.0000","219.1400","221.8900","218.9800"
"2013/09/06","218.5600","2268757.0000","219.0600","219.8200","216.0100"
"2013/09/05","217.9500","2151075.0000","217.7100","218.8900","217.5600"
"2013/09/04","217.6100","2711180.0000","215.5400","217.9100","214.6400"
"2013/09/03","215.1000","18087140.0000","218.5300","218.9500","213.2100"
"2013/08/30","215.4500","2408791.0000","219.0500","219.0500","215.2700"
"2013/08/29","218.9200","969412.0000","217.3200","219.8400","217.3200"
"2013/08/28","217.9000","1909513.0000","217.1900","218.7500","216.8800"
"2013/08/27","217.2900","2386965.0000","219.5700","220.0200","217.1200"
"2013/08/26","221.9900","2440458.0000","221.9250","223.0000","221.1600"
"2013/08/23","221.7800","2003024.0000","222.0900","222.0900","220.0800"
"2013/08/22","221.4200","898612.0000","219.3400","222.0900","219.3300"
"2013/08/21","218.9900","2005943.0000","219.5900","221.1500","218.4500"
"2013/08/20","220.9200","1130554.0000","218.0600","221.1900","217.9400"
"2013/08/19","217.8700","1420487.0000","219.2100","219.9800","217.8700"
"2013/08/16","219.5100","1731842.0000","219.6300","220.9300","219.2600"
"2013/08/15","219.9400","4802727.0000","221.7800","222.0200","219.7100"
"2013/08/14","224.0000","2324211.0000","225.3100","225.5400","224.0000"
"2013/08/13","225.6400","1079485.0000","226.0900","226.0900","223.9900"
"2013/08/12","225.8900","1559805.0000","223.8300","226.1300","223.7900"
"2013/08/09","225.1300","1407238.0000","224.5900","225.9200","224.2600"
"2013/08/08","224.8600","1335931.0000","224.8800","225.5700","223.9500"
"2013/08/07","223.9400","1611903.0000","225.0100","225.2900","223.4600"
"2013/08/06","225.5800","1561735.0000","227.2100","227.5900","225.1400"
"2013/08/05","228.0200","1362307.0000","227.6700","228.3336","227.2500"
"2013/08/02","227.9700","4591332.0000","227.8600","228.3200","227.2500"
"2013/08/01","228.7999","8423455.0000","226.2100","229.5550","225.9100"
"2013/07/31","224.1100","2858331.0000","224.0600","225.7600","223.5600"
"2013/07/30","223.1300","1531825.0000","223.3000","223.8400","222.5800"
"2013/07/29","222.6700","1198021.0000","222.7600","224.0100","221.8300"
"2013/07/26","223.2900","1310901.0000","223.0800","223.7400","222.2200"
"2013/07/25","224.5100","1750987.0000","223.2300","224.7500","222.9100"
"2013/07/24","223.6300","1823145.0000","226.2700","226.5900","223.2800"
"2013/07/23","225.3400","1633282.0000","226.1200","226.1400","224.8700"
"2013/07/22","225.3200","1541145.0000","224.9600","225.6500","224.3300"
"2013/07/19","224.5600","1929492.0000","223.7100","224.7100","223.5000"
"2013/07/18","224.2500","2157206.0000","223.0200","224.5200","222.5800"
"2013/07/17","222.2600","1828631.0000","222.5400","222.9300","221.5200"
"2013/07/16","221.2300","2304464.0000","223.1000","223.5500","220.9900"
"2013/07/15","223.0000","1120125.0000","222.4500","223.1900","221.7900"
"2013/07/12","221.7800","2466589.0000","221.4600","222.3200","221.2500"
"2013/07/11","221.4100","2116547.0000","221.0000","221.5400","220.1900"
"2013/07/10","218.5900","2117433.0000","218.5800","218.9200","217.4600"
"2013/07/09","218.4800","4124855.0000","217.2800","218.9100","216.5800"
"2013/07/08","216.1700","1385869.0000","216.7000","217.2400","215.9300"
"2013/07/05","215.8200","2755236.0000","215.0300","215.8200","212.6800"
"2013/07/03","212.9800","1530413.0000","212.2200","213.5900","211.8000"
"2013/07/02","212.9100","1654426.0000","213.3000","214.8588","211.8800"
"2013/07/01","213.1800","2189659.0000","211.7700","214.7700","211.5900"
"2013/06/28","210.1000","1862258.0000","210.9000","212.2300","210.0800"
"2013/06/27","211.3800","1522835.0000","209.8200","212.0055","209.8000"
"2013/06/26","208.3800","1770877.0000","208.8500","209.3200","207.4200"
"2013/06/25","207.0900","1291877.0000","206.5600","207.4800","204.7000"
"2013/06/24","204.5200","2523451.0000","204.2700","206.2300","202.4500"
"2013/06/21","206.8500","2406481.0000","207.2700","208.1600","204.7700"
"2013/06/20","207.7100","5070479.0000","211.0200","211.3800","207.4100"
"2013/06/19","213.4300","1598696.0000","216.3500","216.9800","213.4300"
"2013/06/18","217.0400","1785933.0000","215.1200","217.1900","215.1200"
"2013/06/17","215.1300","1258427.0000","215.4400","215.7780","214.0100"
"2013/06/14","213.8200","725227.0000","214.5600","215.4100","213.2400"
"2013/06/13","214.6900","2204302.0000","210.4800","214.9900","210.2200"
"2013/06/12","210.8300","1496261.0000","214.1650","214.4500","210.3700"
"2013/06/11","212.6400","1460551.0000","213.1400","214.8200","211.6800"
"2013/06/10","215.4500","1557224.0000","216.1200","216.1500","214.0900"
"2013/06/07","215.2800","1818085.0000","214.4800","215.5470","212.7400"
"2013/06/06","213.3300","2548238.0000","210.7100","213.3300","210.2700"
"2013/06/05","210.5800","3626712.0000","213.0300","213.4900","210.5500"
"2013/06/04","213.6700","2944431.0000","215.2200","216.4400","212.5000"
"2013/06/03","215.0700","3404813.0000","215.8500","216.2300","213.1000"
"2013/05/31","215.8000","3800044.0000","216.7800","218.8500","215.6100"
"2013/05/30","217.9500","2141663.0000","216.7100","218.3200","216.4800"
"2013/05/29","216.0300","2535897.0000","216.6200","217.0700","214.4300"
"2013/05/28","217.8900","2596085.0000","219.1650","220.0600","216.8900"
"2013/05/24","216.5200","2118533.0000","216.0600","216.5200","214.4800"
"2013/05/23","217.1600","1962496.0000","214.9900","217.3800","214.4900"
"2013/05/22","217.4000","3145225.0000","221.3500","222.9700","216.4600"
"2013/05/21","221.1500","1913671.0000","220.9000","221.8000","220.3900"
"2013/05/20","220.9200","2583099.0000","220.2400","221.5700","220.2400"
"2013/05/17","220.7200","2052856.0000","219.3100","220.7600","219.1700"
"2013/05/16","218.3700","2577154.0000","219.1700","220.1800","218.1300"
"2013/05/15","219.5400","1958540.0000","218.0600","219.9300","218.0300"
"2013/05/14","218.7100","1307100.0000","216.3600","218.7900","216.3600"
"2013/05/13","216.1800","953937.0000","216.1900","216.7800","215.4700"
"2013/05/10","216.6900","1469539.0000","215.6600","216.6900","215.2100"
"2013/05/09","215.2200","1743487.0000","215.9600","216.2099","214.8900"
"2013/05/08","216.2700","1675751.0000","214.4100","216.2700","214.4000"
"2013/05/07","214.8600","1794403.0000","213.5600","215.0000","213.1700"
"2013/05/06","213.1800","723794.0000","212.0800","213.3400","211.8200"
"2013/05/03","211.9400","1997106.0000","211.4900","213.0700","210.7400"
"2013/05/02","209.4400","1388849.0000","208.1400","209.5700","207.7100"
"2013/05/01","207.2400","2448750.0000","210.3500","210.4900","207.1600"
"2013/04/30","210.9700","1768611.0000","209.3000","211.1100","208.6100"
"2013/04/29","209.1900","1298185.0000","208.3800","209.6400","208.0500"
"2013/04/26","207.6800","862541.0000","208.2300","208.7200","206.9200"
"2013/04/25","208.5300","1265805.0000","208.2000","209.6100","207.8300"
"2013/04/24","207.6900","1801125.0000","206.8700","207.7900","206.4600"
"2013/04/23","206.8300","1479804.0000","205.7800","207.0700","204.8600"
"2013/04/22","204.7600","1172985.0000","204.2000","205.1683","201.8100"
"2013/04/19","204.3100","2059755.0000","202.4700","204.3100","201.3800"
"2013/04/18","201.0000","1958244.0000","202.7500","202.9900","200.2900"
"2013/04/17","202.3500","4522936.0000","203.9900","204.0700","200.8700"
"2013/04/16","205.5000","3449004.0000","203.9400","205.7600","203.2800"
"2013/04/15","202.4000","7409364.0000","207.9200","208.1300","201.9100"
"2013/04/12","208.9500","1108450.0000","209.2400","209.6200","207.8700"
"2013/04/11","209.8200","1804824.0000","208.9300","210.5800","208.8100"
"2013/04/10","209.0200","4030541.0000","206.6900","209.1900","206.6700"
"2013/04/09","206.1700","1502511.0000","206.4800","207.0200","205.2900"
"2013/04/08","206.1100","2303732.0000","204.9700","206.2400","203.7600"
"2013/04/05","204.5500","2076797.0000","201.9100","204.6700","201.4350"
"2013/04/04","204.7000","3424493.0000","203.7400","204.8400","203.4400"
"2013/04/03","203.5000","5195612.0000","207.3600","207.4300","203.0300"
"2013/04/02","206.7800","2761113.0000","208.7000","208.9700","206.3400"
"2013/04/01","207.6300","2376749.0000","209.6400","209.9800","207.0200"
"2013/03/28","209.7200","2076552.0000","208.5800","210.0800","208.3400"
"2013/03/27","208.5500","2830368.0000","206.8100","208.6500","206.0800"
"2013/03/26","208.1600","1624400.0000","207.7000","208.2100","206.9200"
"2013/03/25","206.7800","2605590.0000","207.7600","208.6300","205.8100"
"2013/03/22","207.3700","1503820.0000","207.3900","207.6000","206.8100"
"2013/03/21","206.6800","1881257.0000","206.8900","208.2300","205.9700"
"2013/03/20","208.5000","4928564.0000","207.6000","208.6100","207.0700"
"2013/03/19","206.3600","2215026.0000","207.3200","207.6700","204.6700"
"2013/03/18","206.6400","2025920.0000","205.7600","207.7800","205.6200"
"2013/03/15","207.6400","3260790.0000","207.3800","207.9400","206.9400"
"2013/03/14","208.4900","2395870.0000","207.4000","208.4900","207.1800"
"2013/03/13","206.8900","2715310.0000","206.3700","207.1600","205.8100"
"2013/03/12","206.2500","3161799.0000","206.0700","206.5300","205.3500"
"2013/03/11","206.3200","3905392.0000","205.7300","206.3200","205.3200"
"2013/03/08","206.1100","3561898.0000","205.5400","206.2000","204.1500"
"2013/03/07","204.2900","1801205.0000","203.8400","204.5900","203.7400"
"2013/03/06","203.7800","1712328.0000","203.8300","204.4000","203.2900"
"2013/03/05","203.4200","3428789.0000","201.7100","203.6300","201.7100"
"2013/03/04","200.7500","6124500.0000","199.7700","200.7900","198.8500"
"2013/03/01","200.2300","14033680.0000","199.4300","200.5800","197.7000"
"2013/02/28","200.5100","1923064.0000","200.7200","202.2300","200.5100"
"2013/02/27","201.0000","2582047.0000","198.2300","201.6275","198.0400"
"2013/02/26","198.1200","3204715.0000","197.6600","198.5000","196.3600"
"2013/02/25","196.8800","2935283.0000","201.9900","202.0600","196.8800"
"2013/02/22","201.4800","2102427.0000","200.0300","201.4800","199.7300"
"2013/02/21","199.0200","3189651.0000","200.8000","201.2600","198.1000"
"2013/02/20","200.7800","1814511.0000","204.4200","204.5400","200.7800"
"2013/02/19","204.4400","1735741.0000","203.3900","204.4900","203.3000"
"2013/02/15","203.1300","1954943.0000","203.5000","203.7900","202.6532"
"2013/02/14","203.4300","1398475.0000","202.4000","203.5900","202.3000"
"2013/02/13","202.9000","1872785.0000","202.5200","203.1400","202.0000"
"2013/02/12","202.3700","1530094.0000","201.3900","202.5000","201.3800"
"2013/02/11","201.4000","2258954.0000","201.8100","201.8300","200.9200"
"2013/02/08","201.9000","1673308.0000","201.0200","201.9000","200.9000"
"2013/02/07","200.6400","1397499.0000","200.9500","201.2300","199.2900"
"2013/02/06","200.9700","2396540.0000","199.4000","200.9700","199.2900"
"2013/02/05","199.8600","2652100.0000","199.4800","200.3600","199.0599"
"2013/02/04","198.6600","2163927.0000","199.3900","200.1700","198.0300"
"2013/02/01","200.4800","2369053.0000","199.6900","200.8152","199.2400"
"2013/01/31","198.8600","2702255.0000","198.0100","199.2520","197.8900"
"2013/01/30","198.0200","1450388.0000","199.4000","199.4400","197.8270"
"2013/01/29","199.2400","2106161.0000","199.2800","199.4000","198.4300"
"2013/01/28","199.3400","2009392.0000","199.9000","199.9900","198.3700"
"2013/01/25","199.6400","2148568.0000","198.7800","199.6400","197.7331"
"2013/01/24","197.7600","2481181.0000","197.0000","198.5100","196.8400"
"2013/01/23","196.8000","1522184.0000","196.7600","197.1700","196.4620"
"2013/01/22","196.8200","1864311.0000","195.3200","196.8300","195.2100"
"2013/01/18","195.1900","1692855.0000","194.8300","195.3700","194.2200"
"2013/01/17","194.7800","3178868.0000","193.8500","195.1700","193.7400"
"2013/01/16","193.1200","1635051.0000","193.3100","193.5700","192.7000"
"2013/01/15","193.5900","1351184.0000","191.6700","193.7200","191.6100"
"2013/01/14","192.6500","1800505.0000","192.0800","193.0700","192.0100"
"2013/01/11","192.2800","1099550.0000","192.6700","192.7500","191.6300"
"2013/01/10","192.5800","1870461.0000","193.2000","193.2800","191.5000"
"2013/01/09","192.1800","1572142.0000","191.6500","192.3100","191.4900"
"2013/01/08","191.0100","1035640.0000","191.3400","191.8000","190.3700"
"2013/01/07","191.5200","1557730.0000","191.3800","191.8400","191.0000"
"2013/01/04","192.0500","1900805.0000","191.3800","192.2400","190.5100"
"2013/01/03","190.7200","3650111.0000","190.6000","191.7600","190.1500"
"2013/01/02","190.8600","3767600.0000","190.0900","190.8600","188.6100"
"2012/12/31","185.7100","2659439.0000","182.4100","185.8200","182.0800"
"2012/12/28","182.7300","1907193.0000","182.9300","183.9600","182.4800"
"2012/12/27","183.8500","2182214.0000","184.3500","184.6000","182.0000"
"2012/12/26","184.0200","2879747.0000","185.9780","185.9780","183.9100"
"2012/12/24","185.4400","997884.0000","185.3000","185.8700","184.9800"
"2012/12/21","186.4900","4397424.0000","184.7700","186.4900","184.4800"
"2012/12/20","188.0500","3019439.0000","187.1900","188.2300","186.6300"
"2012/12/19","186.8900","1815923.0000","187.4500","187.8200","186.7500"
"2012/12/18","187.2000","3247881.0000","184.9500","187.4200","184.6600"
"2012/12/17","184.6600","3018422.0000","183.3300","184.7300","183.1600"
"2012/12/14","183.0000","2244127.0000","183.0500","183.6700","182.7400"
"2012/12/13","183.3700","1672272.0000","184.6700","185.0600","182.9200"
"2012/12/12","184.5500","3375828.0000","185.4500","185.7700","184.2500"
"2012/12/11","184.8400","3134726.0000","184.9200","185.3400","184.3000"
"2012/12/10","184.0500","4082411.0000","182.9900","184.1100","182.7700"
"2012/12/07","182.9100","1992141.0000","183.3300","183.4600","182.2600"
"2012/12/06","182.6700","1562601.0000","182.2400","183.1100","182.0100"
"2012/12/05","182.3000","1932144.0000","182.5200","182.9800","180.9100"
"2012/12/04","181.9100","1485929.0000","181.9400","182.5100","181.0500"
"2012/12/03","182.0300","2200411.0000","183.6300","183.6500","181.5000"
"2012/11/30","182.3500","1493753.0000","182.8700","182.8700","181.7300"
"2012/11/29","182.4200","2853413.0000","182.3200","182.6000","181.2100"
"2012/11/28","181.1800","1828783.0000","179.2200","181.2600","177.9400"
"2012/11/27","180.0100","1344818.0000","180.1600","180.9700","179.7600"
"2012/11/26","180.4100","974169.0000","179.8900","180.6700","179.2900"
"2012/11/23","180.5500","1370795.0000","179.1900","180.6600","179.1500"
"2012/11/21","178.4000","800877.0000","178.0300","178.5600","177.5000"
"2012/11/20","177.8900","1898623.0000","176.7400","178.0200","176.5300"
"2012/11/19","177.2900","2078198.0000","175.4900","177.2900","175.2900"
"2012/11/16","173.7600","8309500.0000","172.6600","173.9200","171.5500"
"2012/11/15","172.5200","2656605.0000","172.8600","173.8700","171.5300"
"2012/11/14","173.2000","6331313.0000","176.5500","176.8500","172.8200"
"2012/11/13","176.4900","1509833.0000","175.7200","177.6100","175.3800"
