2014/11/25,48.65,5587300.00,49.17,49.25,48.63
2014/11/26,48.90,3848100.00,48.65,48.94,48.55
2014/11/28,49.65,3445800.00,49.19,49.88,49.12
2014/12/01,48.85,4901400.00,49.33,49.69,48.83
2014/12/02,49.02,4283100.00,49.03,49.36,48.85
2014/12/03,49.25,3751600.00,49.08,49.30,48.76
2014/12/04,49.53,4065500.00,49.25,49.69,49.03
2014/12/05,49.67,3335300.00,49.63,49.75,49.42
2014/12/08,48.86,5034700.00,49.53,49.53,48.65
2014/12/09,48.51,5919600.00,48.49,48.70,47.99
2014/12/10,48.83,6180300.00,48.63,49.12,48.23
2014/12/11,48.47,8593900.00,49.15,49.30,48.42
2014/12/12,48.08,8169700.00,48.33,48.94,48.08
2014/12/15,47.72,10058500.00,48.22,48.47,47.39
2014/12/16,46.60,14465600.00,47.67,47.71,46.49
2014/12/17,47.25,11026200.00,46.94,47.38,46.45
2014/12/18,48.54,16021700.00,47.96,48.54,47.53
2014/12/19,47.42,26770900.00,48.03,48.14,46.42
2014/12/22,47.97,6376700.00,47.56,47.97,47.51
2014/12/23,47.99,5179300.00,48.00,48.26,47.79
2014/12/24,48.15,2405800.00,48.20,48.67,48.04
2014/12/26,48.42,3079000.00,48.26,48.60,48.13
2014/12/29,48.65,3944600.00,48.42,48.83,48.31
2014/12/30,48.44,4025100.00,48.44,48.65,48.31
2014/12/31,48.08,4541700.00,48.49,48.81,48.02
2015/1/02,47.51,4854500.00,48.28,48.47,47.06
2015/1/05,46.75,6829400.00,47.24,47.28,46.56
2015/1/06,46.47,7401900.00,46.94,47.08,46.03
2015/1/07,47.44,7043400.00,46.79,47.65,46.55
2015/1/08,48.53,5790000.00,47.94,48.55,47.81
2015/1/09,47.99,4623900.00,48.43,48.49,47.80
2015/1/12,47.93,5516000.00,47.96,48.26,47.62
2015/1/13,47.51,6084800.00,48.17,48.72,47.31
2015/1/14,46.85,6545700.00,46.72,47.19,46.46
2015/1/15,46.40,4130700.00,47.17,47.34,46.28
2015/1/16,46.49,8728000.00,46.40,46.56,46.01
2015/1/20,46.81,7729200.00,46.72,46.94,46.31
2015/1/21,46.76,5674200.00,46.56,47.06,46.51
2015/1/22,47.92,6786300.00,47.25,48.06,46.78
2015/1/23,48.08,6706400.00,48.10,48.38,47.83
2015/1/26,48.17,4928700.00,48.00,48.23,47.78
2015/1/27,47.25,6523100.00,47.67,47.72,47.06
2015/1/28,46.65,6248600.00,47.50,47.66,46.63
2015/1/29,47.44,6719600.00,46.83,47.44,46.58
2015/1/30,46.13,7195800.00,46.95,47.18,46.05
2015/2/02,45.96,7915000.00,46.34,46.35,45.38
2015/2/03,46.67,7848200.00,46.12,46.69,46.01
2015/2/04,46.27,7096200.00,46.35,46.63,46.13
2015/2/05,46.67,5530200.00,46.44,46.79,46.28
2015/2/06,45.90,7244500.00,46.69,46.74,45.77
2015/2/09,45.58,7241300.00,45.75,45.85,45.35
2015/2/10,46.38,7576800.00,45.61,46.55,45.61
2015/2/11,45.65,8406600.00,46.24,46.38,45.47
2015/2/12,46.00,11758500.00,45.69,46.33,45.40
2015/2/13,46.02,7547200.00,46.01,46.28,45.95
2015/2/17,45.93,7267100.00,45.87,46.45,45.86
2015/2/18,46.81,7626400.00,45.74,46.88,45.72
2015/2/19,46.85,6519100.00,46.80,47.13,46.74
2015/2/20,47.47,7307600.00,46.81,47.65,46.67
2015/2/23,47.51,4509500.00,47.50,47.62,47.14
2015/2/24,47.71,5135800.00,47.38,47.77,47.38
2015/2/25,48.41,6905000.00,47.71,48.60,47.71
2015/2/26,48.49,5794800.00,48.33,48.67,48.33
2015/2/27,48.56,6704500.00,48.47,48.70,48.31
2015/3/02,49.38,10844200.00,48.42,49.43,48.38
2015/3/03,48.99,6861800.00,49.22,49.24,48.56
2015/3/04,48.76,4774600.00,48.83,48.94,48.48
2015/3/05,49.23,6502100.00,49.00,49.34,48.90
2015/3/06,48.46,7092700.00,49.23,49.35,48.30
2015/3/09,48.72,5833900.00,48.54,48.91,48.47
2015/3/10,48.26,6817300.00,48.25,48.49,48.13
2015/3/11,47.67,7361200.00,48.24,48.54,47.59
2015/3/12,48.52,5663300.00,47.87,48.55,47.69
2015/3/13,47.90,7156800.00,48.52,48.74,47.65
2015/3/16,48.22,8331000.00,48.10,48.40,47.97
2015/3/17,48.27,6316500.00,48.09,48.39,47.76
2015/3/18,48.76,8563400.00,48.27,48.94,47.81
2015/3/19,49.16,10249800.00,48.96,49.31,48.60
2015/3/20,50.99,29359000.00,51.34,51.90,50.63
2015/3/23,50.73,9530500.00,50.80,51.30,50.60
2015/3/24,50.33,7534500.00,50.53,50.83,50.30
2015/3/25,49.49,7643900.00,50.50,50.59,49.47
2015/3/26,49.67,9412700.00,49.08,50.04,48.83
2015/3/27,49.94,4236100.00,49.60,50.09,49.56
2015/3/30,50.44,5323000.00,50.65,50.78,50.27
2015/3/31,50.17,6074000.00,50.28,50.92,50.15
2015/4/01,49.78,6554100.00,50.00,50.14,49.17
2015/4/02,49.83,3817200.00,49.88,50.16,49.70
2015/4/06,49.87,5005800.00,49.30,50.31,49.28
2015/4/07,49.81,3910200.00,49.87,50.13,49.74
2015/4/08,50.42,6428000.00,49.86,50.49,49.86
2015/4/09,50.36,5213800.00,50.50,50.85,50.30
2015/4/10,49.99,5804200.00,50.50,50.54,49.97
2015/4/13,49.63,7202300.00,49.99,50.03,49.53
2015/4/14,49.76,4738600.00,49.53,49.90,49.35
2015/4/15,49.92,5664800.00,50.24,50.37,49.87
2015/4/16,49.95,4043100.00,49.74,50.08,49.70
2015/4/17,49.28,5976000.00,49.58,49.69,49.07
2015/4/20,49.99,6162300.00,49.59,50.17,49.51
2015/4/21,50.15,5037000.00,50.40,50.42,49.86
2015/4/22,50.08,3842600.00,50.15,50.19,49.65
2015/4/23,50.56,4616600.00,49.78,50.80,49.72
2015/4/24,50.47,4231900.00,50.21,50.64,50.10
2015/4/27,50.47,5000900.00,50.63,51.00,50.38
2015/4/28,49.93,5957200.00,50.15,50.40,49.60
2015/4/29,50.08,5242500.00,49.74,50.24,49.63
2015/4/30,49.42,6124600.00,49.88,50.26,49.23
2015/5/01,50.39,6607200.00,49.87,50.41,49.71
2015/5/04,50.42,4535000.00,50.50,50.60,50.24
2015/5/05,50.21,5051400.00,50.22,50.44,50.13
2015/5/06,50.11,5341800.00,50.13,50.50,49.84
2015/5/07,50.72,5452800.00,50.26,50.79,50.01
2015/5/08,51.22,5428000.00,51.15,51.65,51.15
2015/5/11,51.40,4528700.00,51.21,51.61,51.04
2015/5/12,51.19,4484600.00,51.00,51.35,50.80
2015/5/13,51.08,4284300.00,51.28,51.37,50.90
2015/5/14,51.72,5361200.00,51.48,51.75,51.15
2015/5/15,52.49,7799300.00,51.81,52.51,51.69
2015/5/18,52.38,5018600.00,52.56,52.75,52.21
2015/5/19,52.32,5887300.00,52.31,52.59,52.17
2015/5/20,52.31,4700500.00,52.46,52.58,52.10
2015/5/21,52.20,5422300.00,52.44,52.60,52.12
2015/5/22,52.22,5218600.00,52.50,52.61,52.02
2015/5/26,51.71,5086700.00,52.24,52.38,51.59
2015/5/27,51.42,7996400.00,51.74,51.96,51.15
2015/5/28,51.15,5487800.00,51.12,51.47,50.76
2015/5/29,50.83,5346700.00,51.15,51.19,50.52
2015/6/01,50.88,4868500.00,50.83,51.15,50.72
2015/6/02,51.06,4956800.00,50.90,51.35,50.75
2015/6/03,51.26,4734400.00,51.16,51.54,50.88
2015/6/04,50.97,4261300.00,51.03,51.65,50.81
2015/6/05,51.01,3752700.00,50.72,51.13,50.56
2015/6/08,50.72,4132500.00,50.76,50.94,50.69
2015/6/09,50.67,3303400.00,50.74,50.96,50.39
2015/6/10,51.67,6131900.00,50.92,52.01,50.83
2015/6/11,51.94,6018600.00,52.50,52.56,51.74
2015/6/12,51.89,4054700.00,51.78,52.05,51.60
2015/6/15,51.67,4832400.00,51.52,51.92,51.37
2015/6/16,52.28,4831500.00,51.74,52.49,51.72
2015/6/17,52.38,4056000.00,52.37,52.58,52.04
2015/6/18,53.00,5653900.00,52.53,53.33,52.51
2015/6/19,53.26,7084600.00,53.04,53.42,52.97
2015/6/22,53.40,4068600.00,53.42,53.72,53.33
2015/6/23,53.60,5538000.00,53.60,53.63,53.41
2015/6/24,53.11,5006600.00,53.60,53.69,53.02
2015/6/25,52.61,8930300.00,53.21,53.40,52.33
2015/6/26,54.85,19975900.00,54.25,55.17,54.19
2015/6/29,53.83,8887000.00,54.74,54.74,53.83
2015/6/30,54.01,7380400.00,54.41,54.44,53.90
2015/7/01,54.72,5665000.00,54.50,54.72,54.29
2015/7/02,54.94,5821100.00,54.99,55.37,54.54
2015/7/06,54.92,4931700.00,54.55,55.26,54.51
2015/7/07,55.65,7081300.00,55.06,55.67,54.53
2015/7/08,54.63,6512800.00,55.10,55.38,54.50
2015/7/09,54.72,6152600.00,55.12,55.46,54.60
2015/7/10,55.26,5040800.00,55.28,55.40,54.50
2015/7/13,56.21,4995000.00,55.64,56.28,55.40
2015/7/14,56.17,5507400.00,56.42,56.53,55.96
2015/7/15,55.95,4983900.00,56.00,56.19,55.85
2015/7/16,56.17,4322500.00,56.39,56.45,55.92
2015/7/17,56.40,4310600.00,56.01,56.49,55.95
2015/7/20,56.56,5461800.00,56.44,56.78,56.41
2015/7/21,56.49,4533100.00,56.56,56.78,56.36
2015/7/22,57.04,5921200.00,56.53,57.11,56.44
2015/7/23,57.00,6698500.00,57.25,57.35,56.91
2015/7/24,56.49,5902800.00,57.00,57.09,56.24
2015/7/27,55.87,6593200.00,56.20,56.46,55.47
2015/7/28,56.74,6819200.00,56.00,56.96,55.92
2015/7/29,57.46,6642400.00,56.79,57.67,56.75
2015/7/30,57.51,5577200.00,57.47,57.70,56.97
2015/7/31,57.61,4762800.00,57.75,57.97,57.42
2015/8/03,57.42,4970800.00,58.00,58.00,56.79
2015/8/04,57.88,5149800.00,57.47,57.97,57.17
2015/8/05,58.38,6800500.00,58.35,58.86,58.17
2015/8/06,57.56,6170000.00,58.50,58.75,57.19
2015/8/07,57.26,5862500.00,57.36,57.48,56.55
2015/8/10,57.68,4512900.00,57.65,58.08,57.42
2015/8/11,57.23,5030600.00,57.10,57.49,56.81
2015/8/12,56.53,7091900.00,56.81,56.88,55.33
2015/8/13,56.80,5734200.00,56.74,57.26,56.47
2015/8/14,57.18,4651700.00,56.79,57.28,56.56
2015/8/17,57.49,3833000.00,57.06,57.56,56.54
2015/8/18,57.41,3626100.00,57.54,57.84,57.29
2015/8/19,57.48,6128100.00,57.03,58.03,56.78
2015/8/20,56.15,6461600.00,56.83,57.22,56.12
2015/8/21,53.44,15846800.00,55.77,55.83,53.42
2015/8/24,51.94,19745600.00,50.00,53.69,47.25
2015/8/25,51.76,13327600.00,53.62,53.65,51.74
2015/8/26,54.38,15047700.00,53.25,54.51,51.99
2015/8/27,56.31,12950900.00,55.10,56.35,54.81
2015/8/28,56.25,7293100.00,56.22,56.50,55.82
2015/8/31,55.88,6791000.00,55.82,56.24,55.62
2015/9/01,54.31,9250900.00,54.56,54.92,54.01
2015/9/02,55.35,8384000.00,55.00,55.39,54.60
2015/9/03,55.42,5927100.00,55.67,56.04,55.21
2015/9/04,54.85,7051400.00,54.56,55.22,54.47
2015/9/08,55.88,5374000.00,55.73,55.94,55.11
2015/9/09,54.93,6054800.00,56.31,56.49,54.81
2015/9/10,55.19,7304800.00,54.83,55.52,54.47
2015/9/11,55.91,5450000.00,55.12,55.92,54.99
2015/9/14,55.94,6814700.00,55.76,56.03,55.57
2015/9/15,56.92,7675600.00,55.95,57.04,55.40
2015/9/16,57.79,8030400.00,57.13,57.96,56.92
2015/9/17,57.63,7898000.00,57.74,58.40,57.28
2015/9/18,57.53,16312000.00,56.99,57.81,56.88
2015/9/21,58.28,8718500.00,57.85,58.54,57.38
2015/9/22,57.99,7534700.00,57.69,58.08,57.19
2015/9/23,57.72,8961600.00,58.20,58.30,57.60
2015/9/24,57.40,10790700.00,57.13,57.58,56.75
2015/9/25,62.50,36847900.00,61.50,62.97,61.35
2015/9/28,61.07,16161900.00,62.24,62.38,60.42
2015/9/29,59.83,14191800.00,61.00,61.04,59.53
2015/9/30,61.49,8998600.00,60.40,61.56,60.37
2015/10/01,61.92,8899300.00,61.62,61.97,60.64
2015/10/02,62.60,9020600.00,60.90,62.60,60.78
2015/10/05,62.13,9532600.00,62.88,63.24,62.04
2015/10/06,61.60,7111200.00,62.13,62.40,61.29
2015/10/07,61.05,10031000.00,61.81,62.22,60.50
2015/10/08,62.46,7208300.00,61.50,62.62,61.33
2015/10/09,62.47,6866000.00,62.29,62.67,62.04
2015/10/12,63.22,5165800.00,62.60,63.55,62.51
2015/10/13,62.90,5742100.00,63.00,63.27,62.79
2015/10/14,62.92,6469500.00,62.99,63.31,62.69
2015/10/15,64.39,10514400.00,63.67,64.58,63.48
2015/10/16,65.24,9148100.00,64.97,65.29,64.43
2015/10/19,66.61,12320600.00,65.69,66.76,65.56
2015/10/20,66.18,8771000.00,66.53,66.68,65.99
2015/10/21,66.24,5468000.00,66.32,66.61,65.92
2015/10/22,66.21,9178000.00,66.65,66.72,65.29
2015/10/23,65.26,10492100.00,66.39,66.60,64.46
2015/10/26,65.69,6614000.00,65.28,66.11,65.14
2015/10/27,65.41,6060600.00,65.50,65.62,64.83
2015/10/28,65.64,7070300.00,65.84,66.03,64.96
2015/10/29,65.56,4869700.00,65.34,65.73,64.98
2015/10/30,65.51,7015300.00,65.57,65.81,65.04
2015/11/02,65.60,6098800.00,65.86,66.00,64.73
2015/11/03,65.70,5207600.00,65.62,65.85,65.34
2015/11/04,65.18,4921800.00,65.69,65.93,64.94
2015/11/05,65.93,4938900.00,65.59,66.22,65.23
2015/11/06,65.89,4815100.00,65.80,66.47,65.68
2015/11/09,65.24,5887300.00,65.57,65.71,64.64
2015/11/10,65.00,5263400.00,65.04,65.35,64.76
2015/11/11,63.71,8371500.00,65.19,65.29,63.64
2015/11/12,62.99,9074400.00,63.50,64.00,62.71
2015/11/13,60.93,16048300.00,62.50,62.61,60.58
2015/11/16,61.73,9093700.00,60.90,61.74,60.67
2015/11/17,61.29,10495000.00,61.53,61.80,60.21
2015/11/18,62.89,10425800.00,61.52,63.01,61.33
2015/11/19,62.89,7889200.00,63.13,63.49,62.69
2015/11/20,66.32,18420100.00,66.00,66.40,65.24
2015/11/23,66.23,7019600.00,66.46,66.50,65.89
2015/11/24,66.25,5154700.00,65.82,66.49,65.63
2015/11/25,67.07,6815400.00,66.60,67.28,66.51
2015/11/27,67.17,3999100.00,67.50,67.65,66.67
2015/11/30,66.14,8224700.00,67.00,67.10,65.82
2015/12/01,66.65,6730100.00,66.06,66.71,65.96
2015/12/02,66.32,7748500.00,66.44,66.61,66.05
2015/12/03,64.56,10527200.00,66.56,66.68,64.50
2015/12/04,66.17,7321100.00,65.00,66.46,64.90
2015/12/07,65.80,5602300.00,66.38,66.45,65.31
2015/12/08,65.85,5363200.00,65.43,66.37,65.21
2015/12/09,64.42,7279000.00,65.38,65.77,63.87
2015/12/10,64.32,5595200.00,64.36,64.82,64.00
2015/12/11,63.15,8148600.00,63.81,63.87,62.83
2015/12/14,63.93,7874100.00,63.33,64.17,63.06
2015/12/15,64.31,6628900.00,64.57,65.00,64.18
2015/12/16,65.46,7408400.00,64.57,65.60,64.41
2015/12/17,65.11,7315000.00,65.75,65.93,65.04
2015/12/18,64.26,13300700.00,64.68,65.27,64.18
2015/12/21,64.90,8795700.00,64.80,65.15,64.31
2015/12/22,65.93,14155200.00,65.65,65.93,64.91
2015/12/23,64.36,52226000.00,68.05,68.19,63.91
2015/12/24,63.18,13829600.00,64.50,64.73,62.15
2015/12/28,63.81,8594000.00,63.20,63.88,62.80
2015/12/29,64.26,6560600.00,64.34,64.48,64.02
2015/12/30,63.25,5625600.00,64.36,64.40,63.17
2015/12/31,62.50,5968000.00,63.00,63.17,62.50
2016/1/04,61.52,11438800.00,61.00,61.91,60.86
2016/1/05,62.38,8737400.00,61.72,62.59,61.72
2016/1/06,61.49,6471800.00,61.33,62.04,61.15
2016/1/07,59.85,10591700.00,60.46,61.26,59.78
2016/1/08,58.87,11002800.00,60.00,60.79,58.66
2016/1/11,59.55,12332500.00,58.97,60.04,58.53
2016/1/12,59.94,8191700.00,60.40,60.82,59.57
2016/1/13,58.78,9674400.00,60.47,60.53,58.67
2016/1/14,58.51,9785400.00,58.93,59.35,57.28
2016/1/15,57.56,11984900.00,56.87,58.14,56.59
2016/1/19,58.32,9155700.00,58.25,59.07,57.67
2016/1/20,59.04,16122300.00,57.45,59.59,56.75
2016/1/21,60.56,15891300.00,59.08,61.16,59.06
2016/1/22,60.88,8120800.00,61.20,61.47,60.59
2016/1/25,60.70,10139400.00,61.10,61.30,60.62
2016/1/26,61.11,7881900.00,60.50,61.37,60.27
2016/1/27,59.58,8483200.00,60.96,61.10,59.20
2016/1/28,61.20,9983100.00,60.32,61.60,59.98
2016/1/29,62.01,10137200.00,61.20,62.16,61.20
2016/2/01,63.16,8079000.00,61.80,63.47,61.70
2016/2/02,62.55,8961600.00,63.15,63.50,62.31
2016/2/03,62.49,7045600.00,62.75,62.90,61.30
2016/2/04,60.17,10278100.00,61.99,62.16,59.99
2016/2/05,57.17,14207400.00,59.75,59.84,56.97
2016/2/08,55.04,21131500.00,56.14,56.21,53.64
2016/2/09,55.68,10666000.00,54.50,56.62,54.28
2016/2/10,57.41,13138900.00,56.50,58.18,55.93
2016/2/11,56.00,12948700.00,56.55,56.91,55.39
2016/2/12,56.42,9950800.00,57.36,57.45,55.50
2016/2/16,57.79,7776500.00,57.94,58.00,56.82
2016/2/17,58.17,10086700.00,58.36,58.60,57.10
2016/2/18,58.60,9163300.00,58.17,58.96,57.98
2016/2/19,59.31,9916200.00,58.59,59.31,57.63
2016/2/22,60.17,10629600.00,59.65,60.47,59.26
2016/2/23,60.21,7399100.00,60.26,60.74,59.89
2016/2/24,60.40,10102200.00,59.81,60.69,59.20
2016/2/25,62.38,8239300.00,60.86,62.38,60.63
2016/2/26,62.60,8769500.00,62.71,63.49,62.47
2016/2/29,61.59,7005600.00,62.46,62.68,61.58
2016/3/01,62.92,7361900.00,61.97,63.10,61.75
2016/3/02,62.22,8071900.00,62.52,62.89,61.50
2016/3/03,61.47,7713700.00,62.05,62.20,60.92
2016/3/04,61.26,7225100.00,61.36,61.54,60.38
2016/3/07,59.25,12754100.00,61.08,61.14,58.79
2016/3/08,59.81,9242400.00,59.07,60.60,58.71
2016/3/09,58.33,12718600.00,59.50,59.62,57.95
2016/3/10,58.88,9270700.00,58.69,59.04,57.97
2016/3/11,60.08,8532600.00,59.14,60.44,59.13
2016/3/14,60.81,6964200.00,60.19,61.33,60.10
2016/3/15,61.40,6104800.00,60.48,61.75,60.35
2016/3/16,61.86,6963700.00,61.49,62.23,61.29
2016/3/17,63.18,9315000.00,61.89,63.38,61.74
2016/3/18,62.99,12599200.00,63.55,63.97,62.85
2016/3/21,64.72,13260200.00,63.46,65.29,63.40
2016/3/22,64.90,14757500.00,64.83,65.44,64.17
2016/3/23,62.44,26865800.00,61.20,63.45,61.15
2016/3/24,61.65,11773600.00,62.03,62.14,61.12
2016/3/28,61.34,7820700.00,61.56,61.98,61.25
2016/3/29,61.49,7390600.00,61.26,61.90,61.25
2016/3/30,62.04,7743700.00,61.88,62.41,61.77
2016/3/31,61.47,7482600.00,62.11,62.64,61.31
2016/4/01,61.59,7492600.00,61.17,61.82,61.15
2016/4/04,59.97,16391300.00,61.73,61.85,59.42
2016/4/05,59.67,7510600.00,59.68,60.17,59.44
2016/4/06,60.31,10087200.00,59.51,60.68,59.19
2016/4/07,60.30,6967500.00,59.80,60.58,59.71
2016/4/08,59.42,8687900.00,60.49,60.56,59.32
2016/4/11,57.92,12443700.00,59.72,59.78,57.82
2016/4/12,58.55,12374700.00,57.95,58.62,56.89
2016/4/13,59.58,10497700.00,59.00,59.95,58.83
2016/4/14,59.49,7695100.00,59.74,60.34,59.44
2016/4/15,59.50,7610400.00,58.99,59.59,58.39
2016/4/18,59.57,5638100.00,59.43,60.00,59.38
2016/4/19,59.56,6411200.00,59.91,59.99,59.33
2016/4/20,59.62,6437900.00,59.56,60.24,59.43
2016/4/21,60.08,7023000.00,60.52,60.53,59.71
2016/4/22,59.43,7756000.00,60.01,60.22,58.97
2016/4/25,59.21,5971200.00,59.34,59.42,58.76
2016/4/26,59.54,5564200.00,59.41,59.97,59.27
2016/4/27,59.27,7829300.00,59.63,59.73,58.63
2016/4/28,58.54,5927900.00,58.95,59.89,58.42
2016/4/29,58.94,7952500.00,58.45,59.09,58.10
2016/5/02,59.59,8473200.00,59.09,59.74,58.99
2016/5/03,59.52,7885500.00,59.24,59.85,59.03
2016/5/04,59.11,6339300.00,59.23,59.96,58.82
2016/5/05,58.19,7739300.00,58.92,58.98,58.00
2016/5/06,58.43,7111000.00,58.16,58.44,57.38
2016/5/09,58.72,5535600.00,58.59,59.19,58.45
2016/5/10,59.20,7484400.00,58.61,59.99,58.61
2016/5/11,57.01,12701800.00,58.46,58.68,56.85
2016/5/12,57.99,7989700.00,57.52,58.34,57.31
2016/5/13,57.31,7256600.00,57.72,58.12,57.28
2016/5/16,57.14,7890500.00,57.27,57.53,56.63
2016/5/17,57.10,7419800.00,57.15,57.38,56.65
2016/5/18,56.12,11275700.00,56.76,56.87,55.67
2016/5/19,57.04,8979600.00,55.91,57.30,55.67
2016/5/20,56.48,13536000.00,55.72,57.06,55.41
2016/5/23,55.99,7651600.00,56.72,56.97,55.95
2016/5/24,56.59,10909300.00,56.10,56.77,55.86
2016/5/25,55.99,9858800.00,56.46,56.69,55.77
2016/5/26,55.84,8972700.00,56.12,56.36,55.60
2016/5/27,56.19,8454900.00,56.23,56.53,55.98
2016/5/31,55.22,13049400.00,56.41,56.47,55.17
2016/6/01,54.93,28331700.00,53.34,55.04,52.92
2016/6/02,54.53,13859300.00,54.23,54.67,54.22
2016/6/03,53.45,17141400.00,54.29,54.57,53.40
2016/6/06,54.30,13751700.00,53.77,54.54,53.69
2016/6/07,53.55,13182800.00,54.14,54.35,53.55
2016/6/08,54.12,11965400.00,53.70,54.34,53.66
2016/6/09,54.94,11464100.00,54.11,55.05,53.88
2016/6/10,55.11,12127600.00,54.64,55.36,54.55
2016/6/13,54.91,8477000.00,54.98,55.64,54.88
2016/6/14,54.12,9506700.00,54.58,54.94,54.08
2016/6/15,54.31,7394200.00,54.34,55.06,54.24
2016/6/16,53.47,14357200.00,53.49,53.64,52.94
2016/6/17,53.71,10613600.00,53.44,53.87,53.16
2016/6/20,54.36,8232300.00,54.23,55.15,54.23
2016/6/21,54.77,7753700.00,54.46,55.09,54.44
2016/6/22,54.57,6820800.00,55.00,55.14,54.53
2016/6/23,54.12,11096600.00,55.11,55.18,53.95
2016/6/24,52.59,18263200.00,52.32,53.36,52.18
2016/6/27,51.89,15196200.00,52.00,52.52,51.47
2016/6/28,53.09,16833200.00,51.96,53.19,51.57
2016/6/29,55.13,35540400.00,54.84,55.14,52.89
2016/6/30,55.20,17108000.00,55.29,55.43,54.60
2016/7/01,55.61,9070200.00,55.09,55.81,54.91
2016/7/05,55.20,10165800.00,55.34,55.91,55.01
2016/7/06,55.80,7528500.00,55.00,55.81,54.82
2016/7/07,55.92,6810000.00,55.80,55.97,55.56
2016/7/08,56.72,8399300.00,56.10,56.82,56.09
2016/7/11,56.83,7781700.00,56.73,57.23,56.71
2016/7/12,58.06,10854600.00,57.07,58.20,57.07
2016/7/13,57.99,9011100.00,58.19,58.44,57.73
2016/7/14,58.49,7302400.00,58.31,58.60,58.15
2016/7/15,57.87,8831200.00,58.60,58.87,57.87
2016/7/18,57.74,6332500.00,58.00,58.16,57.74
2016/7/19,57.76,7368700.00,57.46,57.77,57.15
2016/7/20,57.76,5720900.00,58.00,58.10,57.74
2016/7/21,56.99,8157300.00,57.99,58.03,56.57
2016/7/22,56.73,8540700.00,56.82,56.96,56.42
2016/7/25,57.14,7070700.00,56.87,57.15,56.46
2016/7/26,56.37,8326700.00,57.24,57.87,56.25
2016/7/27,55.79,10199100.00,56.54,57.00,55.47
2016/7/28,55.45,9487500.00,55.59,55.81,54.98
2016/7/29,55.50,6262900.00,55.27,55.66,55.21
2016/8/01,55.41,6049500.00,55.73,55.87,55.30
2016/8/02,54.92,7050300.00,55.23,55.28,54.78
2016/8/03,54.75,9423900.00,54.50,55.19,54.28
2016/8/04,54.79,7840700.00,54.96,55.57,54.65
2016/8/05,55.85,7321200.00,55.29,56.06,55.17
2016/8/08,55.98,6064700.00,56.18,56.39,55.68
2016/8/09,55.77,7998300.00,56.08,56.24,55.69
2016/8/10,55.13,6598400.00,55.95,56.18,55.07
2016/8/11,56.73,9376000.00,55.65,56.89,55.48
2016/8/12,56.45,5350500.00,56.70,56.76,56.13
2016/8/15,56.77,4776100.00,56.67,57.06,56.62
2016/8/16,56.88,4835900.00,56.77,57.03,56.42
2016/8/17,56.86,7258400.00,56.87,56.97,56.54
2016/8/18,57.21,5951500.00,56.99,57.46,56.90
2016/8/19,58.90,15326700.00,57.41,59.14,57.25
2016/8/22,58.66,8234300.00,58.89,59.46,58.65
2016/8/23,59.62,8066400.00,58.80,59.80,58.80
2016/8/24,60.22,10957000.00,59.78,60.33,59.72
2016/8/25,59.24,8656000.00,59.99,60.15,59.03
2016/8/26,59.00,9947200.00,58.54,59.20,58.30
2016/8/29,58.63,5734600.00,59.20,59.25,58.53
2016/8/30,58.00,6205800.00,58.46,58.76,57.85
2016/8/31,57.64,7477300.00,58.00,58.28,57.19
2016/9/01,58.54,8155700.00,57.67,58.55,57.53
2016/9/02,58.02,6860800.00,58.60,59.18,57.99
2016/9/06,57.41,9533600.00,58.25,58.38,57.21
2016/9/07,57.72,7367900.00,57.51,57.78,57.01
2016/9/08,56.17,11931000.00,56.92,57.27,56.11
2016/9/09,55.33,11148300.00,55.88,56.00,55.26
2016/9/12,56.01,7130600.00,55.00,56.12,54.95
2016/9/13,55.37,7210700.00,55.87,55.94,55.12
2016/9/14,55.13,7357300.00,55.23,55.56,54.93
2016/9/15,55.47,6178800.00,54.95,55.54,54.81
2016/9/16,55.18,11093600.00,55.22,55.36,55.05
2016/9/19,54.95,7533000.00,55.41,55.47,54.93
2016/9/20,54.87,8004500.00,55.28,55.44,54.76
2016/9/21,55.34,7909800.00,55.02,55.38,54.61
2016/9/22,55.41,7891600.00,55.47,55.98,55.24
2016/9/23,55.15,8482000.00,55.00,55.71,54.91
2016/9/26,54.40,11208400.00,54.80,55.00,54.08
2016/9/27,55.34,14141900.00,54.25,55.54,53.90
2016/9/28,53.25,32336600.00,54.61,55.00,52.80
2016/9/29,52.16,16471400.00,52.92,53.58,52.12
2016/9/30,52.65,12485400.00,52.59,53.06,52.28
2016/10/03,52.67,7528200.00,52.54,53.00,52.42
2016/10/04,52.14,9203200.00,52.84,53.06,52.08
2016/10/05,52.12,7042300.00,52.15,52.64,52.10
2016/10/06,52.03,9000400.00,52.22,52.33,51.97
2016/10/07,51.79,7819200.00,52.42,52.46,51.68
2016/10/10,51.79,5157700.00,52.13,52.25,51.77
2016/10/11,51.82,8969700.00,51.93,52.25,51.52
2016/10/12,52.44,9206100.00,52.00,52.71,51.80
2016/10/13,52.03,8342900.00,52.09,52.32,51.50
2016/10/14,51.62,6824300.00,52.38,52.50,51.62
2016/10/17,51.03,7539400.00,51.65,51.75,50.96
2016/10/18,51.22,6687700.00,51.23,51.66,51.19
2016/10/19,51.80,6852200.00,51.34,51.84,51.14
2016/10/20,51.89,6422800.00,51.77,52.36,51.69
2016/10/21,51.77,7825300.00,51.80,51.87,51.25
2016/10/24,51.87,7131100.00,51.98,52.29,51.83
2016/10/25,51.05,14688700.00,50.88,51.44,50.71
2016/10/26,51.97,12070400.00,51.06,52.27,50.90
2016/10/27,51.89,7810200.00,52.23,52.34,51.69
2016/10/28,52.02,8973400.00,52.12,52.50,51.79
2016/10/31,50.18,17451100.00,50.97,51.15,50.00
2016/11/01,49.62,14040600.00,50.51,50.51,49.14
2016/11/02,49.72,10679900.00,49.20,50.27,49.01
2016/11/03,49.73,7538400.00,50.00,50.00,49.31
2016/11/04,49.96,9773200.00,49.80,50.45,49.76
2016/11/07,50.91,8249300.00,50.48,50.93,50.28
2016/11/08,51.08,7965000.00,51.14,51.49,50.95
2016/11/09,51.12,8952000.00,49.92,51.27,49.80
2016/11/10,50.39,12228500.00,51.13,51.37,50.33
2016/11/11,50.77,6271100.00,50.19,50.85,50.18
2016/11/14,50.21,7874300.00,51.11,51.19,50.21
2016/11/15,50.13,9196000.00,50.46,50.64,49.75
2016/11/16,50.68,6621600.00,50.00,50.80,49.95
2016/11/17,51.59,7577200.00,50.94,51.67,50.72
2016/11/18,51.10,7408200.00,51.50,51.89,50.96
2016/11/21,51.28,5313800.00,51.00,51.42,50.95
2016/11/22,51.71,5107300.00,51.30,51.75,51.05
2016/11/23,51.34,4115000.00,51.71,51.85,51.20
2016/11/25,51.52,2450100.00,51.68,51.74,51.35
2016/11/28,51.01,8095400.00,51.30,51.44,50.61
2016/11/29,50.63,5965400.00,51.25,51.37,50.57
2016/11/30,50.07,7767200.00,50.50,50.81,50.07
2016/12/01,50.65,7525700.00,50.10,51.25,50.06
2016/12/02,50.46,6671200.00,50.26,50.68,50.10
2016/12/05,51.85,11901100.00,50.80,52.27,50.70
2016/12/06,50.57,12268100.00,50.76,51.10,50.26
2016/12/07,52.10,10150500.00,50.76,52.25,50.60
2016/12/08,51.55,9048200.00,52.15,52.47,51.45
2016/12/09,51.72,5797000.00,51.77,51.97,51.50
2016/12/12,51.54,11392800.00,51.52,51.90,50.94
2016/12/13,52.30,11214000.00,51.94,53.22,51.83
2016/12/14,51.79,7666700.00,52.08,52.34,51.59
2016/12/15,51.29,9399300.00,52.00,52.04,51.09
2016/12/16,50.92,12138800.00,51.60,51.64,50.67
2016/12/19,50.85,9237100.00,50.91,51.36,50.48
2016/12/20,51.79,12576200.00,51.01,51.99,50.75
2016/12/21,52.30,23072600.00,53.00,53.35,51.55
2016/12/22,52.14,11602200.00,52.86,53.00,52.03
2016/12/23,51.91,9286700.00,52.18,52.35,51.67
2016/12/27,51.29,8053100.00,51.80,52.25,51.20
2016/12/28,51.02,6120800.00,51.31,51.50,50.87
2016/12/29,51.06,4598900.00,51.00,51.24,50.88
2016/12/30,50.83,7055600.00,51.10,51.33,50.70
2017/1/03,51.98,13174800.00,51.92,52.50,51.77
2017/1/04,53.07,13488200.00,52.25,53.35,52.09
2017/1/05,53.06,8546500.00,52.92,53.10,52.44
2017/1/06,53.91,12383500.00,53.06,54.09,52.98
2017/1/09,53.38,8693000.00,53.96,53.99,53.22
2017/1/10,53.11,7937500.00,53.55,53.73,53.11
2017/1/11,52.69,7985700.00,53.12,53.29,52.67
2017/1/12,52.40,7180100.00,52.41,52.69,52.16
2017/1/13,52.92,6611200.00,52.59,52.93,52.23
2017/1/17,53.65,9722600.00,53.18,53.95,53.01
2017/1/18,53.27,6579500.00,53.87,53.89,52.86
2017/1/19,52.93,8063800.00,53.90,53.94,52.89
2017/1/20,53.20,7609300.00,53.22,53.35,52.90
2017/1/23,53.24,6457000.00,53.00,53.26,52.72
2017/1/24,53.45,6122200.00,53.02,53.57,52.99
2017/1/25,53.86,6487400.00,53.82,54.12,53.69
2017/1/26,53.65,6139800.00,54.11,54.12,53.36
2017/1/27,53.19,7190700.00,53.68,54.08,53.03
2017/1/30,53.08,9201200.00,52.76,53.22,52.41
2017/1/31,52.90,12053800.00,51.66,52.90,51.63
2017/2/01,53.02,8695000.00,52.82,53.26,52.61
2017/2/02,52.80,7775100.00,53.00,53.01,52.48
2017/2/03,52.36,8696200.00,52.50,52.81,52.25
2017/2/06,52.80,7226300.00,52.11,52.80,52.05
2017/2/07,52.81,6381500.00,53.10,53.28,52.67
2017/2/08,53.88,9067000.00,52.74,53.94,52.70
2017/2/09,55.31,14047400.00,54.00,55.70,53.93
2017/2/10,56.22,14825300.00,55.71,56.47,55.63
2017/2/13,56.09,7312200.00,56.22,56.34,55.75
2017/2/14,56.45,8676800.00,55.92,56.69,55.83
2017/2/15,56.64,6253600.00,56.29,56.76,56.21
2017/2/16,56.29,8328500.00,56.88,56.92,56.10
2017/2/17,56.75,12230100.00,56.12,56.80,55.86
2017/2/21,57.36,10448000.00,56.20,57.45,56.20
2017/2/22,58.24,10711600.00,57.50,58.38,57.36
2017/2/23,57.39,12277800.00,58.14,58.40,57.27
2017/2/24,57.86,9576100.00,57.40,58.42,57.07
2017/2/27,57.69,4278300.00,57.65,57.83,57.35
2017/2/28,57.16,7651900.00,57.38,57.55,56.85
2017/3/01,57.95,8355500.00,57.93,58.03,57.33
2017/3/02,57.80,6323800.00,57.90,58.25,57.65
2017/3/03,56.70,9129600.00,57.52,57.65,56.51
2017/3/06,56.77,6688100.00,56.70,56.93,56.53
2017/3/07,56.55,6918800.00,56.75,56.99,56.02
2017/3/08,56.51,7530300.00,56.91,56.94,56.31
2017/3/09,56.36,6081200.00,56.61,56.66,56.09
2017/3/10,56.43,8519100.00,56.51,56.99,56.26
2017/3/13,56.67,6091800.00,56.40,56.81,56.11
2017/3/14,57.28,9026000.00,56.89,58.01,56.72
2017/3/15,57.66,9883900.00,57.64,57.99,56.75
2017/3/16,57.60,9779000.00,56.83,57.72,56.83
2017/3/17,57.80,10317800.00,57.80,57.88,57.31
2017/3/20,58.68,13140600.00,58.00,58.81,57.96
2017/3/21,58.01,13860000.00,58.78,59.00,57.72
2017/3/22,53.92,37191700.00,54.70,55.00,53.76
2017/3/23,55.37,21367100.00,54.58,55.55,54.52
2017/3/24,56.36,13929500.00,55.29,56.64,55.12
2017/3/27,55.93,8478600.00,55.64,56.25,55.54
2017/3/28,56.62,7165100.00,55.96,56.78,55.79
2017/3/29,56.68,7386600.00,56.41,57.10,56.35
2017/3/30,56.04,7115000.00,56.48,56.60,55.81
2017/3/31,55.73,5822000.00,56.00,56.03,55.65
2017/4/03,55.56,6795900.00,55.74,55.80,55.15
2017/4/04,55.04,8058600.00,55.17,55.30,54.83
2017/4/05,54.98,7630800.00,55.00,55.80,54.50
2017/4/06,55.14,6628700.00,55.07,55.94,54.94
2017/4/07,55.11,5674500.00,55.10,55.24,54.77
2017/4/10,54.90,5239600.00,55.00,55.33,54.72
2017/4/11,54.92,4239800.00,54.95,55.07,54.55
2017/4/12,55.57,7598300.00,54.54,55.62,54.50
2017/4/13,55.34,5184700.00,55.41,55.60,55.26
2017/4/17,56.24,7287300.00,55.32,56.33,55.25
2017/4/18,56.11,5597800.00,56.00,56.42,55.80
2017/4/19,55.86,5819100.00,56.11,56.22,55.74
2017/4/20,56.40,6812400.00,55.96,56.69,55.88
2017/4/21,55.85,5934800.00,56.33,56.38,55.68
2017/4/24,55.47,8781400.00,56.11,56.21,55.47
2017/4/25,55.45,8853500.00,55.56,55.77,55.41
2017/4/26,55.16,10838500.00,55.46,55.84,55.12
2017/4/27,55.47,8408700.00,55.18,55.57,54.91
2017/4/28,55.41,6086900.00,55.43,55.53,55.14
2017/5/01,54.99,4765400.00,55.40,55.45,54.98
2017/5/02,55.07,7247200.00,55.16,55.16,54.79
2017/5/03,54.53,8772900.00,55.17,55.30,54.40
2017/5/04,54.47,6737700.00,54.69,54.83,54.20
2017/5/05,53.95,12996500.00,54.49,54.50,53.56
2017/5/08,54.30,8397100.00,54.30,54.51,53.83
2017/5/09,54.89,6294100.00,54.31,55.08,54.16
2017/5/10,54.56,5697100.00,54.87,55.06,54.51
2017/5/11,54.24,6321300.00,54.35,54.52,53.40
2017/5/12,54.20,5488100.00,54.10,54.39,53.79
2017/5/15,53.77,7347500.00,54.09,54.20,53.68
2017/5/16,52.78,14393900.00,52.50,53.38,52.12
2017/5/17,51.80,18225900.00,52.46,52.87,51.80
2017/5/18,51.68,22410900.00,51.95,52.08,51.30
2017/5/19,51.77,19907700.00,50.97,52.11,50.81
2017/5/22,51.57,13395200.00,51.73,51.96,51.40
2017/5/23,52.20,10936900.00,51.97,52.63,51.88
2017/5/24,52.01,9155800.00,52.27,52.30,51.74
2017/5/25,52.35,7591700.00,52.30,52.59,52.21
2017/5/26,52.59,5837800.00,52.35,52.76,52.23
2017/5/30,52.92,7289000.00,52.80,53.02,52.64
2017/5/31,52.99,8627900.00,53.00,53.28,52.71
2017/6/01,52.30,12626400.00,53.04,53.30,52.21
2017/6/02,52.98,18158600.00,52.70,53.01,52.36
2017/6/05,53.01,5539000.00,53.00,53.23,52.70
2017/6/06,52.48,8814200.00,52.96,53.10,52.43
2017/6/07,53.23,7111000.00,52.79,53.36,52.75
2017/6/08,53.20,7258100.00,53.63,54.14,53.15
2017/6/09,53.46,7761000.00,53.15,53.47,52.80
2017/6/12,54.03,8655900.00,53.58,54.25,53.50
2017/6/13,54.31,8547100.00,54.03,54.66,53.84
2017/6/14,54.66,6389900.00,54.48,54.67,53.95
2017/6/15,52.90,15716500.00,54.00,54.05,52.73
2017/6/16,51.10,24991700.00,51.60,51.84,50.79
2017/6/19,52.02,11016300.00,51.45,52.22,51.40
2017/6/20,51.56,10310600.00,52.02,52.13,51.10
2017/6/21,52.59,12793100.00,51.94,52.69,51.90
2017/6/22,52.40,10033800.00,52.60,52.62,52.09
2017/6/23,52.85,8171100.00,52.15,52.92,51.67
2017/6/26,53.28,7677600.00,52.95,53.57,52.67
2017/6/27,52.95,7748600.00,53.19,53.26,52.64
2017/6/28,53.36,7014100.00,53.17,53.61,52.96
2017/6/29,53.17,11791800.00,53.33,53.63,52.99
2017/6/30,59.00,45285000.00,56.60,59.71,56.50
2017/7/03,58.65,9718200.00,58.36,59.01,58.33
2017/7/05,57.56,14958800.00,58.16,58.29,57.51
2017/7/06,57.16,8537900.00,57.45,57.72,57.00
2017/7/07,57.98,7843900.00,57.41,58.08,57.03
2017/7/10,58.73,8658500.00,57.89,58.81,57.68
2017/7/11,58.18,7040700.00,58.54,58.93,58.04
2017/7/12,58.22,6197000.00,58.30,58.75,58.10
2017/7/13,57.94,7799000.00,58.22,58.58,57.93
2017/7/14,58.00,6103600.00,57.95,58.21,57.64
2017/7/17,57.79,6004200.00,58.00,58.35,57.76
2017/7/18,57.65,4703900.00,57.74,58.08,57.47
2017/7/19,57.77,4273400.00,57.60,57.88,57.39
2017/7/20,59.10,11201400.00,59.11,59.59,58.80
2017/7/21,59.95,10930000.00,59.00,60.00,58.91
2017/7/24,58.95,7031700.00,59.63,59.77,58.76
2017/7/25,59.39,5065200.00,59.28,59.52,58.92
2017/7/26,58.36,5317300.00,59.09,59.13,58.32
2017/7/27,58.15,7232700.00,58.55,58.68,57.99
2017/7/28,58.67,4869300.00,58.15,58.74,57.97
2017/7/31,59.05,6049800.00,58.71,59.12,58.33
2017/8/01,59.84,8810200.00,59.00,59.94,58.90
2017/8/02,59.79,4087300.00,59.55,59.95,59.27
2017/8/03,60.14,5565700.00,59.80,60.53,59.64
2017/8/04,59.76,4073200.00,60.17,60.34,59.63
2017/8/07,59.79,3499600.00,59.85,60.10,59.71
2017/8/08,59.46,5502900.00,59.90,60.12,59.36
2017/8/09,59.90,5070500.00,59.42,59.97,59.26
2017/8/10,59.07,5460300.00,59.54,59.69,59.06
2017/8/11,58.97,4919500.00,58.84,59.27,58.59
2017/8/14,59.78,5459300.00,59.15,60.00,59.13
2017/8/15,58.56,8820700.00,58.91,59.01,58.29
2017/8/16,58.54,5400200.00,58.90,59.05,58.22
2017/8/17,57.46,8848400.00,58.53,58.74,57.42
2017/8/18,54.95,22682800.00,54.85,55.42,54.17
2017/8/21,53.61,13198400.00,54.41,54.44,53.10
2017/8/22,54.13,8023900.00,53.92,54.41,53.79
2017/8/23,53.61,6287800.00,53.90,54.08,53.44
2017/8/24,53.84,5352500.00,53.93,53.97,53.46
2017/8/25,53.90,6269400.00,54.03,54.20,53.54
2017/8/28,53.73,5117800.00,54.07,54.43,53.62
2017/8/29,52.73,12609000.00,52.71,52.88,52.06
2017/8/30,52.56,6924300.00,52.80,52.96,52.25
2017/8/31,52.81,7459300.00,52.61,52.98,52.47
2017/9/01,53.36,5396000.00,53.00,53.45,52.90
2017/9/05,53.01,6176400.00,53.25,53.47,52.88
2017/9/06,52.76,6781200.00,53.12,53.34,52.71
2017/9/07,52.39,6497400.00,52.76,52.85,52.34
2017/9/08,52.20,8212900.00,52.25,52.51,52.11
2017/9/11,53.03,7435800.00,52.38,53.13,52.32
2017/9/12,53.40,7754400.00,53.77,54.09,53.30
2017/9/13,53.52,5533800.00,53.45,53.64,53.04
2017/9/14,53.73,7367200.00,53.54,53.89,53.12
2017/9/15,53.87,9491400.00,53.99,54.06,53.52
2017/9/18,53.50,8026200.00,53.87,54.16,53.40
2017/9/19,53.33,14484800.00,52.85,54.05,52.51
2017/9/20,53.56,6928900.00,53.49,53.64,53.04
2017/9/21,53.19,7937700.00,53.55,53.64,53.09
2017/9/22,53.24,10731500.00,52.99,53.61,52.80
2017/9/25,53.23,12131200.00,53.06,53.56,53.00
2017/9/26,53.70,14150000.00,53.18,53.97,52.98
2017/9/27,52.67,35671800.00,52.00,52.69,51.03
2017/9/28,52.63,10441900.00,52.75,53.03,52.33
2017/9/29,51.85,11820700.00,52.54,52.82,51.76
2017/10/02,51.87,7317800.00,52.16,52.21,51.66
2017/10/03,51.47,7785100.00,52.00,52.05,51.40
2017/10/04,52.08,7596400.00,51.51,52.13,51.40
2017/10/05,52.18,4934100.00,52.01,52.32,51.78
2017/10/06,52.42,4879100.00,52.20,52.46,52.12
2017/10/09,51.52,6448100.00,52.20,52.30,51.50
2017/10/10,51.53,7154900.00,51.55,51.82,51.37
2017/10/11,51.03,8400500.00,51.35,51.52,50.83
2017/10/12,50.83,10566400.00,51.00,51.12,50.35
2017/10/13,50.98,15483200.00,50.83,51.07,50.40
2017/10/16,51.37,9227500.00,50.79,51.40,50.64
2017/10/17,52.00,8986200.00,51.50,52.04,51.38
2017/10/18,52.30,10667600.00,52.13,52.40,52.10
2017/10/19,52.69,12355700.00,51.72,52.80,51.48
2017/10/20,53.06,12220200.00,52.79,53.50,52.79
2017/10/23,53.66,11851600.00,53.06,53.95,53.00
2017/10/24,53.42,13336800.00,54.00,54.00,53.10
2017/10/25,54.94,24117200.00,53.43,55.90,52.67
2017/10/26,56.81,21536000.00,55.26,57.25,55.14
2017/10/27,55.96,12315500.00,55.87,56.36,55.65
2017/10/30,55.27,9648900.00,55.80,55.93,54.84
2017/10/31,54.99,9556000.00,54.75,55.28,54.52
2017/11/01,55.07,7249700.00,55.33,55.50,54.85
2017/11/02,55.12,7111600.00,55.15,55.32,54.59
2017/11/03,55.71,9264200.00,55.14,55.72,55.04
2017/11/06,56.04,8472300.00,55.29,56.13,55.14
2017/11/07,55.15,6612600.00,55.74,56.01,55.02
2017/11/08,55.76,6574900.00,55.00,55.77,54.89
2017/11/09,56.13,9537800.00,55.50,56.35,55.31
2017/11/10,56.09,7086800.00,55.88,56.49,55.62
2017/11/13,55.91,8696100.00,55.66,56.08,55.66
2017/11/14,55.98,4623800.00,55.71,56.18,55.53
2017/11/15,56.63,6461500.00,55.96,56.87,55.08
2017/11/16,57.23,7757300.00,56.62,57.28,56.41
2017/11/17,59.19,15098000.00,58.50,59.53,58.37
2017/11/20,59.25,8218400.00,58.66,59.50,57.98
2017/11/21,59.39,8115000.00,59.03,59.40,58.93
2017/11/22,59.07,7768900.00,59.18,59.34,58.94
