2014/11/25,65.47,102400.00,65.38,65.58,65.27
2014/11/26,65.90,15100.00,65.56,65.90,65.34
2014/11/28,66.23,40300.00,66.10,66.57,66.10
2014/12/01,66.09,58700.00,66.06,66.58,65.80
2014/12/02,66.38,39600.00,66.10,66.42,66.10
2014/12/03,66.39,37700.00,66.42,66.47,66.23
2014/12/04,66.36,30500.00,66.38,66.69,66.17
2014/12/05,66.65,23900.00,66.41,66.76,66.41
2014/12/08,66.60,56700.00,66.43,66.89,66.40
2014/12/09,65.91,83800.00,65.89,66.14,65.35
2014/12/10,65.26,166200.00,65.84,65.87,65.24
2014/12/11,65.46,70600.00,65.50,66.12,65.30
2014/12/12,64.25,73900.00,65.11,65.38,64.23
2014/12/15,63.76,64000.00,64.27,65.26,63.45
2014/12/16,63.35,43200.00,63.48,64.63,63.35
2014/12/17,64.27,95400.00,63.44,64.39,63.34
2014/12/18,65.86,88500.00,65.09,65.88,64.53
2014/12/19,65.98,107500.00,65.73,66.27,64.51
2014/12/22,65.93,132700.00,66.00,66.13,65.71
2014/12/23,64.43,173300.00,65.89,65.89,64.23
2014/12/24,64.87,36100.00,64.63,65.12,63.50
2014/12/26,65.20,52400.00,64.99,65.30,64.82
2014/12/29,64.90,44200.00,64.57,65.03,64.32
2014/12/30,64.65,40200.00,64.72,64.86,64.55
2014/12/31,64.27,29900.00,65.20,65.20,64.24
2015/1/02,64.27,90400.00,64.53,64.85,64.07
2015/1/05,63.88,125700.00,64.05,64.24,63.64
2015/1/06,63.71,61300.00,64.16,64.41,63.17
2015/1/07,64.76,82000.00,64.05,64.77,64.00
2015/1/08,66.01,372200.00,65.50,66.12,65.50
2015/1/09,65.72,38400.00,66.24,66.24,65.42
2015/1/12,65.87,271100.00,66.24,66.38,65.64
2015/1/13,65.73,303800.00,66.25,66.74,65.27
2015/1/14,65.60,224300.00,65.27,65.79,65.27
2015/1/15,65.54,61800.00,65.88,65.97,65.50
2015/1/16,66.52,22700.00,65.15,66.58,65.15
2015/1/20,66.54,46900.00,67.14,67.20,66.01
2015/1/21,66.43,21900.00,66.28,66.50,66.03
2015/1/22,66.52,41200.00,66.33,67.19,65.74
2015/1/23,66.39,152000.00,66.41,66.74,66.29
2015/1/26,66.79,110000.00,66.32,66.80,66.25
2015/1/27,66.77,33000.00,66.52,67.12,66.40
2015/1/28,65.95,52000.00,67.01,67.01,65.94
2015/1/29,66.62,25200.00,66.37,66.68,65.84
2015/1/30,65.35,37000.00,66.13,66.33,65.32
2015/2/02,65.68,20700.00,65.56,65.69,64.83
2015/2/03,65.98,29500.00,65.94,66.00,65.12
2015/2/04,65.27,20800.00,65.63,65.66,65.23
2015/2/05,66.49,26800.00,65.95,66.51,65.95
2015/2/06,66.16,23400.00,66.53,66.66,66.04
2015/2/09,65.68,36900.00,66.03,66.13,65.54
2015/2/10,66.56,40200.00,66.04,66.60,65.98
2015/2/11,66.54,22000.00,66.41,66.74,66.27
2015/2/12,67.09,25500.00,66.76,67.09,66.59
2015/2/13,67.69,415700.00,67.22,67.69,67.22
2015/2/17,67.92,41500.00,67.43,68.01,67.43
2015/2/18,67.88,66800.00,67.99,68.01,67.45
2015/2/19,68.03,31400.00,67.77,68.07,67.70
2015/2/20,68.80,37800.00,67.98,68.83,67.90
2015/2/23,69.23,56900.00,69.13,69.87,69.10
2015/2/24,69.29,28400.00,69.21,69.41,68.92
2015/2/25,69.30,15200.00,69.35,69.50,69.05
2015/2/26,69.48,13300.00,69.20,69.50,69.05
2015/2/27,69.20,31600.00,69.44,69.56,69.19
2015/3/02,69.64,62700.00,69.07,69.66,69.07
2015/3/03,69.12,33000.00,69.62,69.62,68.86
2015/3/04,69.31,42500.00,69.07,69.37,68.54
2015/3/05,69.30,102300.00,69.74,69.74,69.22
2015/3/06,68.12,151100.00,68.99,68.99,68.05
2015/3/09,68.67,100500.00,68.21,68.76,68.02
2015/3/10,67.82,103400.00,68.13,68.25,67.82
2015/3/11,67.91,15500.00,68.06,68.33,67.80
2015/3/12,68.97,39800.00,68.13,69.01,68.13
2015/3/13,69.00,19000.00,68.87,69.07,68.61
2015/3/16,70.21,45100.00,69.37,70.25,69.37
2015/3/17,70.12,154000.00,70.11,70.31,69.66
2015/3/18,71.41,35700.00,70.23,71.58,70.08
2015/3/19,71.26,15500.00,71.11,71.32,70.90
2015/3/20,71.99,42700.00,71.82,72.17,71.64
2015/3/23,71.96,36700.00,71.88,72.28,71.80
2015/3/24,71.40,60300.00,72.04,72.14,71.40
2015/3/25,70.34,400000.00,71.68,71.69,70.30
2015/3/26,70.22,53400.00,70.05,70.83,69.71
2015/3/27,70.70,15500.00,70.56,70.90,70.53
2015/3/30,71.29,40100.00,70.89,71.33,70.89
2015/3/31,70.24,218500.00,70.76,70.80,70.22
2015/4/01,69.35,586800.00,69.75,69.88,68.98
2015/4/02,69.56,142100.00,69.61,69.90,69.47
2015/4/06,69.77,40300.00,69.37,70.02,69.37
2015/4/07,70.19,52900.00,70.17,70.53,70.11
2015/4/08,71.06,66200.00,70.68,71.30,70.30
2015/4/09,71.62,34000.00,71.27,71.75,71.13
2015/4/10,72.17,51600.00,71.75,72.27,71.50
2015/4/13,71.66,62000.00,72.10,72.17,71.53
2015/4/14,71.97,235700.00,71.88,72.00,71.55
2015/4/15,72.01,66300.00,72.26,72.30,71.94
2015/4/16,71.72,66700.00,72.11,72.11,71.63
2015/4/17,71.52,22600.00,71.49,71.55,70.98
2015/4/20,71.60,89000.00,71.81,71.88,71.46
2015/4/21,72.29,31400.00,72.31,72.56,72.18
2015/4/22,72.27,31300.00,72.39,72.47,72.15
2015/4/23,72.59,102300.00,72.29,72.70,71.91
2015/4/24,72.58,20500.00,72.45,72.76,72.20
2015/4/27,71.50,159100.00,72.83,72.94,71.43
2015/4/28,71.66,100500.00,71.54,71.71,70.72
2015/4/29,71.40,18700.00,71.34,71.77,71.08
2015/4/30,70.75,379400.00,71.32,71.65,70.52
2015/5/01,71.48,46700.00,71.10,71.53,70.90
2015/5/04,71.83,68800.00,71.65,72.06,71.58
2015/5/05,70.99,20800.00,71.70,71.73,70.89
2015/5/06,70.69,81500.00,71.27,71.35,70.35
2015/5/07,70.77,27500.00,70.44,70.94,70.28
2015/5/08,71.95,19400.00,71.48,72.13,71.40
2015/5/11,72.05,86900.00,72.04,72.32,72.02
2015/5/12,71.66,29800.00,71.73,71.87,71.50
2015/5/13,71.63,221200.00,71.81,71.98,71.57
2015/5/14,72.55,29900.00,72.10,72.55,71.95
2015/5/15,72.48,74000.00,72.52,72.55,72.37
2015/5/18,72.65,109100.00,72.42,72.75,72.42
2015/5/19,73.02,55100.00,72.65,73.15,72.08
2015/5/20,73.01,43300.00,72.95,73.22,72.76
2015/5/21,73.39,25600.00,73.25,73.46,73.20
2015/5/22,73.16,27900.00,73.24,73.40,73.08
2015/5/26,72.37,176200.00,72.80,72.88,72.24
2015/5/27,73.27,49400.00,72.64,73.33,72.64
2015/5/28,73.56,94700.00,73.18,73.57,73.16
2015/5/29,72.95,47000.00,73.42,73.58,72.78
2015/6/01,73.10,37500.00,73.27,73.32,72.88
2015/6/02,72.90,41900.00,73.03,73.22,72.61
2015/6/03,73.15,37500.00,73.15,73.24,73.01
2015/6/04,72.60,48700.00,72.90,73.31,72.45
2015/6/05,72.29,35800.00,72.38,72.38,71.83
2015/6/08,71.82,33000.00,72.13,72.19,71.81
2015/6/09,71.81,49400.00,71.66,71.82,71.39
2015/6/10,72.60,31800.00,72.18,72.66,72.10
2015/6/11,73.05,26700.00,72.83,73.85,72.70
2015/6/12,72.26,193000.00,72.74,72.74,72.14
2015/6/15,71.72,25600.00,71.59,71.79,71.32
2015/6/16,71.96,38700.00,71.73,71.97,71.64
2015/6/17,71.91,32000.00,71.97,72.08,71.63
2015/6/18,72.69,33400.00,72.01,72.97,72.01
2015/6/19,72.24,13200.00,72.54,72.67,72.24
2015/6/22,73.05,173500.00,72.97,73.35,72.94
2015/6/23,73.20,30500.00,73.12,73.45,73.04
2015/6/24,72.53,35900.00,73.00,73.11,72.52
2015/6/25,73.17,25200.00,72.72,73.18,72.42
2015/6/26,72.40,112400.00,72.76,72.93,72.17
2015/6/29,70.75,60900.00,71.81,71.90,70.68
2015/6/30,70.75,123100.00,71.45,71.71,70.44
2015/7/01,71.42,132600.00,71.17,72.26,71.00
2015/7/02,71.52,32500.00,71.65,71.65,71.27
2015/7/06,71.24,27000.00,70.87,71.56,70.51
2015/7/07,71.60,52100.00,71.31,71.65,70.47
2015/7/08,70.61,28200.00,71.25,71.25,70.61
2015/7/09,71.38,30100.00,71.32,71.82,71.22
2015/7/10,72.79,17800.00,72.61,72.87,72.49
2015/7/13,73.47,32800.00,73.51,74.97,73.27
2015/7/14,74.07,143500.00,73.72,74.12,73.61
2015/7/15,73.64,43200.00,74.13,74.15,73.49
2015/7/16,74.04,76000.00,74.12,74.12,73.98
2015/7/17,73.86,32700.00,73.98,73.98,73.66
2015/7/20,74.20,73200.00,74.21,74.33,74.06
2015/7/21,73.69,29800.00,74.12,74.17,73.57
2015/7/22,73.73,18500.00,73.45,73.73,73.20
2015/7/23,73.77,20600.00,73.99,74.03,73.62
2015/7/24,72.69,61700.00,73.61,73.63,72.53
2015/7/27,73.19,69200.00,73.00,73.19,72.80
2015/7/28,73.94,90200.00,73.50,73.98,73.07
2015/7/29,74.18,39000.00,74.19,74.42,74.07
2015/7/30,73.69,25300.00,74.06,74.06,73.48
2015/7/31,74.19,39100.00,74.09,74.37,73.93
2015/8/03,74.26,26700.00,74.42,74.57,73.90
2015/8/04,73.94,14800.00,74.38,74.39,73.79
2015/8/05,74.33,41100.00,74.35,74.45,74.19
2015/8/06,72.89,80400.00,74.38,74.47,72.81
2015/8/07,72.83,26500.00,72.75,72.83,71.96
2015/8/10,73.39,21700.00,73.11,73.56,73.11
2015/8/11,72.80,36100.00,72.99,73.09,72.08
2015/8/12,72.52,36900.00,72.31,72.60,71.51
2015/8/13,72.50,51800.00,72.49,72.83,72.34
2015/8/14,72.66,22300.00,72.44,72.75,72.10
2015/8/17,73.24,21500.00,72.46,73.24,72.15
2015/8/18,73.13,20800.00,73.16,73.43,73.04
2015/8/19,72.77,24600.00,72.66,73.23,72.32
2015/8/20,71.12,36400.00,72.40,72.44,71.10
2015/8/21,69.01,104000.00,70.40,70.84,69.01
2015/8/24,66.54,160100.00,68.63,68.63,45.23
2015/8/25,65.64,206000.00,69.89,69.89,65.64
2015/8/26,67.95,147800.00,66.41,67.98,65.83
2015/8/27,69.29,42900.00,69.46,69.79,68.22
2015/8/28,68.98,14500.00,68.91,69.05,68.58
2015/8/31,68.03,47100.00,68.82,69.19,67.89
2015/9/01,66.35,114600.00,67.35,67.35,65.43
2015/9/02,67.53,35700.00,67.17,67.53,66.67
2015/9/03,67.14,53400.00,67.95,68.24,66.95
2015/9/04,66.33,36600.00,66.35,66.75,65.72
2015/9/08,67.85,26700.00,67.48,67.85,67.14
2015/9/09,66.68,32100.00,68.51,68.55,66.67
2015/9/10,67.21,18900.00,66.76,67.66,66.74
2015/9/11,67.47,13600.00,66.91,67.47,66.80
2015/9/14,67.21,24800.00,67.34,67.35,66.96
2015/9/15,68.07,99200.00,67.29,68.09,67.27
2015/9/16,68.55,86000.00,68.22,68.67,67.91
2015/9/17,69.16,68900.00,68.35,70.01,68.35
2015/9/18,68.47,23600.00,68.56,68.93,68.37
2015/9/21,67.33,88700.00,68.91,69.06,67.00
2015/9/22,66.26,215100.00,66.37,66.41,65.63
2015/9/23,66.08,25500.00,66.33,66.53,65.96
2015/9/24,65.61,109000.00,65.75,65.90,64.85
2015/9/25,64.19,34400.00,66.42,66.42,63.68
2015/9/28,61.49,147900.00,64.11,64.11,60.99
2015/9/29,61.31,214700.00,61.46,62.39,60.67
2015/9/30,62.97,101600.00,62.44,63.05,62.04
2015/10/01,63.26,45200.00,62.92,63.32,62.31
2015/10/02,64.47,53000.00,62.54,64.47,62.32
2015/10/05,64.34,65000.00,64.82,64.93,63.86
2015/10/06,63.21,98200.00,64.34,64.35,62.35
2015/10/07,63.39,350500.00,63.08,63.81,62.55
2015/10/08,63.85,39700.00,63.29,63.97,62.35
2015/10/09,64.09,43700.00,63.86,64.27,63.75
2015/10/12,64.02,45500.00,63.72,64.12,63.33
2015/10/13,62.88,40800.00,63.57,64.22,62.81
2015/10/14,63.33,60400.00,63.25,63.81,63.00
2015/10/15,64.59,130000.00,63.09,64.60,62.94
2015/10/16,65.59,92300.00,64.79,65.61,64.79
2015/10/19,65.23,23600.00,65.30,65.51,64.64
2015/10/20,63.53,82000.00,65.00,65.00,63.29
2015/10/21,62.37,525000.00,63.73,63.73,60.97
2015/10/22,61.86,478200.00,62.33,62.33,61.03
2015/10/23,63.58,153400.00,62.47,64.05,61.70
2015/10/26,63.70,61600.00,63.26,64.12,63.07
2015/10/27,64.34,28800.00,63.99,64.54,63.99
2015/10/28,65.57,49700.00,64.89,65.57,64.55
2015/10/29,65.27,85200.00,65.28,66.00,65.12
2015/10/30,64.88,60700.00,65.55,65.65,64.86
2015/11/02,65.83,65300.00,65.15,65.92,65.15
2015/11/03,65.76,91200.00,65.76,65.89,65.33
2015/11/04,65.50,37900.00,65.97,66.02,65.26
2015/11/05,65.18,52900.00,65.93,65.94,64.74
2015/11/06,64.80,57800.00,64.66,64.90,64.08
2015/11/09,64.07,36700.00,64.41,64.46,63.70
2015/11/10,64.37,19800.00,63.88,64.45,63.78
2015/11/11,63.94,25400.00,64.68,64.68,63.93
2015/11/12,62.80,24700.00,63.51,63.74,62.79
2015/11/13,62.75,13400.00,62.50,63.10,62.50
2015/11/16,63.36,30100.00,62.82,63.47,62.79
2015/11/17,63.90,16100.00,63.67,64.46,63.67
2015/11/18,65.06,38700.00,64.24,65.10,64.14
2015/11/19,64.89,9700.00,65.06,65.26,64.70
2015/11/20,65.30,13500.00,65.17,65.55,65.17
2015/11/23,64.77,301800.00,65.15,65.39,64.59
2015/11/24,64.76,108800.00,64.27,64.81,64.23
2015/11/25,65.14,16500.00,64.83,65.31,64.83
2015/11/27,65.20,16000.00,65.27,65.39,65.20
2015/11/30,64.72,46800.00,65.25,65.25,64.66
2015/12/01,65.93,160000.00,65.15,65.96,64.92
2015/12/02,65.14,491000.00,66.02,66.30,65.00
2015/12/03,64.13,289400.00,65.46,65.46,63.87
2015/12/04,65.41,188600.00,64.41,65.49,64.33
2015/12/07,65.14,104500.00,65.62,65.64,64.85
2015/12/08,64.91,263800.00,64.61,65.11,64.59
2015/12/09,64.27,138400.00,64.76,65.14,63.97
2015/12/10,64.70,106700.00,64.42,65.02,64.32
2015/12/11,63.77,65800.00,64.24,64.25,63.65
2015/12/14,64.01,72800.00,63.80,64.01,63.09
2015/12/15,64.96,32200.00,64.67,65.26,64.67
2015/12/16,66.03,72500.00,65.49,66.13,65.09
2015/12/17,65.12,52000.00,66.02,66.02,65.12
2015/12/18,64.45,52500.00,64.84,65.00,64.45
2015/12/21,64.75,58200.00,65.00,65.12,64.39
2015/12/22,65.33,22200.00,64.93,65.38,64.80
2015/12/23,66.22,37800.00,65.73,66.28,65.73
2015/12/24,66.15,7200.00,66.17,66.28,66.10
2015/12/28,65.71,22700.00,65.82,65.89,65.55
2015/12/29,66.16,43700.00,65.98,66.25,65.86
2015/12/30,66.05,131000.00,66.14,66.43,65.99
2015/12/31,65.31,58200.00,65.69,65.80,65.28
2016/1/04,64.15,217400.00,64.28,64.31,63.55
2016/1/05,64.65,24300.00,64.31,64.78,64.04
2016/1/06,63.98,25400.00,63.63,64.40,63.23
2016/1/07,62.70,29500.00,62.84,63.43,62.55
2016/1/08,61.50,44900.00,63.13,63.13,61.36
2016/1/11,60.48,391000.00,61.59,61.59,59.64
2016/1/12,61.11,124400.00,61.14,61.35,60.23
2016/1/13,59.73,77800.00,61.45,61.53,59.62
2016/1/14,61.27,100200.00,59.95,61.49,59.48
2016/1/15,60.27,30300.00,59.64,60.35,59.38
2016/1/19,60.56,58600.00,61.22,61.33,59.98
2016/1/20,60.50,133200.00,59.65,61.07,58.79
2016/1/21,60.59,89800.00,60.52,61.06,59.82
2016/1/22,61.47,61000.00,61.52,61.77,61.26
2016/1/25,61.26,77200.00,61.30,61.98,61.20
2016/1/26,61.96,26200.00,61.51,62.05,61.14
2016/1/27,60.94,29500.00,61.71,62.08,60.60
2016/1/28,59.36,102300.00,61.19,61.19,59.00
2016/1/29,60.23,36500.00,59.53,60.39,59.53
2016/2/02,59.61,249000.00,60.00,60.40,59.35
2016/2/03,59.67,76500.00,59.75,59.87,58.51
2016/2/04,58.92,160300.00,59.11,59.62,58.49
2016/2/05,58.17,69300.00,58.64,58.66,58.02
2016/2/08,57.08,50900.00,57.29,57.38,56.39
2016/2/09,57.07,80600.00,56.39,57.55,56.39
2016/2/10,57.21,116100.00,57.50,58.17,57.05
2016/2/11,56.22,204000.00,56.52,56.58,55.69
2016/2/12,57.06,33800.00,56.54,57.06,56.17
2016/2/16,57.96,53400.00,57.71,57.96,57.32
2016/2/17,59.03,68900.00,58.28,59.10,58.28
2016/2/18,58.42,455400.00,58.96,59.01,58.32
2016/2/19,58.19,137000.00,58.10,58.36,57.89
2016/2/22,58.43,33000.00,58.55,58.66,58.13
2016/2/23,58.13,39500.00,58.37,58.76,58.12
2016/2/24,58.35,68400.00,57.57,58.41,57.09
2016/2/25,59.34,16700.00,58.61,59.34,58.56
2016/2/26,58.93,17000.00,59.51,59.66,58.93
2016/2/29,57.41,46500.00,58.56,58.56,57.35
2016/3/01,58.43,38500.00,57.89,58.48,57.50
2016/3/02,58.68,36300.00,58.35,58.72,58.28
2016/3/03,58.25,77500.00,58.26,58.31,57.80
2016/3/04,58.26,36400.00,58.37,58.62,58.11
2016/3/07,58.84,42200.00,58.14,59.11,57.85
2016/3/08,58.30,63600.00,58.58,58.71,58.25
2016/3/09,58.82,96600.00,58.68,58.82,58.40
2016/3/10,58.84,93300.00,59.18,59.66,58.45
2016/3/11,60.13,24700.00,59.22,60.14,59.22
2016/3/14,59.86,218700.00,60.09,60.09,59.61
2016/3/15,57.43,137500.00,59.05,59.05,57.35
2016/3/16,57.10,122500.00,57.33,57.40,56.73
2016/3/17,56.41,222600.00,56.99,57.00,56.10
2016/3/18,56.82,145800.00,56.30,56.82,56.18
2016/3/21,57.17,14800.00,56.80,57.30,56.80
2016/3/22,57.84,34800.00,56.84,57.92,56.84
2016/3/23,57.45,65400.00,57.93,57.93,57.39
2016/3/24,57.22,94600.00,57.21,57.42,56.90
2016/3/28,56.86,58400.00,57.32,57.38,56.71
2016/3/29,57.70,30400.00,56.85,57.73,56.60
2016/3/30,57.66,38900.00,57.95,58.12,57.60
2016/3/31,57.50,28300.00,57.72,57.93,57.42
2016/4/01,57.44,14700.00,56.42,57.53,56.37
2016/4/04,58.10,59600.00,57.85,58.37,57.85
2016/4/05,57.32,222500.00,57.42,57.52,57.14
2016/4/06,59.45,66200.00,57.43,59.45,57.43
2016/4/07,59.16,180800.00,59.31,59.52,58.81
2016/4/08,58.74,18800.00,59.42,59.42,58.54
2016/4/11,58.21,122200.00,59.04,59.04,58.13
2016/4/12,58.51,14200.00,58.12,58.63,58.09
2016/4/13,59.09,34200.00,58.56,59.15,58.30
2016/4/14,59.27,57400.00,59.12,59.37,58.96
2016/4/15,59.31,8600.00,59.34,59.34,59.03
2016/4/18,59.92,119400.00,59.20,60.00,59.12
2016/4/19,60.39,246400.00,60.14,60.76,60.06
2016/4/20,60.45,181200.00,60.39,60.68,60.14
2016/4/21,60.77,236100.00,60.36,60.99,60.36
2016/4/22,60.87,32900.00,60.64,61.12,60.48
2016/4/25,59.82,20000.00,60.49,60.50,59.81
2016/4/26,59.62,21700.00,59.77,59.77,59.35
2016/4/27,59.48,43800.00,59.51,59.65,59.30
2016/4/28,58.77,107100.00,59.12,59.27,58.66
2016/4/29,58.24,73800.00,58.95,58.96,57.85
2016/5/02,58.35,20200.00,58.26,58.37,57.97
2016/5/03,58.53,134700.00,58.27,58.99,58.15
2016/5/04,57.59,47600.00,58.16,58.16,57.42
2016/5/05,57.55,398900.00,57.39,57.64,57.15
2016/5/06,56.37,142900.00,56.86,56.99,55.95
2016/5/09,57.22,31000.00,56.75,57.44,56.75
2016/5/10,57.52,118100.00,57.33,57.62,57.30
2016/5/11,56.94,40800.00,57.52,57.66,56.92
2016/5/12,56.47,53300.00,57.20,57.20,56.19
2016/5/13,56.46,12000.00,56.37,56.75,56.32
2016/5/16,57.32,24800.00,56.61,57.34,56.43
2016/5/17,57.14,23700.00,57.23,57.33,56.85
2016/5/18,57.48,40200.00,57.18,57.75,57.02
2016/5/19,56.85,18200.00,57.32,57.32,56.37
2016/5/20,57.55,9900.00,57.10,57.66,57.10
2016/5/23,57.16,102900.00,57.68,57.68,57.11
2016/5/24,58.10,38300.00,57.46,58.12,57.46
2016/5/25,58.55,133300.00,58.44,58.70,58.34
2016/5/26,58.59,38900.00,58.59,58.72,58.36
2016/5/27,58.72,26100.00,58.61,58.95,58.61
2016/5/31,58.87,31500.00,58.79,59.02,58.58
2016/6/01,59.17,52100.00,58.52,59.37,58.52
2016/6/02,59.87,119000.00,59.11,59.91,59.11
2016/6/03,59.75,29000.00,59.85,59.92,59.23
2016/6/06,60.00,32500.00,59.67,60.11,59.67
2016/6/07,59.80,23400.00,59.87,59.94,59.57
2016/6/08,59.71,104200.00,59.82,59.82,59.57
2016/6/09,59.22,37800.00,59.28,59.72,59.17
2016/6/10,58.24,67000.00,58.17,58.48,58.02
2016/6/13,57.78,36300.00,57.90,58.37,57.70
2016/6/14,57.64,44500.00,57.24,57.68,56.98
2016/6/15,57.22,32600.00,57.79,58.05,57.22
2016/6/16,57.31,33000.00,56.96,57.37,56.56
2016/6/17,56.85,33800.00,57.53,57.53,56.63
2016/6/20,57.40,35600.00,57.85,57.94,57.34
2016/6/21,57.30,60100.00,57.60,57.69,57.01
2016/6/22,57.49,133400.00,57.27,58.26,57.23
2016/6/23,58.35,45300.00,58.08,58.40,57.85
2016/6/24,56.17,75800.00,56.32,57.24,56.07
2016/6/27,55.37,52400.00,55.89,55.97,55.02
2016/6/28,56.70,55500.00,56.04,56.74,56.04
2016/6/29,58.12,36100.00,57.41,58.27,57.32
2016/6/30,58.62,20800.00,58.23,58.64,57.89
2016/7/01,58.79,12900.00,58.49,58.85,58.47
2016/7/05,58.58,21000.00,58.50,58.78,58.45
2016/7/06,59.29,32000.00,58.37,59.32,58.19
2016/7/07,59.29,12500.00,59.38,59.50,59.00
2016/7/08,59.72,24600.00,59.42,59.87,59.23
2016/7/11,59.74,20300.00,59.90,60.05,59.70
2016/7/12,60.44,43900.00,60.08,60.54,59.94
2016/7/13,60.51,21000.00,60.73,61.01,60.48
2016/7/14,60.81,32400.00,60.78,60.82,60.49
2016/7/15,60.49,27300.00,60.75,60.94,60.38
2016/7/18,60.60,80200.00,60.56,60.79,60.49
2016/7/19,60.32,10700.00,60.58,60.58,60.18
2016/7/20,61.21,8500.00,60.80,61.21,60.80
2016/7/21,61.01,14500.00,61.13,61.38,60.81
2016/7/22,61.18,11800.00,61.11,61.18,60.92
2016/7/25,61.11,9400.00,61.07,61.14,60.76
2016/7/26,61.07,9600.00,61.28,61.34,60.91
2016/7/27,61.67,132500.00,61.10,61.67,61.07
2016/7/28,61.71,242400.00,61.74,61.78,61.28
2016/7/29,61.87,41500.00,61.74,61.91,61.40
2016/8/01,61.87,18400.00,61.85,62.22,61.76
2016/8/02,61.90,95000.00,61.90,62.04,61.60
2016/8/03,61.96,24100.00,61.67,62.06,61.63
2016/8/04,61.97,34800.00,62.05,62.16,61.90
2016/8/05,61.47,64300.00,61.57,61.57,61.27
2016/8/08,60.84,308200.00,61.14,61.14,60.65
2016/8/09,61.56,81300.00,61.02,61.63,61.02
2016/8/10,60.93,108400.00,61.24,61.24,60.82
2016/8/11,61.18,13600.00,61.04,61.26,60.92
2016/8/12,61.04,13500.00,61.01,61.05,60.86
2016/8/15,61.26,9900.00,61.29,61.44,61.25
2016/8/16,60.97,36000.00,61.12,61.32,60.97
2016/8/17,61.16,12800.00,61.14,61.24,60.78
2016/8/18,61.17,14500.00,61.14,61.34,61.07
2016/8/19,61.09,18100.00,60.94,61.10,60.79
2016/8/22,61.13,19600.00,61.07,61.43,61.07
2016/8/23,61.00,14100.00,61.22,61.28,60.96
2016/8/24,59.75,197500.00,61.12,61.29,59.64
2016/8/25,59.20,44300.00,59.83,60.03,58.97
2016/8/26,59.29,15500.00,59.39,59.72,59.03
2016/8/29,59.42,23700.00,59.32,59.54,59.12
2016/8/30,59.16,8500.00,59.28,59.36,59.15
2016/8/31,58.87,50000.00,59.02,59.02,58.66
2016/9/01,58.78,223600.00,58.74,58.85,58.51
2016/9/02,58.84,15200.00,59.12,59.12,58.69
2016/9/06,59.23,26300.00,58.87,59.51,58.87
2016/9/07,59.25,27800.00,59.30,59.41,59.09
2016/9/08,59.21,19600.00,58.96,59.36,58.96
2016/9/09,57.90,58600.00,58.73,58.74,57.88
2016/9/12,59.12,39200.00,57.82,59.29,57.82
2016/9/13,58.33,31800.00,58.81,58.81,58.10
2016/9/14,58.38,185600.00,58.46,58.83,58.26
2016/9/15,58.84,21100.00,58.43,58.96,58.24
2016/9/16,58.70,19800.00,58.76,58.82,58.52
2016/9/19,58.48,9800.00,58.88,58.95,58.40
2016/9/20,58.65,44200.00,58.87,58.91,58.65
2016/9/21,58.98,25000.00,58.67,59.07,58.29
2016/9/22,59.39,14900.00,59.27,59.53,59.27
2016/9/23,59.36,14800.00,59.21,59.52,59.21
2016/9/26,58.49,253300.00,59.13,59.13,58.38
2016/9/27,58.86,18100.00,58.29,58.86,58.29
2016/9/28,58.84,13700.00,58.97,58.97,58.41
2016/9/29,57.26,45900.00,58.67,58.67,57.14
2016/9/30,57.46,9700.00,57.38,57.60,57.35
2016/10/03,57.36,139000.00,57.12,57.36,56.92
2016/10/04,57.25,18600.00,57.47,57.68,56.97
2016/10/05,57.57,7700.00,57.42,57.69,57.42
2016/10/06,57.08,7700.00,57.28,57.28,56.99
2016/10/07,56.90,16400.00,57.13,57.30,56.55
2016/10/10,57.19,17800.00,56.84,57.40,56.84
2016/10/11,56.01,18200.00,56.67,56.67,55.78
2016/10/12,55.63,11400.00,55.89,56.14,55.57
2016/10/13,55.72,138000.00,55.10,55.76,55.05
2016/10/14,55.10,35600.00,55.49,55.87,55.10
2016/10/17,54.77,50500.00,54.97,54.97,54.67
2016/10/18,55.47,33900.00,55.25,55.53,55.20
2016/10/19,55.20,27400.00,55.39,55.42,55.16
2016/10/20,55.51,17700.00,55.19,55.66,55.19
2016/10/21,55.09,29400.00,55.08,55.35,55.05
2016/10/24,54.80,13700.00,55.16,55.16,54.76
2016/10/25,54.76,128000.00,54.67,54.88,54.41
2016/10/26,54.27,23200.00,54.70,54.70,54.10
2016/10/27,54.63,92900.00,55.07,55.07,54.49
2016/10/28,52.44,182900.00,53.29,53.29,52.22
2016/10/31,51.81,62900.00,52.57,52.57,51.81
2016/11/01,52.20,46700.00,52.24,52.31,51.50
2016/11/02,52.35,165300.00,52.57,52.72,52.20
2016/11/03,50.73,255700.00,52.56,52.56,50.64
2016/11/04,51.18,185100.00,50.95,51.56,50.81
2016/11/07,52.07,84000.00,51.99,52.22,51.71
2016/11/08,51.58,126100.00,51.51,52.08,51.13
2016/11/09,54.23,1604300.00,56.25,56.25,53.14
2016/11/10,54.71,798100.00,54.86,55.23,54.42
2016/11/11,54.35,298100.00,54.71,54.71,53.88
2016/11/14,54.23,209600.00,54.78,54.78,53.95
2016/11/15,53.99,63100.00,54.28,54.28,53.43
2016/11/16,53.29,54600.00,54.09,54.09,53.22
2016/11/17,53.46,153300.00,53.65,53.65,53.02
2016/11/18,52.79,58000.00,53.44,53.44,52.78
2016/11/21,52.93,90900.00,53.01,53.08,52.82
2016/11/22,52.13,88100.00,52.99,52.99,51.80
2016/11/23,52.13,56800.00,51.25,52.13,50.95
2016/11/25,52.45,16400.00,52.59,52.59,52.32
2016/11/28,52.19,114800.00,52.51,52.51,52.14
2016/11/29,52.05,44500.00,52.34,52.34,52.04
2016/11/30,51.84,39700.00,52.33,52.33,51.75
2016/12/01,51.08,36300.00,52.06,52.06,51.02
2016/12/02,51.45,44600.00,51.11,51.58,51.11
2016/12/05,51.66,70500.00,51.81,51.92,51.50
2016/12/06,51.77,33200.00,51.71,51.77,51.33
2016/12/07,51.07,143800.00,51.39,51.39,50.35
2016/12/08,51.23,76600.00,50.72,51.23,50.58
2016/12/09,52.06,208700.00,51.44,52.17,51.32
2016/12/12,52.13,103100.00,51.84,52.24,51.84
2016/12/13,52.73,119700.00,52.38,52.80,52.34
2016/12/14,52.19,141800.00,52.72,52.86,51.97
2016/12/15,52.49,36300.00,52.32,52.56,52.19
2016/12/16,52.64,39000.00,52.63,52.74,52.49
2016/12/19,52.56,46200.00,52.50,52.99,52.49
2016/12/20,52.56,150700.00,52.66,52.75,52.37
2016/12/21,52.38,60300.00,52.48,52.67,52.33
2016/12/22,52.38,61100.00,52.34,52.55,52.22
2016/12/23,52.69,41300.00,52.31,52.69,52.31
2016/12/27,52.64,68800.00,52.66,52.97,52.64
2016/12/28,52.08,34000.00,52.51,52.51,52.08
2016/12/29,52.35,46400.00,52.21,52.55,52.21
2016/12/30,52.51,61800.00,52.56,52.65,52.33
2017/1/03,53.40,200000.00,53.00,53.40,52.78
2017/1/04,53.78,94200.00,53.79,53.94,53.42
2017/1/05,54.25,69400.00,53.99,54.29,53.72
2017/1/06,53.80,90500.00,54.02,54.24,53.68
2017/1/09,53.92,93500.00,54.04,54.08,53.62
2017/1/10,53.91,63300.00,54.17,54.17,53.85
2017/1/11,52.67,2952900.00,53.94,53.94,52.20
2017/1/12,52.80,83500.00,52.39,52.90,52.39
2017/1/13,52.97,22800.00,53.03,53.18,52.80
2017/1/17,52.74,47500.00,52.67,52.83,52.40
2017/1/18,52.72,37200.00,52.78,52.93,52.55
2017/1/19,52.19,255300.00,52.41,52.58,52.14
2017/1/20,51.91,323800.00,52.15,52.23,51.87
2017/1/23,51.61,151300.00,51.67,51.84,51.53
2017/1/24,51.22,231700.00,51.46,51.46,50.91
2017/1/25,51.77,146600.00,51.29,51.80,51.29
2017/1/26,51.17,182100.00,51.52,51.68,51.17
2017/1/27,51.49,27900.00,51.43,51.59,51.25
2017/1/30,51.51,62100.00,51.45,51.58,51.22
2017/1/31,52.32,3472000.00,51.20,52.32,51.09
2017/2/01,52.63,222500.00,52.47,52.67,52.13
2017/2/02,52.59,66400.00,52.33,52.59,52.01
2017/2/03,52.79,23100.00,52.80,52.80,52.57
2017/2/06,52.92,45200.00,52.47,52.94,52.47
2017/2/07,52.76,58100.00,53.07,53.07,52.62
2017/2/08,53.06,66600.00,52.59,53.11,52.59
2017/2/09,53.39,113600.00,53.39,53.50,53.20
2017/2/10,53.38,21200.00,53.26,53.58,53.26
2017/2/13,53.70,46500.00,53.74,53.76,53.62
2017/2/14,54.26,38000.00,53.67,54.29,53.63
2017/2/15,55.13,1189000.00,54.00,55.25,54.00
2017/2/16,55.02,353800.00,55.40,55.40,54.68
2017/2/17,55.25,22100.00,54.86,55.30,54.86
2017/2/21,55.56,147000.00,55.39,55.73,55.26
2017/2/22,55.30,953800.00,55.41,55.54,55.30
2017/2/23,55.94,2503600.00,55.57,56.09,55.54
2017/2/24,56.00,54400.00,55.59,56.00,55.59
2017/2/27,56.12,109200.00,55.88,56.23,55.88
2017/2/28,55.61,67400.00,56.02,56.02,55.56
2017/3/01,56.08,80600.00,56.02,56.19,55.78
2017/3/02,56.08,20400.00,56.05,56.33,55.88
2017/3/03,56.23,28200.00,56.02,56.33,56.02
2017/3/06,55.72,17000.00,56.12,56.12,55.57
2017/3/07,55.12,89200.00,55.10,55.39,54.83
2017/3/08,55.19,81900.00,54.96,55.42,54.96
2017/3/09,55.57,57500.00,55.15,55.62,55.15
2017/3/10,55.77,14700.00,55.85,55.86,55.60
2017/3/13,55.72,14100.00,55.75,55.75,55.61
2017/3/14,55.52,35700.00,55.52,55.63,55.39
2017/3/15,56.10,26800.00,55.62,56.16,55.58
2017/3/16,56.05,33700.00,56.35,56.35,55.81
2017/3/17,55.73,26100.00,55.83,55.96,55.71
2017/3/20,55.76,11000.00,55.75,56.00,55.65
2017/3/21,55.18,215300.00,55.78,55.94,55.10
2017/3/22,55.21,330000.00,55.05,55.29,54.90
2017/3/23,55.27,20600.00,55.30,55.62,55.15
2017/3/24,55.17,186000.00,55.34,55.34,55.03
2017/3/27,55.82,112900.00,54.87,55.84,54.87
2017/3/28,55.73,11400.00,55.63,55.84,55.62
2017/3/29,55.82,15500.00,55.77,56.01,55.67
2017/3/30,55.46,213300.00,55.89,55.89,55.41
2017/3/31,55.14,54900.00,55.33,55.43,55.14
2017/4/03,54.60,74500.00,54.56,54.74,54.36
2017/4/04,54.76,10100.00,54.72,54.77,54.57
2017/4/05,54.39,233600.00,54.60,54.88,54.35
2017/4/06,54.49,236200.00,54.39,54.72,54.39
2017/4/07,54.59,25200.00,54.31,54.81,54.31
2017/4/10,54.66,111800.00,54.65,54.91,54.61
2017/4/11,54.59,16300.00,54.61,54.61,54.42
2017/4/12,54.61,110600.00,54.39,54.66,54.38
2017/4/13,54.40,52600.00,54.42,54.63,54.40
2017/4/17,54.49,5500.00,54.31,54.52,54.27
2017/4/18,53.58,22100.00,54.02,54.02,53.31
2017/4/19,53.44,50100.00,53.59,53.79,53.41
2017/4/20,53.78,35500.00,53.61,53.89,53.53
2017/4/21,53.44,76600.00,53.58,53.84,53.38
2017/4/24,54.15,21900.00,53.98,54.23,53.98
2017/4/25,54.38,17200.00,54.47,54.47,54.20
2017/4/26,54.70,13000.00,54.34,55.02,54.34
2017/4/27,55.35,122900.00,54.84,55.48,54.84
2017/4/28,55.20,47000.00,55.42,55.42,55.05
2017/5/01,55.26,54500.00,55.19,55.43,55.19
2017/5/02,55.79,35900.00,55.50,55.90,55.25
2017/5/03,55.33,16600.00,55.81,55.81,55.17
2017/5/04,56.01,63400.00,55.64,56.10,55.64
2017/5/05,56.05,30200.00,56.05,56.07,55.76
2017/5/08,55.63,110400.00,55.98,55.98,55.56
2017/5/09,56.14,61800.00,55.83,56.27,55.83
2017/5/10,56.45,13500.00,56.38,56.45,55.99
2017/5/11,56.74,28600.00,56.29,56.83,56.28
2017/5/12,57.18,56000.00,57.00,57.24,56.95
2017/5/15,57.51,36200.00,57.16,57.57,57.02
2017/5/16,57.43,31700.00,57.79,57.79,57.31
2017/5/17,56.49,28000.00,56.93,57.21,56.49
2017/5/18,56.43,145300.00,56.50,56.70,56.26
2017/5/19,56.83,37400.00,56.73,56.98,56.73
2017/5/22,56.94,38900.00,56.99,57.20,56.90
2017/5/23,57.12,19100.00,57.11,57.17,57.01
2017/5/24,57.18,30400.00,57.25,57.25,56.96
2017/5/25,57.44,50700.00,57.35,57.48,57.20
2017/5/26,57.08,5800.00,57.26,57.34,57.05
2017/5/30,56.86,39600.00,56.92,57.21,56.86
2017/5/31,57.35,16600.00,57.37,57.54,57.17
2017/6/01,58.08,107400.00,57.33,58.08,57.33
2017/6/02,58.15,36800.00,58.29,58.37,58.09
2017/6/05,57.80,11900.00,58.10,58.10,57.50
2017/6/06,57.42,11300.00,57.72,57.72,57.39
2017/6/07,57.35,14600.00,57.25,57.51,57.24
2017/6/08,57.49,14500.00,57.34,57.72,57.34
2017/6/09,57.72,169900.00,57.38,57.81,57.28
2017/6/12,57.51,73200.00,57.50,57.83,57.45
2017/6/13,57.58,35900.00,57.88,57.88,57.46
2017/6/14,57.78,297000.00,57.59,58.00,57.59
2017/6/15,57.57,146800.00,57.31,57.78,57.25
2017/6/16,57.74,52600.00,57.65,57.85,57.43
2017/6/19,58.26,126800.00,57.77,58.40,57.77
2017/6/20,58.32,102000.00,58.15,58.67,58.15
2017/6/21,58.91,49500.00,58.40,58.95,58.40
2017/6/22,60.10,86000.00,59.33,60.37,59.21
2017/6/23,60.08,151300.00,59.91,60.11,59.80
2017/6/26,60.22,66200.00,60.38,60.47,60.10
2017/6/27,59.55,117400.00,60.35,60.35,59.53
2017/6/28,59.73,10100.00,59.88,59.93,59.69
2017/6/29,59.14,34000.00,59.71,59.71,58.91
2017/6/30,59.06,108900.00,59.36,59.36,58.95
2017/7/03,58.82,49300.00,58.66,58.98,58.66
2017/7/05,58.86,40500.00,58.87,58.87,58.42
2017/7/06,57.83,39300.00,58.55,58.55,57.74
2017/7/07,58.02,77400.00,57.81,58.06,57.62
2017/7/10,57.81,15400.00,58.01,58.01,57.66
2017/7/11,57.63,28000.00,57.50,57.78,57.43
2017/7/12,58.34,93900.00,58.19,58.63,58.15
2017/7/13,58.45,144600.00,58.38,58.69,58.12
2017/7/14,58.63,9400.00,58.66,58.82,58.60
2017/7/17,58.44,80800.00,58.72,58.77,58.40
2017/7/18,58.39,27400.00,58.28,58.41,58.13
2017/7/19,58.41,25300.00,58.43,58.55,58.31
2017/7/20,59.09,164100.00,58.55,59.28,58.55
2017/7/21,59.15,7900.00,59.06,59.18,58.94
2017/7/24,58.87,11200.00,58.97,58.98,58.73
2017/7/25,58.69,20300.00,59.12,59.12,58.68
2017/7/26,58.68,46600.00,58.63,58.68,58.48
2017/7/27,57.82,233900.00,58.06,58.18,57.59
2017/7/28,58.03,25000.00,57.54,58.08,57.53
2017/7/31,57.99,126900.00,58.34,58.35,57.97
2017/8/01,57.70,34800.00,58.08,58.08,57.68
2017/8/02,57.30,192000.00,57.94,57.94,57.22
2017/8/03,56.00,86100.00,56.71,56.71,55.95
2017/8/04,55.44,55500.00,55.88,55.88,55.34
2017/8/07,55.09,20300.00,55.15,55.38,54.99
2017/8/08,54.68,106500.00,55.16,55.26,54.57
2017/8/09,54.63,109900.00,54.53,54.70,54.32
2017/8/10,54.40,62400.00,54.52,54.96,54.38
2017/8/11,54.44,129400.00,54.62,54.83,54.41
2017/8/14,54.44,234900.00,54.52,54.79,54.43
2017/8/15,54.66,129300.00,54.47,54.78,54.39
2017/8/16,54.86,92000.00,54.56,54.99,54.56
2017/8/17,54.31,49600.00,54.71,55.09,54.31
2017/8/18,54.07,18100.00,54.05,54.31,53.85
2017/8/21,54.06,27800.00,53.96,54.19,53.83
2017/8/22,54.63,18000.00,54.08,54.73,54.08
2017/8/23,54.34,11300.00,54.38,54.50,54.34
2017/8/24,54.62,18000.00,54.42,54.74,54.41
2017/8/25,54.66,5700.00,54.68,54.95,54.66
2017/8/28,54.88,10000.00,54.56,54.90,54.56
2017/8/29,54.74,13500.00,54.46,54.81,54.35
2017/8/30,54.71,9200.00,54.60,54.85,54.53
2017/8/31,55.63,25000.00,54.80,55.68,54.80
2017/9/01,55.55,34000.00,55.67,55.84,55.47
2017/9/05,55.16,57100.00,55.35,55.52,54.97
2017/9/06,55.74,8100.00,55.47,55.77,55.47
2017/9/07,56.77,98500.00,55.88,56.91,55.88
2017/9/08,57.02,8900.00,56.60,57.08,56.60
2017/9/11,57.97,82800.00,57.25,57.99,57.25
2017/9/12,58.38,23800.00,58.02,58.40,58.02
2017/9/13,58.10,20300.00,58.13,58.33,57.99
2017/9/14,57.96,101800.00,57.83,58.10,57.80
2017/9/15,57.59,60700.00,57.89,57.94,57.49
2017/9/18,57.24,50200.00,57.61,57.72,57.15
2017/9/19,57.15,32700.00,57.33,57.44,57.09
2017/9/20,57.37,120600.00,57.03,57.46,56.92
2017/9/21,57.49,51300.00,57.51,57.72,57.40
2017/9/22,57.73,10700.00,57.71,57.81,57.49
2017/9/25,57.67,145900.00,57.56,57.81,57.56
2017/9/26,57.31,17000.00,57.34,57.67,57.26
2017/9/27,57.62,10400.00,57.15,57.71,57.15
2017/9/28,57.27,151900.00,57.59,57.69,57.27
2017/9/29,57.76,13500.00,57.28,57.80,57.28
2017/10/02,58.38,28000.00,57.54,58.38,57.54
2017/10/03,58.34,12600.00,58.35,58.45,57.99
2017/10/04,58.43,26200.00,58.20,58.65,58.20
2017/10/05,58.38,55400.00,58.33,58.47,58.16
2017/10/06,58.24,15900.00,58.34,58.52,58.14
2017/10/09,58.07,249500.00,58.39,58.39,57.95
2017/10/10,58.15,224100.00,58.24,58.24,57.92
2017/10/11,58.38,76800.00,58.38,58.54,58.19
2017/10/12,58.09,47500.00,58.28,58.30,58.07
2017/10/13,57.75,52100.00,58.09,58.17,57.63
2017/10/16,57.53,19200.00,57.75,58.16,57.43
2017/10/17,57.81,25400.00,57.22,57.89,57.22
2017/10/18,57.76,17900.00,57.84,58.00,57.69
2017/10/19,58.37,96200.00,57.65,58.37,57.65
2017/10/20,58.32,8300.00,58.22,58.39,58.20
2017/10/23,57.82,7700.00,58.22,58.32,57.82
2017/10/24,57.47,10300.00,57.65,57.65,57.10
2017/10/25,57.02,30500.00,57.21,57.28,56.83
2017/10/26,55.90,90500.00,56.86,57.02,55.76
2017/10/27,55.22,34400.00,55.63,55.86,55.16
2017/10/30,55.12,35100.00,55.09,55.40,55.04
2017/10/31,55.24,26800.00,55.04,55.63,54.88
2017/11/01,55.57,68000.00,55.46,55.80,55.39
2017/11/02,54.55,33100.00,54.94,55.16,54.44
2017/11/03,55.10,10000.00,54.47,55.11,54.47
2017/11/06,55.37,21500.00,55.01,55.44,55.01
2017/11/07,54.78,16100.00,55.21,55.46,54.71
2017/11/08,55.40,54800.00,54.53,55.50,54.53
2017/11/09,55.53,32200.00,55.16,55.62,55.16
2017/11/10,55.38,6000.00,55.31,55.38,55.10
2017/11/13,55.12,16900.00,55.10,55.30,54.96
2017/11/14,55.08,186400.00,54.83,55.13,54.78
2017/11/15,55.35,15800.00,54.73,55.45,54.69
2017/11/16,55.87,11600.00,55.31,55.90,55.31
2017/11/17,56.00,5200.00,55.86,56.00,55.73
2017/11/20,55.62,55400.00,55.79,55.80,55.45
2017/11/21,56.27,13800.00,55.65,56.43,55.65
2017/11/22,56.56,19800.00,56.49,56.76,56.49
