2014/11/25,7.43,75800.00,7.38,7.45,7.38
2014/11/26,7.45,160800.00,7.44,7.48,7.42
2014/11/28,7.41,28000.00,7.46,7.48,7.40
2014/12/01,7.47,97300.00,7.40,7.48,7.38
2014/12/02,7.39,144200.00,7.45,7.47,7.39
2014/12/03,7.35,152500.00,7.37,7.37,7.34
2014/12/04,7.40,139200.00,7.37,7.42,7.35
2014/12/05,7.46,78600.00,7.41,7.46,7.39
2014/12/08,7.42,111600.00,7.42,7.48,7.42
2014/12/09,7.44,59200.00,7.40,7.45,7.40
2014/12/10,7.40,53100.00,7.41,7.42,7.37
2014/12/11,7.44,83700.00,7.35,7.44,7.35
2014/12/12,7.49,104200.00,7.47,7.51,7.46
2014/12/15,7.52,139600.00,7.53,7.54,7.48
2014/12/16,7.46,62600.00,7.51,7.54,7.46
2014/12/17,7.53,89600.00,7.51,7.55,7.45
2014/12/18,7.58,311700.00,7.61,7.62,7.56
2014/12/19,7.55,99500.00,7.55,7.57,7.50
2014/12/22,7.53,131700.00,7.58,7.59,7.53
2014/12/23,7.58,146800.00,7.53,7.59,7.53
2014/12/24,7.50,72000.00,7.55,7.56,7.46
2014/12/26,7.54,75000.00,7.50,7.54,7.48
2014/12/29,7.53,135200.00,7.54,7.56,7.50
2014/12/30,7.48,155200.00,7.51,7.53,7.47
2014/12/31,7.37,280100.00,7.46,7.46,7.37
2015/1/02,7.29,42000.00,7.35,7.36,7.27
2015/1/05,7.43,111800.00,7.36,7.43,7.36
2015/1/06,7.43,75100.00,7.45,7.46,7.42
2015/1/07,7.39,102600.00,7.45,7.45,7.38
2015/1/08,7.37,70000.00,7.41,7.41,7.35
2015/1/09,7.38,45900.00,7.38,7.38,7.33
2015/1/12,7.27,186500.00,7.33,7.35,7.26
2015/1/13,7.19,201200.00,7.30,7.30,7.17
2015/1/14,7.17,189900.00,7.13,7.17,7.11
2015/1/15,7.12,55800.00,7.24,7.24,7.10
2015/1/16,7.16,32800.00,7.11,7.16,7.11
2015/1/20,7.10,54600.00,7.11,7.13,7.06
2015/1/21,7.09,10200.00,7.13,7.13,7.08
2015/1/22,7.05,94400.00,7.12,7.12,7.05
2015/1/23,7.01,58400.00,7.05,7.05,7.00
2015/1/26,7.00,36500.00,7.01,7.02,6.98
2015/1/27,6.99,143300.00,7.02,7.02,6.98
2015/1/28,6.93,111500.00,7.00,7.00,6.93
2015/1/29,6.90,69400.00,6.92,6.94,6.89
2015/1/30,6.90,141200.00,6.90,6.90,6.85
2015/2/02,6.83,40200.00,6.91,6.91,6.83
2015/2/03,7.00,128400.00,6.89,7.02,6.89
2015/2/04,6.95,24600.00,6.96,6.98,6.93
2015/2/05,7.01,165100.00,6.99,7.01,6.97
2015/2/06,7.04,109900.00,7.02,7.04,6.98
2015/2/09,7.07,42000.00,7.04,7.09,7.01
2015/2/10,7.01,49800.00,7.06,7.07,7.01
2015/2/11,6.99,13400.00,7.00,7.01,6.98
2015/2/12,7.01,56000.00,7.01,7.02,6.99
2015/2/13,7.09,44200.00,7.04,7.11,7.04
2015/2/17,7.14,81200.00,7.01,7.14,7.01
2015/2/18,7.08,23000.00,7.12,7.12,7.06
2015/2/19,7.08,11100.00,7.06,7.12,7.06
2015/2/20,7.03,25900.00,7.06,7.06,7.02
2015/2/23,6.95,60200.00,7.01,7.01,6.95
2015/2/24,6.97,22200.00,6.98,7.02,6.97
2015/2/25,6.93,29400.00,6.98,6.98,6.93
2015/2/26,6.98,68800.00,6.91,6.99,6.91
2015/2/27,7.04,40100.00,7.00,7.06,6.99
2015/3/02,6.97,50800.00,7.03,7.05,6.97
2015/3/03,6.94,74300.00,6.95,6.97,6.91
2015/3/04,6.91,53700.00,6.91,6.92,6.88
2015/3/05,6.86,51700.00,6.93,6.93,6.85
2015/3/06,6.81,38700.00,6.82,6.83,6.80
2015/3/09,6.83,21100.00,6.84,6.85,6.83
2015/3/10,6.80,74700.00,6.83,6.83,6.78
2015/3/11,6.83,96800.00,6.82,6.86,6.80
2015/3/12,6.80,57900.00,6.81,6.82,6.77
2015/3/13,6.71,131100.00,6.79,6.81,6.71
2015/3/16,6.77,37600.00,6.73,6.77,6.71
2015/3/17,6.68,48000.00,6.72,6.74,6.68
2015/3/18,6.81,117800.00,6.73,6.81,6.67
2015/3/19,6.77,92700.00,6.79,6.80,6.75
2015/3/20,6.86,267200.00,6.79,6.88,6.79
2015/3/23,6.95,67500.00,6.92,6.97,6.92
2015/3/24,6.94,86500.00,6.93,6.96,6.92
2015/3/25,6.91,69800.00,6.92,6.94,6.91
2015/3/26,6.84,94100.00,6.90,6.91,6.84
2015/3/27,6.83,28000.00,6.82,6.84,6.82
2015/3/30,6.86,23800.00,6.84,6.90,6.84
2015/3/31,6.77,95500.00,6.86,6.88,6.77
2015/4/01,6.83,59400.00,6.79,6.85,6.76
2015/4/02,6.90,119100.00,6.88,6.93,6.87
2015/4/06,6.86,33700.00,6.92,6.92,6.86
2015/4/07,6.87,52000.00,6.87,6.89,6.85
2015/4/08,6.85,22900.00,6.85,6.87,6.85
2015/4/09,6.80,62400.00,6.82,6.84,6.79
2015/4/10,6.81,24800.00,6.78,6.81,6.77
2015/4/13,6.71,63800.00,6.76,6.76,6.71
2015/4/14,6.72,27100.00,6.72,6.75,6.71
2015/4/15,6.72,26700.00,6.72,6.77,6.72
2015/4/16,6.73,47700.00,6.72,6.75,6.70
2015/4/17,6.71,33800.00,6.72,6.76,6.71
2015/4/20,6.70,63600.00,6.70,6.72,6.69
2015/4/21,6.70,28700.00,6.68,6.71,6.67
2015/4/22,6.69,55900.00,6.69,6.72,6.67
2015/4/23,6.78,95200.00,6.72,6.80,6.72
2015/4/24,6.75,27200.00,6.76,6.77,6.73
2015/4/27,6.69,37900.00,6.75,6.75,6.68
2015/4/28,6.69,70100.00,6.72,6.73,6.68
2015/4/29,6.75,32200.00,6.70,6.77,6.70
2015/4/30,6.74,142800.00,6.77,6.78,6.71
2015/5/01,6.70,48500.00,6.70,6.75,6.64
2015/5/04,6.69,274900.00,6.65,6.70,6.65
2015/5/05,6.68,28300.00,6.66,6.70,6.66
2015/5/06,6.71,47600.00,6.71,6.75,6.69
2015/5/07,6.65,20800.00,6.70,6.70,6.65
2015/5/08,6.72,91300.00,6.67,6.73,6.67
2015/5/11,6.70,39600.00,6.74,6.74,6.70
2015/5/12,6.69,43200.00,6.68,6.74,6.68
2015/5/13,6.68,40500.00,6.70,6.72,6.65
2015/5/14,6.81,220400.00,6.71,6.83,6.71
2015/5/15,6.79,138100.00,6.82,6.84,6.77
2015/5/18,6.83,25400.00,6.83,6.84,6.81
2015/5/19,6.74,64600.00,6.78,6.78,6.72
2015/5/20,6.72,49700.00,6.71,6.74,6.69
2015/5/21,6.74,45700.00,6.74,6.76,6.74
2015/5/22,6.68,21300.00,6.75,6.76,6.68
2015/5/26,6.60,90800.00,6.67,6.67,6.60
2015/5/27,6.56,27400.00,6.59,6.60,6.56
2015/5/28,6.62,83200.00,6.58,6.62,6.57
2015/5/29,6.61,16900.00,6.63,6.66,6.59
2015/6/01,6.66,65400.00,6.63,6.68,6.63
2015/6/02,6.74,15400.00,6.70,6.75,6.70
2015/6/03,6.75,48800.00,6.76,6.81,6.75
2015/6/04,6.80,22100.00,6.76,6.82,6.76
2015/6/05,6.78,40500.00,6.77,6.84,6.77
2015/6/08,6.85,54400.00,6.80,6.86,6.80
2015/6/09,6.87,150200.00,6.84,6.89,6.84
2015/6/10,6.80,175000.00,6.89,6.90,6.79
2015/6/11,6.71,27800.00,6.76,6.76,6.71
2015/6/12,6.70,7600.00,6.71,6.72,6.70
2015/6/15,6.62,34200.00,6.68,6.68,6.62
2015/6/16,6.69,73300.00,6.64,6.70,6.63
2015/6/17,6.74,102000.00,6.74,6.74,6.61
2015/6/18,6.71,14500.00,6.73,6.74,6.69
2015/6/19,6.69,17300.00,6.67,6.69,6.65
2015/6/22,6.77,26100.00,6.70,6.77,6.70
2015/6/23,6.81,105800.00,6.79,6.83,6.77
2015/6/24,6.85,41600.00,6.80,6.89,6.80
2015/6/25,6.90,34200.00,6.84,6.92,6.84
2015/6/26,7.03,134700.00,7.03,7.07,7.00
2015/6/29,7.05,98600.00,7.09,7.12,7.05
2015/6/30,7.26,732400.00,7.06,7.30,7.05
2015/7/01,7.23,576700.00,7.25,7.25,7.16
2015/7/02,7.25,47300.00,7.19,7.29,7.18
2015/7/06,7.19,49500.00,7.14,7.23,7.14
2015/7/07,7.11,164800.00,7.18,7.18,7.07
2015/7/08,7.07,47000.00,7.06,7.14,7.06
2015/7/09,7.12,35200.00,7.15,7.15,7.11
2015/7/10,7.16,59200.00,7.16,7.22,7.11
2015/7/13,7.17,25200.00,7.18,7.18,7.11
2015/7/14,7.13,88500.00,7.17,7.19,7.13
2015/7/15,7.10,44800.00,7.08,7.12,7.05
2015/7/16,7.04,41400.00,7.11,7.14,7.04
2015/7/17,6.99,98400.00,7.02,7.02,6.98
2015/7/20,6.87,68700.00,6.91,6.94,6.87
2015/7/21,6.85,72700.00,6.85,6.90,6.85
2015/7/22,6.81,63000.00,6.82,6.88,6.80
2015/7/23,6.80,98200.00,6.82,6.83,6.79
2015/7/24,6.71,174000.00,6.78,6.78,6.71
2015/7/27,6.57,35300.00,6.64,6.66,6.57
2015/7/28,6.63,91300.00,6.60,6.64,6.60
2015/7/29,6.58,52100.00,6.61,6.64,6.58
2015/7/30,6.61,39600.00,6.64,6.65,6.60
2015/7/31,6.57,37700.00,6.61,6.65,6.57
2015/8/03,6.56,109400.00,6.54,6.58,6.52
2015/8/04,6.58,419400.00,6.58,6.61,6.56
2015/8/05,6.59,35300.00,6.59,6.62,6.58
2015/8/06,6.58,31300.00,6.60,6.61,6.56
2015/8/07,6.61,91300.00,6.57,6.62,6.57
2015/8/10,6.71,95900.00,6.61,6.74,6.61
2015/8/11,6.61,50100.00,6.68,6.68,6.60
2015/8/12,6.50,32300.00,6.61,6.63,6.46
2015/8/13,6.57,14400.00,6.52,6.58,6.52
2015/8/14,6.56,57300.00,6.54,6.60,6.54
2015/8/17,6.55,26000.00,6.57,6.57,6.54
2015/8/18,6.51,89500.00,6.54,6.54,6.51
2015/8/19,6.48,75300.00,6.51,6.53,6.47
2015/8/20,6.52,36700.00,6.50,6.53,6.49
2015/8/21,6.44,21800.00,6.49,6.49,6.43
2015/8/24,6.38,311200.00,6.40,6.40,6.26
2015/8/25,6.35,89400.00,6.43,6.43,6.34
2015/8/26,6.29,123900.00,6.34,6.35,6.29
2015/8/27,6.35,102200.00,6.34,6.38,6.31
2015/8/28,6.35,24300.00,6.36,6.38,6.35
2015/8/31,6.34,391500.00,6.30,6.35,6.29
2015/9/01,6.29,60400.00,6.32,6.33,6.29
2015/9/02,6.26,71000.00,6.28,6.32,6.24
2015/9/03,6.25,61900.00,6.24,6.30,6.23
2015/9/04,6.23,125900.00,6.23,6.25,6.23
2015/9/08,6.32,18100.00,6.23,6.32,6.23
2015/9/09,6.30,23000.00,6.33,6.33,6.30
2015/9/10,6.33,29400.00,6.35,6.35,6.32
2015/9/11,6.38,82900.00,6.34,6.40,6.27
2015/9/14,6.43,15700.00,6.40,6.45,6.40
2015/9/15,6.42,51400.00,6.40,6.43,6.40
2015/9/16,6.37,18700.00,6.40,6.40,6.36
2015/9/17,6.34,31200.00,6.35,6.35,6.33
2015/9/18,6.28,62900.00,6.30,6.31,6.26
2015/9/21,6.31,42200.00,6.27,6.34,6.27
2015/9/22,6.28,53600.00,6.28,6.28,6.26
2015/9/23,6.30,56900.00,6.30,6.31,6.28
2015/9/24,6.31,7600.00,6.30,6.31,6.27
2015/9/25,6.39,19700.00,6.34,6.40,6.34
2015/9/28,6.37,9300.00,6.35,6.40,6.34
2015/9/29,6.38,116200.00,6.34,6.38,6.34
2015/9/30,6.37,46600.00,6.38,6.43,6.35
2015/10/01,6.39,18600.00,6.39,6.43,6.38
2015/10/02,6.40,12100.00,6.37,6.42,6.36
2015/10/05,6.44,23000.00,6.45,6.47,6.41
2015/10/06,6.53,55500.00,6.47,6.54,6.47
2015/10/07,6.52,38900.00,6.57,6.57,6.50
2015/10/08,6.49,16100.00,6.49,6.51,6.46
2015/10/09,6.49,21600.00,6.54,6.54,6.47
2015/10/12,6.51,39400.00,6.51,6.52,6.49
2015/10/13,6.59,32300.00,6.48,6.59,6.42
2015/10/14,6.55,102600.00,6.60,6.62,6.53
2015/10/15,6.52,62400.00,6.54,6.56,6.52
2015/10/16,6.49,17500.00,6.48,6.50,6.47
2015/10/19,6.47,101200.00,6.48,6.51,6.46
2015/10/20,6.49,45500.00,6.47,6.50,6.46
2015/10/21,6.52,80700.00,6.50,6.55,6.49
2015/10/22,6.50,27300.00,6.55,6.58,6.49
2015/10/23,6.45,27700.00,6.48,6.48,6.43
2015/10/26,6.46,44300.00,6.44,6.49,6.43
2015/10/27,6.45,100700.00,6.46,6.49,6.44
2015/10/28,6.45,78400.00,6.45,6.45,6.43
2015/10/29,6.46,64300.00,6.47,6.47,6.45
2015/10/30,6.50,22700.00,6.48,6.52,6.48
2015/11/02,6.46,15300.00,6.51,6.51,6.45
2015/11/03,6.50,182500.00,6.51,6.51,6.48
2015/11/04,6.47,92400.00,6.49,6.55,6.44
2015/11/05,6.42,30300.00,6.45,6.46,6.42
2015/11/06,6.42,36300.00,6.41,6.42,6.38
2015/11/09,6.32,6700.00,6.41,6.41,6.32
2015/11/10,6.30,150400.00,6.50,6.50,6.26
2015/11/11,6.32,179900.00,6.34,6.34,6.30
2015/11/12,6.35,119000.00,6.33,6.35,6.29
2015/11/13,6.29,160100.00,6.35,6.35,6.27
2015/11/16,6.29,266300.00,6.27,6.49,6.25
2015/11/17,6.28,645300.00,6.29,6.29,6.24
2015/11/18,6.26,153200.00,6.28,6.28,6.23
2015/11/19,6.31,139200.00,6.30,6.40,6.27
2015/11/20,6.32,152300.00,6.32,6.35,6.31
2015/11/23,6.33,106100.00,6.29,6.33,6.26
2015/11/24,6.30,83300.00,6.30,6.34,6.29
2015/11/25,6.34,36700.00,6.31,6.34,6.30
2015/11/27,6.31,22500.00,6.33,6.35,6.30
2015/11/30,6.29,138700.00,6.30,6.32,6.28
2015/12/01,6.34,64700.00,6.32,6.34,6.28
2015/12/02,6.31,45300.00,6.32,6.33,6.30
2015/12/03,6.37,22400.00,6.31,6.39,6.31
2015/12/04,6.42,44100.00,6.40,6.42,6.39
2015/12/07,6.38,188900.00,6.42,6.44,6.36
2015/12/08,6.35,123000.00,6.35,6.36,6.33
2015/12/09,6.38,24200.00,6.38,6.40,6.35
2015/12/10,6.38,38000.00,6.34,6.40,6.34
2015/12/11,6.36,75400.00,6.38,6.50,6.35
2015/12/14,6.33,1968800.00,6.34,6.36,6.33
2015/12/15,6.31,67600.00,6.31,6.33,6.30
2015/12/16,6.28,106100.00,6.30,6.31,6.25
2015/12/17,6.27,128800.00,6.24,6.28,6.18
2015/12/18,6.33,87500.00,6.29,6.37,6.29
2015/12/21,6.32,242300.00,6.33,6.40,6.31
2015/12/22,6.28,68500.00,6.32,6.34,6.28
2015/12/23,6.29,30700.00,6.28,6.30,6.28
2015/12/24,6.28,24300.00,6.28,6.29,6.28
2015/12/28,6.25,86200.00,6.28,6.30,6.24
2015/12/29,6.27,51800.00,6.25,6.28,6.25
2015/12/30,6.26,67000.00,6.27,6.33,6.26
2015/12/31,6.25,196600.00,6.25,6.27,6.24
2016/1/04,6.16,37500.00,6.24,6.24,6.14
2016/1/05,6.15,22700.00,6.18,6.19,6.13
2016/1/06,6.13,29700.00,6.13,6.15,6.12
2016/1/07,6.11,38000.00,6.10,6.13,6.09
2016/1/08,6.15,45500.00,6.14,6.18,6.14
2016/1/11,6.07,139800.00,6.12,6.13,6.07
2016/1/12,6.13,112700.00,6.07,6.16,6.06
2016/1/13,6.16,45900.00,6.17,6.18,6.15
2016/1/14,6.13,35800.00,6.15,6.15,6.12
2016/1/15,6.14,141400.00,6.11,6.14,6.10
2016/1/19,6.16,34600.00,6.17,6.18,6.14
2016/1/20,6.09,27400.00,6.10,6.12,6.07
2016/1/21,6.13,42500.00,6.11,6.15,6.11
2016/1/22,6.15,47900.00,6.18,6.19,6.15
2016/1/25,6.15,27900.00,6.16,6.16,6.13
2016/1/26,6.15,59400.00,6.14,6.17,6.14
2016/1/27,6.15,36900.00,6.16,6.17,6.13
2016/1/28,6.11,39200.00,6.13,6.14,6.11
2016/1/29,6.14,65900.00,6.11,6.14,6.11
2016/2/01,6.13,24400.00,6.14,6.14,6.11
2016/2/02,6.14,23900.00,6.12,6.16,6.12
2016/2/03,6.16,25300.00,6.14,6.18,6.14
2016/2/04,6.13,28200.00,6.20,6.20,6.12
2016/2/05,6.10,31600.00,6.13,6.13,6.10
2016/2/08,6.04,87100.00,6.07,6.07,6.03
2016/2/09,6.00,41000.00,6.04,6.05,6.00
2016/2/10,6.01,29300.00,6.01,6.04,6.01
2016/2/11,6.01,158100.00,6.00,6.03,6.00
2016/2/12,6.01,32000.00,6.02,6.04,6.00
2016/2/16,6.07,40000.00,6.00,6.08,6.00
2016/2/17,6.09,68100.00,6.05,6.10,6.05
2016/2/18,6.08,45800.00,6.11,6.11,6.08
2016/2/19,6.06,9200.00,6.06,6.08,6.06
2016/2/22,6.04,188700.00,6.08,6.09,6.04
2016/2/23,6.00,39800.00,6.05,6.05,6.00
2016/2/24,5.99,41600.00,6.00,6.00,5.97
2016/2/25,5.98,21400.00,6.00,6.00,5.98
2016/2/26,5.96,77300.00,5.96,6.00,5.95
2016/2/29,5.98,121500.00,5.97,5.98,5.93
2016/3/01,5.92,81700.00,5.97,5.97,5.92
2016/3/02,5.94,43600.00,5.94,5.95,5.90
2016/3/03,5.99,57100.00,5.96,6.00,5.95
2016/3/04,6.04,109600.00,6.04,6.06,6.03
2016/3/07,6.06,21800.00,6.07,6.10,6.06
2016/3/08,6.07,21400.00,6.05,6.08,6.04
2016/3/09,6.09,25800.00,6.06,6.09,6.06
2016/3/10,6.13,36100.00,6.06,6.13,6.06
2016/3/11,6.18,59000.00,6.14,6.19,6.14
2016/3/14,6.22,48100.00,6.18,6.22,6.16
2016/3/15,6.21,98400.00,6.20,6.21,6.19
2016/3/16,6.23,45700.00,6.20,6.23,6.17
2016/3/17,6.23,97000.00,6.26,6.29,6.23
2016/3/18,6.22,24000.00,6.23,6.26,6.21
2016/3/21,6.25,43300.00,6.22,6.26,6.22
2016/3/22,6.29,38200.00,6.28,6.29,6.27
2016/3/23,6.25,10700.00,6.25,6.27,6.24
2016/3/24,6.22,5400.00,6.21,6.22,6.21
2016/3/28,6.27,5200.00,6.22,6.28,6.22
2016/3/29,6.28,12600.00,6.26,6.29,6.26
2016/3/30,6.24,13900.00,6.30,6.32,6.23
2016/3/31,6.23,15600.00,6.25,6.25,6.20
2016/4/01,6.22,9300.00,6.21,6.23,6.21
2016/4/04,6.20,30900.00,6.22,6.22,6.20
2016/4/05,6.18,34200.00,6.20,6.21,6.18
2016/4/06,6.18,37000.00,6.16,6.19,6.15
2016/4/07,6.16,59400.00,6.17,6.18,6.16
2016/4/08,6.21,29100.00,6.19,6.22,6.18
2016/4/11,6.19,22100.00,6.20,6.23,6.19
2016/4/12,6.24,28900.00,6.23,6.25,6.22
2016/4/13,6.29,69700.00,6.29,6.31,6.28
2016/4/14,6.28,22100.00,6.30,6.30,6.27
2016/4/15,6.31,57300.00,6.27,6.32,6.27
2016/4/18,6.38,23900.00,6.36,6.40,6.32
2016/4/19,6.48,27600.00,6.42,6.48,6.42
2016/4/20,6.60,24700.00,6.48,6.60,6.48
2016/4/21,6.55,69100.00,6.61,6.61,6.53
2016/4/22,6.38,55000.00,6.50,6.51,6.38
2016/4/25,6.45,69700.00,6.31,6.51,6.31
2016/4/26,6.52,46400.00,6.49,6.53,6.45
2016/4/27,6.50,436500.00,6.52,6.52,6.48
2016/4/28,6.51,77200.00,6.60,6.60,6.50
2016/4/29,6.55,99000.00,6.56,6.56,6.52
2016/5/02,6.57,206800.00,6.53,6.57,6.51
2016/5/03,6.45,47600.00,6.55,6.58,6.43
2016/5/04,6.47,32400.00,6.49,6.49,6.47
2016/5/05,6.40,141000.00,6.49,6.49,6.40
2016/5/06,6.46,62000.00,6.44,6.46,6.43
2016/5/09,6.41,28100.00,6.44,6.44,6.39
2016/5/10,6.50,36300.00,6.41,6.52,6.41
2016/5/11,6.50,67800.00,6.50,6.51,6.48
2016/5/12,6.53,35100.00,6.54,6.54,6.49
2016/5/13,6.55,113500.00,6.51,6.55,6.49
2016/5/16,6.56,37900.00,6.54,6.57,6.51
2016/5/17,6.63,41100.00,6.56,6.63,6.56
2016/5/18,6.57,74000.00,6.58,6.61,6.57
2016/5/19,6.48,55500.00,6.51,6.53,6.43
2016/5/20,6.53,45600.00,6.55,6.56,6.49
2016/5/23,6.45,146400.00,6.49,6.49,6.45
2016/5/24,6.47,39200.00,6.42,6.50,6.42
2016/5/25,6.52,20000.00,6.48,6.54,6.48
2016/5/26,6.60,30300.00,6.58,6.62,6.55
2016/5/27,6.64,23800.00,6.62,6.64,6.59
2016/5/31,6.56,21900.00,6.61,6.63,6.56
2016/6/01,6.62,38500.00,6.53,6.62,6.53
2016/6/02,6.68,28600.00,6.63,6.69,6.63
2016/6/03,6.78,34600.00,6.71,6.78,6.70
2016/6/06,6.86,143400.00,6.87,6.90,6.85
2016/6/07,6.89,87800.00,6.89,6.90,6.86
2016/6/08,6.97,70300.00,6.92,7.02,6.92
2016/6/09,6.94,43200.00,6.94,6.97,6.92
2016/6/10,6.89,40100.00,6.96,6.96,6.89
2016/6/13,6.86,18500.00,6.94,6.94,6.86
2016/6/14,6.84,201100.00,6.86,6.86,6.78
2016/6/15,6.80,33900.00,6.85,6.85,6.80
2016/6/16,6.76,72000.00,6.81,6.81,6.70
2016/6/17,6.86,106800.00,6.84,6.88,6.82
2016/6/20,6.81,50500.00,6.84,6.85,6.80
2016/6/21,6.68,70800.00,6.76,6.76,6.67
2016/6/22,6.66,14600.00,6.67,6.69,6.66
2016/6/23,6.64,19400.00,6.65,6.66,6.63
2016/6/24,6.55,108000.00,6.53,6.56,6.49
2016/6/27,6.55,129100.00,6.56,6.57,6.54
2016/6/28,6.61,38600.00,6.64,6.76,6.58
2016/6/29,6.57,42500.00,6.61,6.62,6.56
2016/6/30,6.57,132100.00,6.61,6.69,6.53
2016/7/01,6.52,123600.00,6.56,6.56,6.51
2016/7/05,6.48,176100.00,6.52,6.52,6.37
2016/7/06,6.41,93700.00,6.39,6.43,6.36
2016/7/07,6.35,49900.00,6.46,6.47,6.34
2016/7/08,6.44,25300.00,6.40,6.47,6.38
2016/7/11,6.44,46600.00,6.50,6.52,6.43
2016/7/12,6.55,70200.00,6.42,6.55,6.42
2016/7/13,6.63,37200.00,6.62,6.68,6.62
2016/7/14,6.60,50400.00,6.69,6.70,6.58
2016/7/15,6.52,27100.00,6.59,6.59,6.51
2016/7/18,6.57,22700.00,6.50,6.57,6.47
2016/7/19,6.46,31100.00,6.52,6.52,6.43
2016/7/20,6.39,28700.00,6.46,6.46,6.36
2016/7/21,6.40,15400.00,6.41,6.42,6.40
2016/7/22,6.42,58300.00,6.36,6.42,6.31
2016/7/25,6.38,112400.00,6.38,6.41,6.35
2016/7/26,6.36,28400.00,6.37,6.39,6.36
2016/7/27,6.36,31000.00,6.40,6.40,6.36
2016/7/28,6.31,28800.00,6.34,6.34,6.30
2016/7/29,6.37,52500.00,6.30,6.37,6.29
2016/8/01,6.30,35600.00,6.35,6.35,6.30
2016/8/02,6.28,108100.00,6.30,6.34,6.27
2016/8/03,6.33,27800.00,6.32,6.35,6.29
2016/8/04,6.32,19600.00,6.32,6.35,6.30
2016/8/05,6.39,16700.00,6.35,6.41,6.35
2016/8/08,6.39,54600.00,6.44,6.44,6.37
2016/8/09,6.35,106700.00,6.37,6.40,6.35
2016/8/10,6.35,31200.00,6.35,6.38,6.35
2016/8/11,6.34,14900.00,6.33,6.35,6.32
2016/8/12,6.33,49400.00,6.32,6.35,6.27
2016/8/15,6.40,48700.00,6.41,6.44,6.37
2016/8/16,6.40,28200.00,6.38,6.41,6.34
2016/8/17,6.40,50500.00,6.40,6.42,6.38
2016/8/18,6.43,26200.00,6.39,6.43,6.38
2016/8/19,6.41,27700.00,6.39,6.42,6.36
2016/8/22,6.39,12500.00,6.36,6.40,6.36
2016/8/23,6.36,14300.00,6.37,6.38,6.36
2016/8/24,6.31,49400.00,6.35,6.35,6.30
2016/8/25,6.26,12500.00,6.30,6.30,6.26
2016/8/26,6.20,74900.00,6.26,6.26,6.18
2016/8/29,6.12,48700.00,6.16,6.16,6.12
2016/8/30,6.09,62800.00,6.12,6.12,6.06
2016/8/31,6.04,104300.00,6.14,6.14,6.04
2016/9/01,6.10,36800.00,6.10,6.11,6.08
2016/9/02,6.14,39900.00,6.15,6.16,6.12
2016/9/06,6.16,31400.00,6.09,6.17,6.09
2016/9/07,6.21,48500.00,6.18,6.22,6.18
2016/9/08,6.24,155200.00,6.22,6.24,6.20
2016/9/09,6.23,27600.00,6.21,6.24,6.18
2016/9/12,6.19,12300.00,6.18,6.24,6.17
2016/9/13,6.13,33400.00,6.16,6.16,6.12
2016/9/14,6.15,46900.00,6.12,6.15,6.10
2016/9/15,6.14,23000.00,6.13,6.15,6.13
2016/9/16,6.21,30800.00,6.10,6.21,6.10
2016/9/19,6.24,13400.00,6.24,6.26,6.21
2016/9/20,6.32,33700.00,6.25,6.32,6.24
2016/9/21,6.31,42600.00,6.31,6.32,6.29
2016/9/22,6.31,47500.00,6.34,6.36,6.31
2016/9/23,6.26,69700.00,6.30,6.30,6.25
2016/9/26,6.22,36700.00,6.24,6.25,6.21
2016/9/27,6.23,19800.00,6.21,6.23,6.20
2016/9/28,6.22,20900.00,6.21,6.23,6.21
2016/9/29,6.19,47400.00,6.21,6.23,6.19
2016/9/30,6.20,33100.00,6.19,6.21,6.15
2016/10/03,6.23,16200.00,6.20,6.23,6.15
2016/10/04,6.23,95300.00,6.21,6.25,6.21
2016/10/05,6.24,35000.00,6.22,6.28,6.21
2016/10/06,6.20,22900.00,6.21,6.22,6.19
2016/10/07,6.21,8000.00,6.23,6.25,6.21
2016/10/10,6.21,9000.00,6.23,6.24,6.21
2016/10/11,6.22,5100.00,6.22,6.24,6.22
2016/10/12,6.19,21400.00,6.23,6.29,6.19
2016/10/13,6.28,23100.00,6.19,6.29,6.19
2016/10/14,6.33,24500.00,6.33,6.38,6.32
2016/10/17,6.39,42700.00,6.35,6.39,6.33
2016/10/18,6.38,49200.00,6.40,6.43,6.35
2016/10/19,6.40,23700.00,6.36,6.40,6.33
2016/10/20,6.35,16600.00,6.40,6.40,6.33
2016/10/21,6.36,11400.00,6.33,6.37,6.33
2016/10/24,6.35,21200.00,6.37,6.38,6.34
2016/10/25,6.37,8000.00,6.36,6.37,6.33
2016/10/26,6.42,10700.00,6.36,6.43,6.36
2016/10/27,6.47,18500.00,6.46,6.47,6.42
2016/10/28,6.45,105200.00,6.45,6.45,6.42
2016/10/31,6.40,63500.00,6.38,6.44,6.38
2016/11/01,6.36,28700.00,6.39,6.40,6.33
2016/11/02,6.36,26000.00,6.36,6.37,6.31
2016/11/03,6.36,23900.00,6.36,6.37,6.32
2016/11/04,6.34,40400.00,6.31,6.36,6.31
2016/11/07,6.34,25300.00,6.35,6.37,6.33
2016/11/08,6.37,11700.00,6.32,6.41,6.32
2016/11/09,6.32,51400.00,6.34,6.39,6.24
2016/11/10,6.34,9700.00,6.34,6.36,6.31
2016/11/11,6.28,52100.00,6.33,6.33,6.27
2016/11/14,6.24,37500.00,6.30,6.30,6.22
2016/11/15,6.28,15400.00,6.24,6.30,6.24
2016/11/16,6.29,14600.00,6.29,6.30,6.28
2016/11/17,6.32,26700.00,6.29,6.33,6.27
2016/11/18,6.34,19900.00,6.35,6.35,6.31
2016/11/21,6.40,59100.00,6.36,6.41,6.36
2016/11/22,6.41,10900.00,6.39,6.42,6.38
2016/11/23,6.40,10100.00,6.37,6.40,6.35
2016/11/25,6.39,20900.00,6.35,6.42,6.35
2016/11/28,6.43,30400.00,6.40,6.45,6.40
2016/11/29,6.33,89500.00,6.37,6.39,6.33
2016/11/30,6.32,37900.00,6.41,6.41,6.32
2016/12/01,6.27,143300.00,6.32,6.32,6.26
2016/12/02,6.30,74200.00,6.27,6.31,6.25
2016/12/05,6.36,31300.00,6.35,6.37,6.34
2016/12/06,6.37,91800.00,6.38,6.42,6.37
2016/12/07,6.37,13400.00,6.36,6.38,6.35
2016/12/08,6.33,44200.00,6.37,6.37,6.32
2016/12/09,6.34,47700.00,6.33,6.37,6.27
2016/12/12,6.41,50700.00,6.36,6.41,6.35
2016/12/13,6.40,51000.00,6.43,6.43,6.40
2016/12/14,6.40,13200.00,6.40,6.41,6.40
2016/12/15,6.36,84500.00,6.40,6.40,6.36
2016/12/16,6.37,36900.00,6.34,6.39,6.33
2016/12/19,6.33,44900.00,6.34,6.37,6.32
2016/12/20,6.29,61400.00,6.34,6.34,6.29
2016/12/21,6.31,82900.00,6.30,6.33,6.28
2016/12/22,6.23,44100.00,6.26,6.28,6.23
2016/12/23,6.20,36800.00,6.23,6.25,6.20
2016/12/27,6.30,140000.00,6.21,6.31,6.21
2016/12/28,6.26,49100.00,6.22,6.30,6.22
2016/12/29,6.30,176600.00,6.32,6.32,6.29
2016/12/30,6.31,138100.00,6.34,6.35,6.31
2017/1/03,6.34,131000.00,6.34,6.38,6.34
2017/1/04,6.45,94200.00,6.37,6.47,6.37
2017/1/05,6.49,41600.00,6.49,6.49,6.46
2017/1/06,6.44,63300.00,6.48,6.48,6.43
2017/1/09,6.42,77700.00,6.43,6.44,6.41
2017/1/10,6.45,23300.00,6.44,6.48,6.44
2017/1/11,6.46,6300.00,6.46,6.48,6.43
2017/1/12,6.51,79900.00,6.50,6.53,6.47
2017/1/13,6.52,89600.00,6.53,6.54,6.50
2017/1/17,6.63,273100.00,6.60,6.64,6.59
2017/1/18,6.62,122600.00,6.63,6.64,6.48
2017/1/19,6.59,45600.00,6.60,6.61,6.58
2017/1/20,6.58,35600.00,6.56,6.60,6.56
2017/1/23,6.61,57900.00,6.61,6.61,6.59
2017/1/24,6.57,63600.00,6.61,6.63,6.56
2017/1/25,6.58,111800.00,6.59,6.65,6.57
2017/1/26,6.55,62300.00,6.59,6.61,6.55
2017/1/27,6.60,41000.00,6.55,6.60,6.55
2017/1/30,6.50,40400.00,6.56,6.56,6.50
2017/1/31,6.52,55500.00,6.48,6.52,6.48
2017/2/01,6.63,169400.00,6.47,6.63,6.47
2017/2/02,6.62,85800.00,6.63,6.64,6.60
2017/2/03,6.59,52700.00,6.59,6.62,6.57
2017/2/06,6.58,67000.00,6.60,6.61,6.57
2017/2/07,6.61,19600.00,6.58,6.61,6.52
2017/2/08,6.63,29100.00,6.59,6.63,6.59
2017/2/09,6.65,126700.00,6.64,6.65,6.59
2017/2/10,6.69,69500.00,6.70,6.70,6.65
2017/2/13,6.67,16200.00,6.68,6.70,6.66
2017/2/14,6.67,18700.00,6.62,6.68,6.61
2017/2/15,6.69,105900.00,6.66,6.70,6.65
2017/2/16,6.66,24800.00,6.71,6.73,6.65
2017/2/17,6.61,47400.00,6.61,6.63,6.60
2017/2/21,6.57,22300.00,6.57,6.59,6.57
2017/2/22,6.59,30900.00,6.58,6.61,6.57
2017/2/23,6.54,102400.00,6.59,6.59,6.53
2017/2/24,6.50,25800.00,6.52,6.54,6.50
2017/2/27,6.47,56000.00,6.45,6.50,6.44
2017/2/28,6.51,104900.00,6.50,6.57,6.50
2017/3/01,6.62,21200.00,6.54,6.63,6.54
2017/3/02,6.56,126800.00,6.58,6.63,6.56
2017/3/03,6.61,34700.00,6.61,6.61,6.56
2017/3/06,6.59,16300.00,6.63,6.64,6.59
2017/3/07,6.53,10700.00,6.53,6.55,6.52
2017/3/08,6.50,53100.00,6.53,6.54,6.50
2017/3/09,6.45,45300.00,6.50,6.52,6.45
2017/3/10,6.44,24100.00,6.47,6.47,6.43
2017/3/13,6.41,49400.00,6.43,6.53,6.40
2017/3/14,6.42,113300.00,6.42,6.43,6.38
2017/3/15,6.46,74900.00,6.43,6.46,6.43
2017/3/16,6.46,11700.00,6.46,6.49,6.46
2017/3/17,6.47,28000.00,6.42,6.49,6.42
2017/3/20,6.44,50000.00,6.48,6.54,6.44
2017/3/21,6.42,9100.00,6.42,6.44,6.41
2017/3/22,6.43,24800.00,6.41,6.44,6.41
2017/3/23,6.41,25800.00,6.41,6.43,6.40
2017/3/24,6.39,105100.00,6.40,6.40,6.37
2017/3/27,6.32,59100.00,6.35,6.36,6.31
2017/3/28,6.33,23600.00,6.33,6.36,6.33
2017/3/29,6.32,137400.00,6.39,6.39,6.31
2017/3/30,6.28,172500.00,6.30,6.30,6.28
2017/3/31,6.29,34000.00,6.33,6.33,6.25
2017/4/03,6.28,30300.00,6.37,6.44,6.27
2017/4/04,6.24,32500.00,6.29,6.29,6.24
2017/4/05,6.27,12700.00,6.26,6.29,6.26
2017/4/06,6.25,7200.00,6.29,6.29,6.25
2017/4/07,6.25,6800.00,6.23,6.25,6.23
2017/4/10,6.27,19900.00,6.27,6.40,6.25
2017/4/11,6.28,14000.00,6.26,6.29,6.25
2017/4/12,6.29,154100.00,6.30,6.31,6.28
2017/4/13,6.28,13500.00,6.31,6.33,6.28
2017/4/17,6.28,12600.00,6.30,6.33,6.27
2017/4/18,6.24,35500.00,6.26,6.26,6.23
2017/4/19,6.23,26200.00,6.25,6.28,6.23
2017/4/20,6.18,62500.00,6.25,6.25,6.18
2017/4/21,6.17,73200.00,6.19,6.19,6.16
2017/4/24,6.16,107800.00,6.23,6.23,6.15
2017/4/25,6.20,89600.00,6.16,6.22,6.15
2017/4/26,6.17,18700.00,6.20,6.24,6.17
2017/4/27,6.19,50600.00,6.18,6.20,6.17
2017/4/28,6.22,108500.00,6.20,6.24,6.20
2017/5/01,6.33,70700.00,6.27,6.33,6.27
2017/5/02,6.34,36300.00,6.33,6.36,6.33
2017/5/03,6.34,26300.00,6.32,6.36,6.32
2017/5/04,6.28,72800.00,6.29,6.33,6.27
2017/5/05,6.29,6300.00,6.29,6.32,6.29
2017/5/08,6.26,11300.00,6.25,6.27,6.25
2017/5/09,6.24,22600.00,6.32,6.32,6.24
2017/5/10,6.25,24000.00,6.23,6.26,6.21
2017/5/11,6.27,40200.00,6.27,6.28,6.23
2017/5/12,6.30,10800.00,6.30,6.33,6.30
2017/5/15,6.30,31000.00,6.25,6.36,6.25
2017/5/16,6.29,4700.00,6.29,6.30,6.28
2017/5/17,6.33,16900.00,6.32,6.35,6.32
2017/5/18,6.24,29400.00,6.26,6.28,6.23
2017/5/19,6.30,22700.00,6.27,6.32,6.27
2017/5/22,6.32,31300.00,6.32,6.35,6.31
2017/5/23,6.24,32200.00,6.28,6.31,6.24
2017/5/24,6.22,25700.00,6.24,6.24,6.20
2017/5/25,6.21,36200.00,6.26,6.26,6.21
2017/5/26,6.21,17100.00,6.21,6.23,6.20
2017/5/30,6.18,24000.00,6.20,6.20,6.16
2017/5/31,6.18,24000.00,6.12,6.21,6.12
2017/6/01,6.18,10200.00,6.20,6.20,6.15
2017/6/02,6.16,53600.00,6.18,6.20,6.16
2017/6/05,6.15,22300.00,6.15,6.18,6.15
2017/6/06,6.18,47000.00,6.17,6.21,6.17
2017/6/07,6.22,29400.00,6.23,6.24,6.22
2017/6/08,6.28,27600.00,6.26,6.30,6.26
2017/6/09,6.30,46700.00,6.30,6.30,6.27
2017/6/12,6.22,19600.00,6.26,6.27,6.21
2017/6/13,6.23,17600.00,6.23,6.25,6.22
2017/6/14,6.21,36900.00,6.24,6.28,6.20
2017/6/15,6.27,149200.00,6.20,6.27,6.19
2017/6/16,6.32,18900.00,6.30,6.32,6.26
2017/6/19,6.26,14200.00,6.29,6.32,6.26
2017/6/20,6.22,17100.00,6.23,6.23,6.20
2017/6/21,6.16,13300.00,6.21,6.24,6.16
2017/6/22,6.08,19800.00,6.14,6.14,6.08
2017/6/23,6.10,34500.00,6.11,6.11,6.09
2017/6/26,6.08,207900.00,6.08,6.10,6.06
2017/6/27,6.11,305600.00,6.03,6.13,6.03
2017/6/28,6.12,164000.00,6.09,6.14,6.09
2017/6/29,6.23,28400.00,6.23,6.24,6.19
2017/6/30,6.39,41900.00,6.28,6.40,6.28
2017/7/03,6.52,48200.00,6.48,6.55,6.47
2017/7/05,6.53,63400.00,6.50,6.56,6.44
2017/7/06,6.48,19100.00,6.48,6.49,6.46
2017/7/07,6.47,96400.00,6.51,6.53,6.47
2017/7/10,6.55,35800.00,6.56,6.57,6.53
2017/7/11,6.55,26900.00,6.44,6.55,6.22
2017/7/12,6.48,39000.00,6.41,6.53,6.39
2017/7/13,6.36,100200.00,6.45,6.45,6.36
2017/7/14,6.40,38900.00,6.39,6.42,6.39
2017/7/17,6.39,44300.00,6.39,6.42,6.37
2017/7/18,6.40,51600.00,6.46,6.48,6.39
2017/7/19,6.45,10500.00,6.41,6.47,6.41
2017/7/20,6.49,27400.00,6.48,6.50,6.47
2017/7/21,6.45,8700.00,6.48,6.48,6.45
2017/7/24,6.39,13600.00,6.39,6.40,6.36
2017/7/25,6.31,20200.00,6.40,6.40,6.31
2017/7/26,6.34,12600.00,6.30,6.35,6.29
2017/7/27,6.40,17700.00,6.40,6.40,6.38
2017/7/28,6.40,15700.00,6.38,6.42,6.38
2017/7/31,6.37,15800.00,6.33,6.39,6.33
2017/8/01,6.27,39400.00,6.36,6.36,6.27
2017/8/02,6.32,24300.00,6.30,6.33,6.30
2017/8/03,6.27,113400.00,6.30,6.30,6.26
2017/8/04,6.29,41900.00,6.27,6.29,6.26
2017/8/07,6.30,57200.00,6.29,6.30,6.27
2017/8/08,6.27,12900.00,6.30,6.31,6.27
2017/8/09,6.30,29300.00,6.27,6.30,6.27
2017/8/10,6.13,129400.00,6.27,6.29,6.11
2017/8/11,6.14,36400.00,6.11,6.16,6.11
2017/8/14,6.10,41300.00,6.08,6.11,6.08
2017/8/15,6.05,9400.00,6.13,6.13,6.04
2017/8/16,6.02,39300.00,6.05,6.05,5.99
2017/8/17,6.00,65800.00,6.01,6.01,5.98
2017/8/18,6.02,59600.00,6.01,6.03,5.99
2017/8/21,5.99,19900.00,6.00,6.02,5.99
2017/8/22,5.99,31800.00,6.00,6.01,5.99
2017/8/23,5.99,29500.00,6.02,6.02,5.99
2017/8/24,6.04,17500.00,6.02,6.05,6.01
2017/8/25,6.01,164300.00,6.06,6.06,6.01
2017/8/28,6.02,84200.00,6.05,6.20,6.02
2017/8/29,5.98,109500.00,6.01,6.02,5.98
2017/8/30,6.00,25400.00,6.02,6.02,5.97
2017/8/31,6.07,48100.00,6.00,6.07,6.00
2017/9/01,6.08,38500.00,6.08,6.08,6.06
2017/9/05,6.16,48800.00,6.13,6.18,6.13
2017/9/06,6.16,22300.00,6.16,6.17,6.13
2017/9/07,6.11,16100.00,6.13,6.13,6.11
2017/9/08,6.14,18000.00,6.13,6.15,6.12
2017/9/11,6.09,38100.00,6.10,6.11,6.08
2017/9/12,6.04,79100.00,6.08,6.08,6.00
2017/9/13,6.08,15600.00,6.04,6.09,6.04
2017/9/14,6.08,39600.00,6.04,6.12,6.04
2017/9/15,6.09,14300.00,6.09,6.10,6.07
2017/9/18,6.07,30600.00,6.08,6.09,6.07
2017/9/19,6.05,38000.00,6.10,6.10,6.03
2017/9/20,6.12,32400.00,6.07,6.12,6.07
2017/9/21,6.09,26700.00,6.11,6.11,6.08
2017/9/22,6.10,31500.00,6.12,6.12,6.09
2017/9/25,6.09,56300.00,6.09,6.10,6.06
2017/9/26,6.07,100200.00,6.10,6.10,6.05
2017/9/27,6.10,45600.00,6.04,6.10,6.02
2017/9/28,6.05,48700.00,6.07,6.07,6.04
2017/9/29,6.07,22600.00,6.06,6.09,6.05
2017/10/02,6.03,120600.00,6.04,6.05,6.01
2017/10/03,6.04,42700.00,6.03,6.07,6.03
2017/10/04,6.07,13000.00,6.06,6.09,6.05
2017/10/05,6.09,9400.00,6.07,6.09,6.05
2017/10/06,6.09,8000.00,6.04,6.09,6.04
2017/10/09,6.06,31000.00,6.08,6.08,6.04
2017/10/10,6.06,38000.00,6.05,6.08,6.05
2017/10/11,6.04,12600.00,6.05,6.05,6.04
2017/10/12,6.06,28400.00,6.04,6.11,6.02
2017/10/13,6.11,27100.00,6.07,6.11,6.07
2017/10/16,6.08,24100.00,6.12,6.16,6.07
2017/10/17,6.05,35600.00,6.08,6.08,6.05
2017/10/18,6.03,18500.00,6.06,6.06,6.03
2017/10/19,6.06,23100.00,6.05,6.09,6.05
2017/10/20,6.03,11100.00,6.06,6.08,6.03
2017/10/23,6.09,27300.00,6.05,6.10,6.05
2017/10/24,6.10,19400.00,6.08,6.11,6.08
2017/10/25,6.11,30200.00,6.13,6.15,6.11
2017/10/26,6.09,11400.00,6.09,6.10,6.08
2017/10/27,6.07,13500.00,6.07,6.08,6.06
2017/10/30,6.08,68300.00,6.09,6.09,6.08
2017/10/31,6.07,15600.00,6.08,6.08,6.05
2017/11/01,6.07,11700.00,6.05,6.09,6.05
2017/11/02,6.10,8200.00,6.06,6.10,6.06
2017/11/03,6.07,74200.00,6.12,6.12,6.07
2017/11/06,6.11,27700.00,6.09,6.13,6.09
2017/11/07,6.11,24400.00,6.10,6.11,6.10
2017/11/08,6.10,24000.00,6.10,6.12,6.09
2017/11/09,6.09,14600.00,6.12,6.13,6.08
2017/11/10,6.11,28400.00,6.09,6.12,6.09
2017/11/13,6.07,25800.00,6.09,6.09,6.07
2017/11/14,6.05,8900.00,6.09,6.09,6.05
2017/11/15,6.04,36400.00,6.05,6.05,6.03
2017/11/16,6.04,15600.00,6.06,6.09,6.04
2017/11/17,6.07,21900.00,6.05,6.08,6.05
2017/11/20,6.05,31600.00,6.06,6.06,6.03
2017/11/21,6.05,21800.00,6.04,6.07,6.04
2017/11/22,6.06,10500.00,6.03,6.10,6.03
