2014/11/25,80.30,1117400.00,80.47,80.58,80.10
2014/11/26,80.35,568100.00,80.36,80.44,80.17
2014/11/28,80.16,300200.00,80.32,80.40,80.04
2014/12/01,79.53,1248200.00,79.82,79.91,79.34
2014/12/02,79.96,1224800.00,79.51,80.02,79.45
2014/12/03,80.44,726600.00,80.04,80.52,79.92
2014/12/04,80.27,1249000.00,80.34,80.52,79.96
2014/12/05,80.42,850600.00,80.39,80.55,80.21
2014/12/08,79.82,1155500.00,80.28,80.48,79.57
2014/12/09,79.90,1500700.00,79.06,79.95,78.97
2014/12/10,78.59,1744800.00,79.71,79.72,78.48
2014/12/11,78.99,1579000.00,78.79,79.68,78.79
2014/12/12,77.76,1207600.00,78.47,78.80,77.71
2014/12/15,77.37,1513500.00,78.17,78.36,76.98
2014/12/16,76.89,1378300.00,76.94,78.43,76.83
2014/12/17,78.47,1770800.00,77.15,78.62,77.04
2014/12/18,80.20,1909000.00,79.57,80.20,79.15
2014/12/19,80.24,2654300.00,80.22,80.57,79.93
2014/12/22,80.57,1050800.00,80.42,80.57,80.13
2014/12/23,80.84,1432700.00,80.88,81.02,80.78
2014/12/24,80.85,490700.00,80.90,81.03,80.80
2014/12/26,81.05,1068200.00,81.07,81.23,81.02
2014/12/29,81.27,825200.00,80.97,81.38,80.96
2014/12/30,80.79,1109600.00,81.09,81.16,80.79
2014/12/31,80.05,1279400.00,81.03,81.03,80.00
2015/1/02,80.03,2036300.00,80.38,80.55,79.46
2015/1/05,78.44,3922300.00,79.57,79.60,78.23
2015/1/06,77.59,1863800.00,78.51,78.73,77.18
2015/1/07,78.52,1216800.00,78.27,78.64,77.95
2015/1/08,79.90,1951500.00,79.19,79.97,79.15
2015/1/09,79.25,1569300.00,80.07,80.08,78.95
2015/1/12,78.46,1517300.00,79.26,79.26,78.20
2015/1/13,78.26,1828000.00,79.03,79.56,77.63
2015/1/14,77.85,2031000.00,77.34,77.89,76.85
2015/1/15,77.13,1683400.00,78.15,78.36,77.07
2015/1/16,78.19,994600.00,77.09,78.28,76.94
2015/1/20,78.23,1499700.00,78.43,78.55,77.51
2015/1/21,78.77,1387900.00,78.03,78.93,77.86
2015/1/22,79.87,1203000.00,79.13,79.93,78.50
2015/1/23,79.44,1144600.00,79.79,79.86,79.39
2015/1/26,79.83,710900.00,79.41,79.84,79.00
2015/1/27,79.19,1114700.00,79.02,79.62,78.66
2015/1/28,77.98,1307200.00,79.56,79.56,77.92
2015/1/29,78.70,862300.00,78.10,78.84,77.44
2015/1/30,77.71,910700.00,78.20,78.78,77.66
2015/2/02,78.55,3714900.00,78.04,78.81,77.16
2015/2/03,80.16,1386300.00,79.12,80.16,79.04
2015/2/04,79.71,1110900.00,79.75,80.21,79.51
2015/2/05,80.65,1080200.00,80.07,80.66,80.00
2015/2/06,80.31,935300.00,80.77,80.92,80.09
2015/2/09,80.03,972200.00,80.08,80.38,79.84
2015/2/10,80.81,1217800.00,80.40,80.90,79.94
2015/2/11,80.73,936200.00,80.66,80.93,80.34
2015/2/12,81.59,1408400.00,81.14,81.60,81.03
2015/2/13,81.91,1482300.00,81.62,81.95,81.53
2015/2/17,82.12,889700.00,81.84,82.18,81.63
2015/2/18,82.20,939900.00,81.95,82.22,81.82
2015/2/19,82.16,861200.00,81.92,82.34,81.79
2015/2/20,82.61,1126900.00,82.02,82.62,81.61
2015/2/23,82.51,1098100.00,82.54,82.55,82.24
2015/2/24,82.66,817300.00,82.53,82.74,82.33
2015/2/25,82.65,864700.00,82.65,82.86,82.48
2015/2/26,82.31,883900.00,82.61,82.67,82.08
2015/2/27,82.16,959100.00,82.31,82.45,82.12
2015/3/02,82.56,1068200.00,82.27,82.62,82.11
2015/3/03,82.25,1283100.00,82.40,82.43,81.90
2015/3/04,81.86,641700.00,81.99,81.99,81.40
2015/3/05,82.01,1080400.00,82.03,82.07,81.76
2015/3/06,80.78,974600.00,81.58,81.71,80.61
2015/3/09,80.98,915200.00,80.75,81.11,80.75
2015/3/10,79.75,1116400.00,80.30,80.38,79.75
2015/3/11,79.75,872200.00,79.84,79.97,79.59
2015/3/12,80.77,686800.00,79.96,80.80,79.92
2015/3/13,80.21,1012200.00,80.53,80.60,79.69
2015/3/16,81.31,971300.00,80.52,81.33,80.52
2015/3/17,81.01,938300.00,80.98,81.20,80.65
2015/3/18,82.16,1357900.00,80.83,82.48,80.64
2015/3/19,81.68,1157900.00,82.01,82.01,81.47
2015/3/20,82.15,1180600.00,81.87,82.37,81.74
2015/3/23,82.10,772200.00,82.15,82.52,82.10
2015/3/24,81.61,864800.00,82.01,82.14,81.59
2015/3/25,80.52,1101600.00,81.76,81.86,80.52
2015/3/26,80.31,902200.00,80.23,80.71,79.93
2015/3/27,80.66,717200.00,80.24,80.69,80.23
2015/3/30,81.61,697600.00,81.08,81.74,81.02
2015/3/31,81.05,1010200.00,81.21,81.63,80.98
2015/4/01,80.84,1286500.00,80.99,80.99,80.33
2015/4/02,81.20,952200.00,80.78,81.43,80.69
2015/4/06,81.83,826800.00,80.80,82.03,80.78
2015/4/07,81.53,745900.00,81.84,82.07,81.52
2015/4/08,81.80,825400.00,81.58,81.96,81.37
2015/4/09,82.12,899600.00,81.72,82.20,81.48
2015/4/10,82.34,4362900.00,82.20,82.36,82.08
2015/4/13,81.93,791600.00,82.29,82.47,81.92
2015/4/14,82.15,809300.00,81.89,82.18,81.60
2015/4/15,82.66,994300.00,82.43,82.88,82.36
2015/4/16,82.50,984200.00,82.50,82.77,82.25
2015/4/17,81.57,1636000.00,82.09,82.09,81.26
2015/4/20,82.21,768200.00,82.01,82.39,81.99
2015/4/21,82.11,1263500.00,82.51,82.58,81.95
2015/4/22,82.39,1023200.00,82.26,82.45,81.76
2015/4/23,82.65,965500.00,82.16,82.91,82.16
2015/4/24,82.55,833600.00,82.71,82.71,82.38
2015/4/27,82.10,1128300.00,82.77,82.85,82.02
2015/4/28,82.33,929400.00,82.04,82.33,81.53
2015/4/29,81.99,1103400.00,81.99,82.29,81.70
2015/4/30,81.38,1257800.00,81.83,81.96,81.04
2015/5/01,82.21,1225000.00,81.57,82.29,81.57
2015/5/04,82.50,734300.00,82.45,82.66,82.29
2015/5/05,81.49,2376700.00,82.40,82.63,81.44
2015/5/06,81.21,860500.00,81.78,81.89,80.76
2015/5/07,81.40,989300.00,81.03,81.59,80.92
2015/5/08,82.40,821000.00,82.00,82.51,82.00
2015/5/11,82.07,756600.00,82.31,82.51,82.05
2015/5/12,81.83,796200.00,81.77,82.06,81.37
2015/5/13,81.83,536900.00,82.08,82.29,81.73
2015/5/14,82.50,571400.00,82.34,82.54,82.10
2015/5/15,82.68,647200.00,82.63,82.68,82.34
2015/5/18,82.99,972900.00,82.60,83.05,82.55
2015/5/19,82.81,720700.00,82.98,82.99,82.64
2015/5/20,82.81,565700.00,82.88,83.15,82.64
2015/5/21,83.03,693400.00,82.78,83.14,82.73
2015/5/22,82.89,608600.00,82.86,83.09,82.82
2015/5/26,81.94,834400.00,82.58,82.64,81.80
2015/5/27,82.61,627000.00,82.13,82.73,81.96
2015/5/28,82.46,637200.00,82.51,82.56,82.14
2015/5/29,81.97,771000.00,82.39,82.50,81.88
2015/6/01,82.10,1100300.00,82.25,82.37,81.73
2015/6/02,82.11,1045400.00,81.89,82.43,81.70
2015/6/03,82.26,567300.00,82.29,82.52,82.07
2015/6/04,81.52,739300.00,81.94,82.11,81.40
2015/6/05,81.51,951400.00,81.47,81.71,81.07
2015/6/08,80.99,671500.00,81.45,81.58,80.97
2015/6/09,80.94,981400.00,81.06,81.22,80.78
2015/6/10,81.86,741400.00,81.29,82.03,81.22
2015/6/11,82.03,745900.00,82.03,82.24,81.92
2015/6/12,81.52,616500.00,81.76,81.81,81.43
2015/6/15,81.14,899800.00,81.00,81.30,80.68
2015/6/16,81.57,585100.00,81.02,81.59,81.02
2015/6/17,81.76,1072500.00,81.76,81.99,81.26
2015/6/18,82.50,943100.00,81.99,82.76,81.99
2015/6/19,81.78,1934900.00,82.08,82.19,81.78
2015/6/22,82.27,778000.00,82.39,82.50,82.15
2015/6/23,82.21,992200.00,82.40,82.43,82.07
2015/6/24,81.58,785500.00,82.13,82.23,81.57
2015/6/25,81.26,855400.00,81.82,81.82,81.23
2015/6/26,81.35,814800.00,81.46,81.50,81.08
2015/6/29,79.60,4278800.00,80.63,80.96,79.54
2015/6/30,79.80,1690200.00,80.26,80.29,79.55
2015/7/01,80.30,1988000.00,80.52,80.52,80.00
2015/7/02,80.27,1302100.00,80.47,80.66,80.06
2015/7/06,79.91,1007900.00,79.70,80.34,79.55
2015/7/07,80.57,1583000.00,80.02,80.64,79.01
2015/7/08,79.14,1006700.00,79.97,80.12,79.01
2015/7/09,79.33,856500.00,79.92,80.23,79.31
2015/7/10,80.19,555600.00,80.12,80.33,79.81
2015/7/13,81.00,512800.00,80.82,81.04,80.69
2015/7/14,81.24,630600.00,80.91,81.37,80.91
2015/7/15,80.96,914000.00,81.20,81.33,80.75
2015/7/16,81.46,520600.00,81.30,81.48,81.24
2015/7/17,81.05,690800.00,81.36,81.36,80.90
2015/7/20,80.89,543300.00,81.10,81.10,80.81
2015/7/21,80.59,493400.00,80.84,81.03,80.43
2015/7/22,80.61,1236000.00,80.40,80.75,80.40
2015/7/23,80.23,736000.00,80.73,80.80,80.07
2015/7/24,79.34,994400.00,80.20,80.20,79.20
2015/7/27,78.86,988500.00,79.04,79.18,78.66
2015/7/28,79.85,899700.00,79.19,79.93,78.79
2015/7/29,80.52,795000.00,79.89,80.58,79.80
2015/7/30,80.56,491700.00,80.21,80.61,80.02
2015/7/31,80.57,528500.00,80.81,80.94,80.48
2015/8/03,80.26,1280800.00,80.59,80.59,79.90
2015/8/04,80.17,824400.00,80.30,80.56,79.99
2015/8/05,80.45,539400.00,80.59,81.01,80.30
2015/8/06,79.91,534500.00,80.44,80.45,79.51
2015/8/07,79.77,871900.00,79.79,79.87,79.46
2015/8/10,80.90,701800.00,80.28,80.93,80.28
2015/8/11,80.23,727800.00,80.27,80.47,79.90
2015/8/12,80.37,913800.00,79.65,80.48,79.09
2015/8/13,80.24,372900.00,80.36,80.51,80.03
2015/8/14,80.56,436400.00,80.11,80.58,80.11
2015/8/17,80.97,730800.00,80.25,81.01,80.06
2015/8/18,80.80,256400.00,80.90,81.05,80.68
2015/8/19,80.18,854300.00,80.41,80.76,79.77
2015/8/20,78.52,5047800.00,79.63,79.74,78.49
2015/8/21,76.38,3148700.00,77.89,78.12,76.35
2015/8/24,67.16,6299000.00,72.52,75.57,43.77
2015/8/25,72.27,4329300.00,75.51,75.57,72.26
2015/8/26,74.64,2136500.00,72.99,74.74,72.58
2015/8/27,76.56,1520300.00,75.61,76.73,75.15
2015/8/28,76.73,834300.00,76.23,76.94,76.23
2015/8/31,76.17,2711900.00,76.41,76.75,75.88
2015/9/01,74.00,3138100.00,74.42,75.12,73.60
2015/9/02,75.18,1539200.00,74.74,75.20,74.09
2015/9/03,75.50,1289900.00,75.48,76.33,75.24
2015/9/04,74.35,1089900.00,74.75,74.86,74.02
2015/9/08,76.23,980000.00,75.56,76.29,75.31
2015/9/09,75.26,1243000.00,76.90,76.99,75.13
2015/9/10,75.53,1056500.00,75.19,76.07,75.01
2015/9/11,75.82,687200.00,75.32,75.82,74.96
2015/9/14,75.50,791500.00,75.85,75.85,75.33
2015/9/15,76.40,595100.00,75.78,76.55,75.54
2015/9/16,77.18,809700.00,76.45,77.26,76.41
2015/9/17,77.04,1668900.00,77.09,78.24,76.90
2015/9/18,75.37,866600.00,75.70,76.28,75.23
2015/9/21,75.69,639300.00,75.84,76.29,75.39
2015/9/22,74.55,672000.00,74.68,74.90,74.10
2015/9/23,74.24,631800.00,74.55,74.76,74.03
2015/9/24,73.96,917500.00,73.74,74.18,73.07
2015/9/25,74.01,902400.00,74.53,74.68,73.59
2015/9/28,71.96,1079500.00,73.62,73.62,71.84
2015/9/29,72.02,1703100.00,71.97,72.58,71.61
2015/9/30,73.56,987100.00,72.83,73.56,72.48
2015/10/01,73.40,826000.00,73.60,73.75,72.59
2015/10/02,74.62,899000.00,72.66,74.62,72.33
2015/10/05,76.15,943000.00,75.07,76.24,75.07
2015/10/06,75.93,563700.00,76.06,76.34,75.64
2015/10/07,76.71,770400.00,76.39,76.88,75.88
2015/10/08,77.63,1013700.00,76.56,77.81,76.47
2015/10/09,77.61,1682100.00,77.73,77.87,77.35
2015/10/12,77.49,536900.00,77.61,77.61,77.28
2015/10/13,76.86,933300.00,77.12,77.70,76.78
2015/10/14,76.59,692400.00,76.90,77.18,76.47
2015/10/15,77.59,583200.00,76.74,77.60,76.48
2015/10/16,77.70,545400.00,77.70,77.73,77.21
2015/10/19,77.59,522800.00,77.48,77.65,77.23
2015/10/20,77.70,460800.00,77.41,78.00,77.41
2015/10/21,77.09,548200.00,77.86,78.00,77.04
2015/10/22,78.28,803600.00,77.50,78.45,77.46
2015/10/23,78.59,1290600.00,78.69,78.69,78.10
2015/10/26,78.30,651600.00,78.50,78.58,78.18
2015/10/27,77.92,903500.00,78.02,78.03,77.51
2015/10/28,78.84,832200.00,78.00,78.86,77.82
2015/10/29,78.74,639400.00,78.64,78.90,78.48
2015/10/30,78.70,754100.00,78.86,79.19,78.59
2015/11/02,79.73,2163900.00,78.91,79.82,78.76
2015/11/03,79.86,1168300.00,79.53,80.17,79.50
2015/11/04,79.59,879100.00,80.03,80.09,79.33
2015/11/05,79.47,657000.00,79.58,79.75,79.04
2015/11/06,79.33,541400.00,79.30,79.54,78.73
2015/11/09,78.57,577600.00,79.16,79.18,78.13
2015/11/10,78.83,917800.00,78.34,78.83,78.26
2015/11/11,78.36,409000.00,78.95,78.95,78.31
2015/11/12,77.17,754200.00,77.88,78.07,77.14
2015/11/13,76.34,664900.00,76.95,77.10,76.29
2015/11/16,77.53,694400.00,76.26,77.56,76.25
2015/11/17,77.36,799700.00,77.68,78.07,77.21
2015/11/18,78.59,549600.00,77.67,78.68,77.62
2015/11/19,78.51,594200.00,78.55,78.74,78.36
2015/11/20,78.79,808000.00,78.82,79.07,78.59
2015/11/23,78.79,586400.00,78.84,79.15,78.60
2015/11/24,79.05,579400.00,78.44,79.19,78.22
2015/11/25,79.10,337900.00,79.04,79.22,78.85
2015/11/27,79.08,219100.00,79.03,79.20,78.85
2015/11/30,78.94,557600.00,79.09,79.22,78.84
2015/12/01,79.67,2773800.00,79.16,79.69,79.11
2015/12/02,78.62,842500.00,79.57,79.63,78.52
2015/12/03,77.50,895100.00,78.78,78.84,77.18
2015/12/04,78.73,919900.00,77.65,78.88,77.59
2015/12/07,78.10,575100.00,78.49,78.55,77.79
2015/12/08,77.55,949400.00,77.38,78.00,77.15
2015/12/09,77.01,1287900.00,77.28,78.31,76.63
2015/12/10,77.12,672200.00,77.05,77.69,76.91
2015/12/11,75.62,1070800.00,76.16,76.49,75.49
2015/12/14,75.73,1523700.00,75.56,76.01,74.80
2015/12/15,76.52,1073900.00,76.32,76.88,76.27
2015/12/16,77.62,1713400.00,76.94,77.73,76.69
2015/12/17,76.31,1174600.00,77.70,77.76,76.31
2015/12/18,74.81,1694500.00,75.67,75.70,74.78
2015/12/21,75.40,819800.00,75.18,75.54,74.89
2015/12/22,76.23,1079100.00,75.73,76.42,75.37
2015/12/23,77.55,893400.00,76.63,77.55,76.63
2015/12/24,77.41,576100.00,77.38,77.67,77.28
2015/12/28,77.05,794400.00,77.08,77.11,76.57
2015/12/29,77.86,937400.00,77.55,77.96,77.53
2015/12/30,77.23,740700.00,77.71,77.83,77.17
2015/12/31,76.64,1114300.00,77.05,77.33,76.64
2016/1/04,75.79,3956400.00,75.40,75.81,74.84
2016/1/05,75.97,1345400.00,75.93,76.08,75.44
2016/1/06,74.58,2094500.00,74.81,75.11,74.07
2016/1/07,72.89,2610100.00,73.21,74.04,72.68
2016/1/08,72.00,2007300.00,73.24,73.47,71.92
2016/1/11,71.77,3720900.00,72.27,72.51,71.01
2016/1/12,72.11,2219200.00,72.31,72.65,71.13
2016/1/13,70.30,2749500.00,72.34,72.58,70.09
2016/1/14,71.26,2811500.00,70.49,71.72,69.68
2016/1/15,69.90,2784500.00,69.40,70.11,68.89
2016/1/19,69.69,2729300.00,70.50,70.72,69.00
2016/1/20,68.95,3917500.00,68.72,69.62,66.94
2016/1/21,69.58,1671100.00,69.21,70.38,68.65
2016/1/22,70.95,1067100.00,70.59,71.24,70.33
2016/1/25,69.60,1235700.00,70.68,70.78,69.54
2016/1/26,70.88,775400.00,69.97,70.97,69.85
2016/1/27,70.34,1392100.00,70.68,71.66,69.91
2016/1/28,70.39,1163300.00,70.91,71.07,69.87
2016/1/29,72.38,1000400.00,70.78,72.38,70.73
2016/2/01,72.35,3082900.00,71.83,72.72,71.55
2016/2/02,70.85,1211300.00,71.68,71.68,70.63
2016/2/03,71.54,2213900.00,71.31,71.74,69.79
2016/2/04,71.95,1517100.00,71.38,72.54,71.38
2016/2/05,70.73,1296800.00,71.71,71.73,70.51
2016/2/08,69.24,2049900.00,69.86,69.86,68.30
2016/2/09,69.03,2052100.00,68.44,69.58,68.41
2016/2/10,69.07,1235700.00,69.37,70.14,69.01
2016/2/11,68.09,2588900.00,67.91,68.52,67.35
2016/2/12,69.57,1332800.00,68.71,69.58,68.37
2016/2/16,70.96,1480200.00,70.26,70.96,69.94
2016/2/17,72.27,880400.00,71.44,72.46,71.44
2016/2/18,72.12,1123000.00,72.36,72.36,71.81
2016/2/19,71.90,819400.00,71.70,71.93,71.26
2016/2/22,73.16,693700.00,72.60,73.18,72.60
2016/2/23,72.29,590500.00,72.88,73.07,72.24
2016/2/24,72.72,1091900.00,71.66,72.83,71.19
2016/2/25,73.53,943200.00,72.85,73.54,72.53
2016/2/26,73.66,976400.00,73.91,74.09,73.51
2016/2/29,73.10,1034400.00,73.60,74.07,73.10
2016/3/01,74.79,2011700.00,73.71,74.79,73.42
2016/3/02,75.33,2155500.00,74.58,75.35,74.40
2016/3/03,76.02,1749800.00,75.22,76.06,75.14
2016/3/04,76.41,1689000.00,76.09,76.84,75.80
2016/3/07,76.78,1173800.00,76.04,76.98,76.01
2016/3/08,75.52,1358800.00,76.34,76.34,75.45
2016/3/09,75.92,871300.00,75.85,76.12,75.50
2016/3/10,76.03,1389400.00,76.07,76.51,75.16
2016/3/11,77.46,1308200.00,76.68,77.51,76.64
2016/3/14,77.35,803600.00,77.20,77.52,77.03
2016/3/15,76.91,534900.00,76.83,76.91,76.55
2016/3/16,77.64,829900.00,76.71,77.78,76.71
2016/3/17,78.36,989500.00,77.67,78.59,77.45
2016/3/18,78.32,1182900.00,78.16,78.53,78.10
2016/3/21,78.34,811900.00,78.23,78.48,77.99
2016/3/22,78.28,1497700.00,77.96,78.50,77.79
2016/3/23,77.48,669000.00,78.12,78.12,77.42
2016/3/24,77.39,982300.00,76.99,77.39,76.69
2016/3/28,77.50,617200.00,77.57,77.71,77.17
2016/3/29,78.29,749000.00,77.30,78.30,77.08
2016/3/30,78.53,797300.00,78.69,78.90,78.30
2016/3/31,78.53,1901200.00,78.47,78.72,78.40
2016/4/01,78.84,3019900.00,78.08,78.90,77.70
2016/4/04,78.33,641400.00,78.83,78.91,78.24
2016/4/05,77.45,929700.00,77.83,77.90,77.37
2016/4/06,78.27,532600.00,77.48,78.30,77.32
2016/4/07,77.29,647200.00,77.87,78.04,76.96
2016/4/08,77.63,536100.00,77.83,78.14,77.43
2016/4/11,77.54,696600.00,77.92,78.36,77.51
2016/4/12,78.38,585600.00,77.63,78.52,77.45
2016/4/13,79.37,1003100.00,78.76,79.38,78.67
2016/4/14,79.21,622400.00,79.42,79.42,79.03
2016/4/15,79.19,656700.00,79.16,79.26,78.93
2016/4/18,79.76,543100.00,78.93,79.77,78.76
2016/4/19,80.11,691200.00,79.94,80.31,79.76
2016/4/20,80.26,681100.00,80.20,80.60,79.89
2016/4/21,79.72,579200.00,80.26,80.38,79.64
2016/4/22,80.22,747700.00,79.88,80.34,79.80
2016/4/25,79.88,726200.00,79.94,80.06,79.55
2016/4/26,80.44,1199600.00,80.03,80.44,79.95
2016/4/27,80.96,894900.00,80.37,81.11,80.34
2016/4/28,80.00,929300.00,80.35,80.97,79.84
2016/4/29,79.51,831700.00,79.78,79.83,78.84
2016/5/02,79.98,734400.00,79.72,80.07,79.33
2016/5/03,79.08,728700.00,79.38,79.38,78.73
2016/5/04,78.57,1156900.00,78.68,79.04,78.32
2016/5/05,78.55,599900.00,78.76,79.06,78.39
2016/5/06,78.80,585100.00,78.23,78.87,78.12
2016/5/09,78.77,481700.00,78.71,78.98,78.52
2016/5/10,79.74,474600.00,79.05,79.76,78.98
2016/5/11,78.94,518800.00,79.50,79.73,78.94
2016/5/12,78.92,578200.00,79.32,79.47,78.43
2016/5/13,78.16,785100.00,78.71,79.01,78.01
2016/5/16,78.96,866800.00,78.27,79.16,78.26
2016/5/17,78.42,918100.00,78.77,79.17,78.18
2016/5/18,78.23,793300.00,78.21,78.82,77.75
2016/5/19,78.00,756900.00,77.83,78.17,77.39
2016/5/20,78.58,462200.00,78.30,78.72,78.17
2016/5/23,78.53,431500.00,78.57,78.78,78.46
2016/5/24,79.54,551700.00,78.81,79.71,78.81
2016/5/25,80.16,752600.00,79.78,80.35,79.78
2016/5/26,80.10,876700.00,80.29,80.41,80.02
2016/5/27,80.56,487100.00,80.16,80.56,80.16
2016/5/31,80.59,705700.00,80.71,80.86,80.29
2016/6/01,80.76,563400.00,80.25,80.82,80.09
2016/6/02,81.11,825200.00,80.57,81.11,80.46
2016/6/03,80.83,764100.00,80.86,80.98,80.24
2016/6/06,81.38,495700.00,81.04,81.51,80.94
2016/6/07,81.68,713500.00,81.43,81.90,81.38
2016/6/08,81.91,701400.00,81.79,82.01,81.65
2016/6/09,81.70,880200.00,81.53,81.78,81.35
2016/6/10,80.61,495600.00,81.12,81.12,80.34
2016/6/13,79.89,589300.00,80.34,80.80,79.87
2016/6/14,79.64,1017000.00,79.74,80.02,79.16
2016/6/15,79.65,836200.00,79.80,80.23,79.58
2016/6/16,79.74,1107300.00,79.24,79.81,78.65
2016/6/17,79.69,602400.00,79.51,79.86,79.30
2016/6/20,80.35,576600.00,80.50,80.99,80.26
2016/6/21,80.40,670500.00,80.48,80.65,80.11
2016/6/22,80.32,793900.00,80.53,80.88,80.27
2016/6/23,81.49,697300.00,81.01,81.50,80.85
2016/6/24,78.18,2750900.00,78.57,79.69,78.01
2016/6/27,76.14,2316700.00,77.47,77.49,75.79
2016/6/28,77.63,2993300.00,76.78,77.66,76.78
2016/6/29,79.12,1657100.00,78.26,79.26,78.24
2016/6/30,80.35,1035700.00,79.31,80.36,78.99
2016/7/01,80.60,1242100.00,80.34,80.87,80.09
2016/7/05,79.63,1360600.00,80.21,80.27,79.25
2016/7/06,80.11,940500.00,79.34,80.14,79.00
2016/7/07,80.10,762500.00,80.23,80.67,79.75
2016/7/08,81.60,609100.00,80.72,81.71,80.72
2016/7/11,81.92,651200.00,81.78,82.12,81.69
2016/7/12,82.89,1601300.00,82.36,83.04,82.36
2016/7/13,82.84,638500.00,83.06,83.16,82.48
2016/7/14,83.19,705700.00,83.43,83.52,83.08
2016/7/15,83.14,481000.00,83.44,83.44,82.95
2016/7/18,83.29,421800.00,83.15,83.36,82.95
2016/7/19,83.07,370200.00,83.09,83.11,82.82
2016/7/20,83.48,540200.00,83.21,83.57,82.91
2016/7/21,83.17,372900.00,83.43,83.67,83.00
2016/7/22,83.70,489400.00,83.26,83.72,83.12
2016/7/25,83.51,559100.00,83.57,83.61,83.25
2016/7/26,83.88,565000.00,83.49,83.90,83.36
2016/7/27,83.44,602300.00,83.92,83.93,83.07
2016/7/28,83.60,513400.00,83.30,83.73,83.12
2016/7/29,83.68,420600.00,83.34,83.81,83.09
2016/8/01,83.37,650800.00,83.64,83.74,83.18
2016/8/02,82.52,655300.00,83.20,83.37,82.15
2016/8/03,82.99,540100.00,82.42,83.02,82.24
2016/8/04,83.04,688800.00,83.04,83.24,82.82
2016/8/05,83.73,795800.00,83.34,83.81,83.34
2016/8/08,83.79,467000.00,83.84,84.10,83.70
2016/8/09,83.66,547400.00,83.78,83.97,83.56
2016/8/10,83.44,712300.00,83.72,83.80,83.32
2016/8/11,84.06,551500.00,83.73,84.14,83.67
2016/8/12,83.98,858000.00,83.97,84.13,83.74
2016/8/15,84.38,861500.00,84.11,84.56,84.01
2016/8/16,83.90,581500.00,84.18,84.21,83.89
2016/8/17,83.96,606200.00,83.90,84.03,83.43
2016/8/18,84.41,591400.00,83.97,84.43,83.97
2016/8/19,84.44,680400.00,84.16,84.50,84.03
2016/8/22,84.34,499300.00,84.25,84.43,84.06
2016/8/23,84.71,570400.00,84.65,84.90,84.65
2016/8/24,84.12,774100.00,84.61,84.71,83.96
2016/8/25,84.11,607500.00,84.00,84.39,83.93
2016/8/26,83.85,700600.00,84.24,84.73,83.47
2016/8/29,84.32,585100.00,83.91,84.49,83.91
2016/8/30,84.19,488500.00,84.36,84.43,83.90
2016/8/31,83.81,784300.00,84.07,84.07,83.42
2016/9/01,83.79,980800.00,83.85,84.00,83.21
2016/9/02,84.21,596400.00,84.02,84.42,83.98
2016/9/06,84.35,634000.00,84.37,84.42,83.91
2016/9/07,84.59,592800.00,84.35,84.59,84.22
2016/9/08,84.45,1255400.00,84.42,84.60,84.23
2016/9/09,82.17,1333900.00,83.84,84.07,82.13
2016/9/12,83.33,1075700.00,81.78,83.56,81.65
2016/9/13,81.93,1232900.00,82.68,82.85,81.64
2016/9/14,81.81,1055200.00,81.97,82.46,81.53
2016/9/15,82.63,869900.00,81.74,82.80,81.62
2016/9/16,81.97,797100.00,82.08,82.10,81.63
2016/9/19,82.16,1235100.00,82.30,82.70,81.98
2016/9/20,81.96,788500.00,82.53,82.57,81.96
2016/9/21,83.07,1297700.00,82.26,83.16,82.08
2016/9/22,83.72,843800.00,83.48,83.85,83.34
2016/9/23,83.30,509100.00,83.53,83.69,83.26
2016/9/26,82.66,676900.00,82.96,83.08,82.61
2016/9/27,83.03,630100.00,82.59,83.09,82.42
2016/9/28,83.61,988000.00,83.19,83.68,82.69
2016/9/29,82.91,1090900.00,83.51,83.79,82.66
2016/9/30,83.59,798900.00,83.30,83.88,83.06
2016/10/03,83.24,830700.00,83.34,83.45,83.03
2016/10/04,82.73,1684600.00,83.36,83.41,82.46
2016/10/05,83.22,592700.00,83.01,83.41,82.85
2016/10/06,83.26,736200.00,83.07,83.33,82.80
2016/10/07,82.81,660100.00,83.34,83.49,82.50
2016/10/10,83.18,464000.00,83.14,83.54,83.14
2016/10/11,81.94,869800.00,82.93,82.93,81.61
2016/10/12,82.05,772000.00,81.96,82.28,81.74
2016/10/13,81.75,632900.00,81.48,82.00,80.95
2016/10/14,81.69,941600.00,82.18,82.45,81.69
2016/10/17,81.41,560600.00,81.71,81.85,81.35
2016/10/18,81.97,525000.00,82.14,82.20,81.75
2016/10/19,82.37,578100.00,82.12,82.50,81.88
2016/10/20,82.21,610300.00,82.19,82.47,81.89
2016/10/21,82.16,470000.00,81.79,82.25,81.61
2016/10/24,82.42,404600.00,82.55,82.76,82.27
2016/10/25,81.95,766200.00,82.28,82.29,81.87
2016/10/26,81.91,535100.00,81.67,82.11,81.57
2016/10/27,81.43,447700.00,82.15,82.20,81.38
2016/10/28,81.42,729400.00,81.41,82.00,81.12
2016/10/31,81.55,605400.00,81.65,81.78,81.45
2016/11/01,80.88,1802400.00,81.75,81.75,80.33
2016/11/02,80.30,848400.00,80.74,80.94,80.12
2016/11/03,80.04,731800.00,80.45,80.60,79.90
2016/11/04,80.05,891800.00,80.10,80.66,79.94
2016/11/07,81.78,1131500.00,81.37,81.80,81.12
2016/11/08,82.09,931900.00,81.68,82.34,81.39
2016/11/09,83.06,2301500.00,81.41,83.37,80.88
2016/11/10,83.67,3215400.00,83.54,84.17,83.04
2016/11/11,83.67,1771600.00,83.46,83.74,83.07
2016/11/14,84.37,2660400.00,83.99,84.46,83.88
2016/11/15,84.99,1616200.00,84.57,84.99,84.34
2016/11/16,84.62,1453800.00,84.79,84.80,84.41
2016/11/17,85.07,1636100.00,84.74,85.11,84.62
2016/11/18,84.87,1209900.00,85.14,85.14,84.79
2016/11/21,85.54,2311800.00,85.18,85.56,85.12
2016/11/22,85.80,1528700.00,85.76,85.86,85.40
2016/11/23,86.01,1265400.00,85.66,86.04,85.53
2016/11/25,86.32,670000.00,86.19,86.32,86.05
2016/11/28,85.74,1302800.00,86.18,86.24,85.69
2016/11/29,85.80,1262100.00,85.79,86.02,85.54
2016/11/30,85.82,2193000.00,86.19,86.27,85.81
2016/12/01,85.56,2467800.00,86.05,86.15,85.37
2016/12/02,85.58,1186200.00,85.57,85.86,85.44
2016/12/05,86.22,1661600.00,85.98,86.40,85.98
2016/12/06,86.66,1447600.00,86.38,86.67,86.07
2016/12/07,87.90,1608300.00,86.69,87.94,86.64
2016/12/08,88.26,1743600.00,87.95,88.53,87.76
2016/12/09,88.51,1869700.00,88.43,88.51,88.16
2016/12/12,88.05,1359700.00,88.49,88.58,87.88
2016/12/13,88.42,1563600.00,88.38,88.63,88.08
2016/12/14,87.50,2074700.00,88.30,88.54,87.29
2016/12/15,87.81,1707200.00,87.50,88.21,87.34
2016/12/16,87.42,1448400.00,87.81,87.90,87.23
2016/12/19,87.55,1233300.00,87.53,87.79,87.33
2016/12/20,87.84,1205800.00,87.75,87.98,87.67
2016/12/21,87.64,1193100.00,87.84,87.90,87.62
2016/12/22,87.29,1172300.00,87.55,87.55,87.09
2016/12/23,87.47,410100.00,87.27,87.47,87.27
2016/12/27,87.76,1009100.00,87.50,87.89,87.50
2016/12/28,86.86,839900.00,87.88,87.88,86.82
2016/12/29,86.89,847200.00,86.89,87.11,86.69
2016/12/30,86.64,1303200.00,87.15,87.15,86.36
2017/1/03,87.33,2197200.00,87.27,87.67,86.80
2017/1/04,88.18,1862200.00,87.53,88.29,87.51
2017/1/05,87.94,1281700.00,88.09,88.10,87.57
2017/1/06,88.18,993000.00,88.07,88.40,87.72
2017/1/09,87.70,1333000.00,88.15,88.15,87.67
2017/1/10,87.78,1223700.00,87.79,88.16,87.65
2017/1/11,88.01,1489500.00,87.77,88.05,87.50
2017/1/12,87.87,1093000.00,87.89,87.94,87.16
2017/1/13,88.05,1001700.00,87.87,88.18,87.87
2017/1/17,87.82,1137500.00,87.82,88.13,87.64
2017/1/18,88.08,929200.00,87.96,88.09,87.62
2017/1/19,87.64,751000.00,88.07,88.21,87.41
2017/1/20,87.97,827400.00,87.97,88.20,87.63
2017/1/23,87.71,1180200.00,87.91,87.97,87.37
2017/1/24,88.58,1876500.00,87.92,88.73,87.90
2017/1/25,89.25,1293200.00,88.98,89.28,88.91
2017/1/26,89.01,943800.00,89.25,89.32,88.93
2017/1/27,88.74,910300.00,89.11,89.11,88.64
2017/1/30,88.24,1420000.00,88.45,88.45,87.66
2017/1/31,88.38,903500.00,88.08,88.38,87.76
2017/2/01,88.16,1089800.00,88.56,88.68,87.84
2017/2/02,88.35,826300.00,87.97,88.47,87.86
2017/2/03,88.96,794700.00,88.69,89.05,88.61
2017/2/06,88.72,766700.00,88.85,88.98,88.57
2017/2/07,88.63,830700.00,88.87,88.94,88.48
2017/2/08,88.82,657200.00,88.49,88.86,88.31
2017/2/09,89.37,1169100.00,88.94,89.55,88.90
2017/2/10,89.87,947200.00,89.64,89.97,89.59
2017/2/13,90.27,856300.00,90.14,90.41,90.07
2017/2/14,90.51,772900.00,90.16,90.55,90.01
2017/2/15,90.95,794600.00,90.41,91.08,90.38
2017/2/16,90.72,791400.00,90.99,91.10,90.44
2017/2/17,90.90,668200.00,90.50,90.91,90.37
2017/2/21,91.54,961000.00,91.04,91.62,91.04
2017/2/22,91.32,670600.00,91.34,91.48,91.19
2017/2/23,91.16,1023100.00,91.59,91.61,90.92
2017/2/24,91.41,809800.00,90.80,91.41,90.70
2017/2/27,91.62,713400.00,91.41,91.68,91.24
2017/2/28,91.15,720000.00,91.42,91.44,91.05
2017/3/01,92.27,1166800.00,91.85,92.53,91.85
2017/3/02,91.67,786700.00,92.20,92.20,91.64
2017/3/03,91.66,645800.00,91.61,91.74,91.36
2017/3/06,91.25,512400.00,91.29,91.52,91.01
2017/3/07,90.84,942300.00,91.11,91.15,90.77
2017/3/08,90.63,848600.00,90.90,91.12,90.56
2017/3/09,90.55,1001900.00,90.64,90.87,90.14
2017/3/10,90.91,488000.00,91.00,91.15,90.47
2017/3/13,91.09,545300.00,90.91,91.12,90.80
2017/3/14,90.66,1294300.00,90.79,90.79,90.33
2017/3/15,91.65,881300.00,90.88,91.89,90.85
2017/3/16,91.44,676300.00,91.74,91.75,91.30
2017/3/17,91.06,539000.00,91.28,91.31,90.99
2017/3/20,90.82,579300.00,91.06,91.10,90.61
2017/3/21,89.61,1444000.00,91.11,91.11,89.51
2017/3/22,89.77,873800.00,89.58,89.90,89.26
2017/3/23,89.81,787900.00,89.75,90.37,89.64
2017/3/24,89.81,682500.00,89.96,90.22,89.46
2017/3/27,89.65,780600.00,89.10,89.79,88.88
2017/3/28,90.39,764800.00,89.62,90.56,89.50
2017/3/29,90.70,459000.00,90.32,90.75,90.20
2017/3/30,90.88,512000.00,90.67,91.01,90.57
2017/3/31,90.82,591800.00,90.82,91.09,90.72
2017/4/03,90.46,2521200.00,90.90,90.93,89.92
2017/4/04,90.35,934000.00,90.32,90.42,90.08
2017/4/05,90.10,980600.00,90.67,91.17,89.99
2017/4/06,90.58,682000.00,90.21,90.80,90.06
2017/4/07,90.50,400700.00,90.57,90.80,90.31
2017/4/10,90.71,489500.00,90.59,91.03,90.43
2017/4/11,90.74,617200.00,90.55,90.74,90.00
2017/4/12,90.18,544500.00,90.63,90.65,90.07
2017/4/13,89.55,605400.00,90.04,90.29,89.54
2017/4/17,90.28,802300.00,89.82,90.30,89.64
2017/4/18,90.02,607100.00,89.96,90.25,89.67
2017/4/19,90.05,656700.00,90.33,90.55,89.93
2017/4/20,90.79,582100.00,90.31,90.99,90.18
2017/4/21,90.50,824200.00,90.74,90.78,90.31
2017/4/24,91.39,698500.00,91.47,91.60,91.16
2017/4/25,91.87,649900.00,91.63,92.00,91.54
2017/4/26,91.89,710200.00,91.89,92.34,91.67
2017/4/27,91.85,662000.00,91.97,92.04,91.56
2017/4/28,91.42,632900.00,91.88,91.91,91.34
2017/5/01,91.38,862000.00,91.63,91.63,91.24
2017/5/02,91.46,512600.00,91.49,91.57,91.26
2017/5/03,91.17,621900.00,91.28,91.38,90.91
2017/5/04,91.25,560800.00,91.27,91.34,90.82
2017/5/05,91.85,453500.00,91.46,91.85,91.35
2017/5/08,91.64,541000.00,91.88,91.93,91.48
2017/5/09,91.58,590800.00,91.73,91.80,91.45
2017/5/10,91.93,744200.00,91.62,91.95,91.41
2017/5/11,91.55,590200.00,91.69,91.71,91.00
2017/5/12,91.14,355700.00,91.42,91.49,91.05
2017/5/15,91.69,337700.00,91.36,91.87,91.36
2017/5/16,91.45,542500.00,91.83,91.85,91.30
2017/5/17,90.04,1293300.00,90.77,90.95,89.98
2017/5/18,90.24,949800.00,89.92,90.61,89.75
2017/5/19,90.97,721500.00,90.48,91.27,90.27
2017/5/22,91.44,418700.00,91.14,91.53,91.01
2017/5/23,91.46,399500.00,91.63,91.67,91.35
2017/5/24,91.66,318800.00,91.54,91.70,91.44
2017/5/25,92.03,557100.00,91.89,92.21,91.82
2017/5/26,92.01,592300.00,91.98,92.04,91.89
2017/5/30,91.84,495300.00,91.88,91.99,91.68
2017/5/31,91.93,527700.00,91.96,91.97,91.46
2017/6/01,92.88,739800.00,92.13,92.90,91.95
2017/6/02,93.01,517800.00,92.94,93.13,92.72
2017/6/05,92.81,369100.00,92.93,93.00,92.74
2017/6/06,92.44,457300.00,92.52,92.69,92.33
2017/6/07,92.53,555400.00,92.58,92.70,92.26
2017/6/08,92.60,312900.00,92.55,92.79,92.34
2017/6/09,92.88,532100.00,92.67,93.20,92.48
2017/6/12,93.00,310200.00,92.80,93.09,92.67
2017/6/13,93.59,530800.00,93.22,93.59,93.10
2017/6/14,93.38,563500.00,93.62,93.64,93.08
2017/6/15,93.18,442300.00,92.83,93.24,92.74
2017/6/16,92.88,425300.00,92.92,92.92,92.47
2017/6/19,93.46,672100.00,93.18,93.49,93.05
2017/6/20,92.70,355100.00,93.36,93.36,92.66
2017/6/21,92.44,312300.00,92.83,92.86,92.23
2017/6/22,92.47,386300.00,92.43,92.76,92.30
2017/6/23,92.68,285800.00,92.53,92.78,92.39
2017/6/26,92.95,248700.00,92.93,93.21,92.83
2017/6/27,92.33,539600.00,92.95,93.10,92.33
2017/6/28,93.05,334500.00,92.74,93.25,92.74
2017/6/29,92.39,432000.00,93.15,93.26,91.87
2017/6/30,92.68,359600.00,92.76,93.03,92.50
2017/7/03,93.07,390600.00,93.14,93.40,93.07
2017/7/05,92.93,601100.00,93.20,93.20,92.66
2017/7/06,91.91,508200.00,92.56,92.61,91.81
2017/7/07,92.50,377700.00,92.03,92.57,92.01
2017/7/10,92.52,271400.00,92.44,92.68,92.32
2017/7/11,92.44,417500.00,92.46,92.56,91.93
2017/7/12,93.08,1126600.00,92.92,93.25,92.92
2017/7/13,93.35,594100.00,93.18,93.39,93.06
2017/7/14,93.76,391200.00,93.44,93.93,93.31
2017/7/17,93.87,358600.00,93.73,94.04,93.68
2017/7/18,93.67,411200.00,93.75,93.75,93.43
2017/7/19,94.34,538700.00,93.87,94.34,93.77
2017/7/20,94.29,311600.00,94.46,94.46,94.12
2017/7/21,94.31,272900.00,94.12,94.33,94.04
2017/7/24,94.24,383900.00,94.26,94.40,94.08
2017/7/25,94.61,261900.00,94.54,94.80,94.39
2017/7/26,94.42,367000.00,94.67,94.67,94.33
2017/7/27,94.32,552900.00,94.43,94.46,93.78
2017/7/28,94.20,371300.00,94.14,94.26,94.01
2017/7/31,94.16,472300.00,94.42,94.46,94.01
2017/8/01,94.26,398200.00,94.41,94.43,93.97
2017/8/02,93.96,449300.00,94.13,94.13,93.61
2017/8/03,93.72,616400.00,93.87,93.96,93.62
2017/8/04,93.86,487300.00,93.91,93.95,93.68
2017/8/07,93.96,388300.00,93.88,94.02,93.81
2017/8/08,93.73,477400.00,93.89,94.38,93.56
2017/8/09,93.60,579900.00,93.45,93.62,93.28
2017/8/10,92.26,667100.00,93.23,93.30,92.23
2017/8/11,92.28,928800.00,92.13,92.58,92.13
2017/8/14,93.15,423500.00,92.75,93.33,92.75
2017/8/15,92.98,311900.00,93.23,93.23,92.84
2017/8/16,93.22,322700.00,93.20,93.41,93.07
2017/8/17,91.79,662400.00,92.98,93.15,91.79
2017/8/18,91.58,1150600.00,91.68,92.10,91.40
2017/8/21,91.66,648800.00,91.60,91.77,91.31
2017/8/22,92.53,658600.00,91.88,92.61,91.76
2017/8/23,92.26,355600.00,92.19,92.45,92.15
2017/8/24,92.14,390900.00,92.45,92.62,92.11
2017/8/25,92.46,379600.00,92.45,92.71,92.37
2017/8/28,92.35,625700.00,92.64,92.65,92.15
2017/8/29,92.26,473900.00,91.77,92.37,91.77
2017/8/30,92.70,301800.00,92.20,92.81,92.11
2017/8/31,93.22,285000.00,92.92,93.35,92.92
2017/9/01,93.60,355800.00,93.44,93.73,93.39
2017/9/05,92.96,626400.00,93.37,93.55,92.52
2017/9/06,93.29,361200.00,93.25,93.40,93.10
2017/9/07,93.25,488100.00,93.40,93.45,93.03
2017/9/08,93.33,500400.00,93.05,93.46,92.99
2017/9/11,94.27,436700.00,93.77,94.33,93.77
2017/9/12,94.64,719700.00,94.39,94.65,94.30
2017/9/13,94.65,398100.00,94.57,94.67,94.51
2017/9/14,94.64,385000.00,94.46,94.76,94.38
2017/9/15,94.37,339100.00,94.16,94.40,94.05
2017/9/18,94.52,526700.00,94.53,94.72,94.37
2017/9/19,94.39,248300.00,94.62,94.62,94.29
2017/9/20,94.55,314600.00,94.47,94.56,94.13
2017/9/21,94.35,452000.00,94.45,94.56,94.29
2017/9/22,94.55,304700.00,94.30,94.60,94.30
2017/9/25,94.66,311500.00,94.45,94.79,94.26
2017/9/26,94.77,265700.00,94.82,94.92,94.69
2017/9/27,95.15,477400.00,95.06,95.30,94.64
2017/9/28,95.21,423000.00,95.04,95.22,94.91
2017/9/29,95.54,519100.00,95.19,95.55,95.17
2017/10/02,95.95,1314000.00,95.59,95.95,95.44
2017/10/03,96.11,420600.00,96.03,96.16,95.82
2017/10/04,96.31,362600.00,96.12,96.42,96.01
2017/10/05,96.69,441700.00,96.44,96.78,96.37
2017/10/06,96.49,442400.00,96.52,96.58,96.32
2017/10/09,96.15,509400.00,96.56,96.56,96.05
2017/10/10,96.39,525600.00,96.41,96.63,96.27
2017/10/11,96.41,283800.00,96.34,96.43,96.24
2017/10/12,96.44,2808600.00,96.23,96.52,96.15
2017/10/13,96.54,310000.00,96.61,96.77,96.48
2017/10/16,96.57,294200.00,96.69,96.70,96.43
2017/10/17,96.56,305400.00,96.55,96.63,96.37
2017/10/18,96.64,302500.00,96.63,96.75,96.54
2017/10/19,96.76,266400.00,96.24,96.76,96.09
2017/10/20,97.41,273800.00,97.12,97.42,96.95
2017/10/23,97.08,346400.00,97.56,97.61,97.03
2017/10/24,97.18,382100.00,97.14,97.31,97.07
2017/10/25,96.53,392100.00,96.91,97.25,95.99
2017/10/26,96.72,355700.00,96.74,96.91,96.55
2017/10/27,96.87,323200.00,96.61,96.87,96.26
2017/10/30,96.40,463500.00,96.62,96.71,96.29
2017/10/31,96.58,509700.00,96.50,96.70,96.41
2017/11/01,96.61,376200.00,96.90,97.10,96.52
2017/11/02,96.59,282300.00,96.55,96.72,96.20
2017/11/03,96.73,412000.00,96.49,96.77,96.39
2017/11/06,97.13,559800.00,96.72,97.18,96.71
2017/11/07,96.98,415600.00,97.19,97.36,96.79
2017/11/08,97.10,264100.00,96.84,97.17,96.73
2017/11/09,96.84,577900.00,96.58,97.00,96.26
2017/11/10,96.90,236500.00,96.62,96.92,96.56
2017/11/13,97.05,237000.00,96.64,97.14,96.61
2017/11/14,97.00,394400.00,96.72,97.01,96.56
2017/11/15,96.47,422100.00,96.58,96.74,96.10
2017/11/16,97.30,313900.00,96.69,97.47,96.69
2017/11/17,97.47,518900.00,97.24,97.60,97.24
2017/11/20,97.62,341900.00,97.52,97.68,97.42
2017/11/21,97.98,390900.00,97.87,98.02,97.81
2017/11/22,97.94,278400.00,97.99,98.09,97.90
