2014/11/25,20.91,8775500.00,21.32,21.42,20.89
2014/11/26,20.70,5859400.00,20.82,20.95,20.67
2014/11/28,19.56,12414900.00,20.00,20.04,19.55
2014/12/01,19.62,12235000.00,19.29,19.73,19.16
2014/12/02,18.80,14327800.00,19.13,19.22,18.68
2014/12/03,19.17,7477500.00,18.98,19.40,18.98
2014/12/04,18.66,9659200.00,18.94,19.01,18.65
2014/12/05,18.58,8018200.00,18.42,18.63,18.15
2014/12/08,17.57,15018300.00,17.87,18.57,17.53
2014/12/09,17.56,8799000.00,17.40,17.57,17.28
2014/12/10,17.17,8844200.00,17.62,17.62,17.13
2014/12/11,16.20,15358800.00,16.73,16.76,16.19
2014/12/12,15.80,14517700.00,16.33,16.39,15.77
2014/12/15,13.93,34818400.00,14.94,15.20,13.85
2014/12/16,14.38,65190800.00,13.18,14.97,12.50
2014/12/17,15.83,48665100.00,14.63,15.91,14.62
2014/12/18,14.92,39848900.00,16.20,16.51,14.88
2014/12/19,16.19,36231000.00,15.65,16.36,15.36
2014/12/22,15.99,24904600.00,16.43,16.53,15.57
2014/12/23,15.44,25862400.00,15.78,15.85,15.24
2014/12/24,15.95,8892200.00,15.79,16.00,15.55
2014/12/26,16.02,6199000.00,16.20,16.36,15.92
2014/12/29,14.61,28720600.00,15.41,15.58,14.01
2014/12/30,15.54,21661800.00,15.22,15.72,14.99
2014/12/31,14.63,19474900.00,14.96,15.23,14.61
2015/1/02,14.79,16064300.00,14.82,14.89,14.46
2015/1/05,14.33,18551300.00,14.76,14.80,14.31
2015/1/06,14.16,20818200.00,14.28,14.68,14.05
2015/1/07,14.76,20907100.00,14.52,14.94,14.50
2015/1/08,15.79,25908600.00,15.64,15.87,15.53
2015/1/09,15.21,19449800.00,15.17,15.36,14.99
2015/1/12,14.77,10493700.00,14.88,14.88,14.64
2015/1/13,14.77,12876200.00,14.46,14.78,14.38
2015/1/14,15.11,14036900.00,14.48,15.17,14.46
2015/1/15,14.64,15836700.00,15.23,15.23,14.63
2015/1/16,15.14,15819600.00,15.00,15.24,14.96
2015/1/20,14.89,11048700.00,15.05,15.08,14.82
2015/1/21,15.42,15086900.00,15.22,15.44,15.22
2015/1/22,16.30,21825500.00,15.87,16.33,15.81
2015/1/23,15.96,12572500.00,16.23,16.27,15.91
2015/1/26,14.78,28304400.00,15.46,15.49,14.67
2015/1/27,15.56,21243600.00,15.25,15.70,15.18
2015/1/28,15.00,18142300.00,15.27,15.31,14.99
2015/1/29,14.81,16250600.00,15.04,15.09,14.60
2015/1/30,14.62,22624700.00,14.51,14.99,14.27
2015/2/02,14.90,12268600.00,14.70,14.95,14.56
2015/2/03,15.76,23174200.00,15.33,15.81,15.33
2015/2/04,15.02,17674200.00,15.42,15.48,15.00
2015/2/05,15.82,19719600.00,15.70,15.87,15.63
2015/2/06,16.34,19806800.00,16.25,16.36,15.90
2015/2/09,16.41,12374800.00,16.44,16.59,16.36
2015/2/10,16.74,16835300.00,16.42,16.79,16.10
2015/2/11,16.86,23674900.00,16.51,17.07,16.32
2015/2/12,17.66,34467100.00,16.93,17.75,16.90
2015/2/13,18.05,20501600.00,17.91,18.17,17.87
2015/2/17,17.96,11901700.00,17.81,18.14,17.50
2015/2/18,18.19,12391400.00,18.13,18.34,18.05
2015/2/19,17.98,15106000.00,17.56,18.17,17.46
2015/2/20,17.99,8375200.00,17.88,18.07,17.72
2015/2/23,16.98,19047000.00,17.43,17.52,16.83
2015/2/24,17.33,14212800.00,17.26,17.47,17.15
2015/2/25,17.65,12718900.00,17.33,17.70,17.23
2015/2/26,17.45,13338900.00,17.82,17.91,17.32
2015/2/27,17.82,14535200.00,17.45,17.86,17.45
2015/3/02,17.37,12141100.00,17.69,17.76,17.33
2015/3/03,17.93,15257400.00,17.85,18.00,17.77
2015/3/04,17.43,15574700.00,17.62,17.64,17.25
2015/3/05,17.73,13235000.00,17.74,17.80,17.54
2015/3/06,17.20,15511600.00,17.60,17.62,17.18
2015/3/09,16.90,8875900.00,17.20,17.22,16.85
2015/3/10,16.26,15523700.00,16.54,16.55,16.22
2015/3/11,16.54,13055200.00,16.45,16.69,16.23
2015/3/12,16.49,7098200.00,16.75,16.77,16.34
2015/3/13,15.95,20677800.00,16.37,16.44,15.89
2015/3/16,16.05,11580800.00,15.97,16.08,15.78
2015/3/17,16.26,10622300.00,15.94,16.29,15.90
2015/3/18,17.04,16326700.00,16.28,17.15,16.19
2015/3/19,16.29,14089600.00,16.59,16.63,16.28
2015/3/20,16.89,13885400.00,16.64,16.98,16.64
2015/3/23,16.74,8965400.00,16.83,16.89,16.65
2015/3/24,17.18,11024800.00,16.98,17.18,16.95
2015/3/25,17.23,11100200.00,17.26,17.41,17.02
2015/3/26,16.87,11244700.00,17.06,17.12,16.78
2015/3/27,16.62,8941300.00,16.91,16.92,16.59
2015/3/30,17.24,9118800.00,17.00,17.28,16.99
2015/3/31,17.03,7978900.00,17.12,17.23,16.99
2015/4/01,17.72,13341800.00,17.49,17.78,17.42
2015/4/02,18.40,20296100.00,18.00,18.43,17.98
2015/4/06,18.84,16706700.00,18.51,18.93,18.51
2015/4/07,18.84,8369000.00,18.78,18.89,18.60
2015/4/08,19.07,12372200.00,19.02,19.12,18.78
2015/4/09,19.54,14653700.00,19.29,19.57,19.15
2015/4/10,18.81,16641700.00,19.14,19.31,18.80
2015/4/13,19.21,15196200.00,19.39,19.40,19.11
2015/4/14,19.55,9966700.00,19.40,19.66,19.22
2015/4/15,20.54,20228200.00,19.80,20.55,19.77
2015/4/16,20.48,13300600.00,20.24,20.69,20.18
2015/4/17,19.31,62556600.00,19.70,19.71,18.69
2015/4/20,19.16,12148500.00,19.22,19.38,19.10
2015/4/21,19.39,11204100.00,19.15,19.51,19.13
2015/4/22,19.49,11461300.00,19.32,19.50,19.06
2015/4/23,19.86,13919500.00,19.52,19.94,19.51
2015/4/24,19.90,10124100.00,19.88,19.93,19.61
2015/4/27,19.48,10088700.00,19.89,19.92,19.45
2015/4/28,19.72,7455700.00,19.50,19.89,19.47
2015/4/29,19.76,9767800.00,19.63,19.94,19.50
2015/4/30,19.70,7137800.00,19.65,19.82,19.54
2015/5/01,19.87,5926200.00,19.87,19.89,19.62
2015/5/04,19.88,3689500.00,19.97,19.99,19.80
2015/5/05,20.23,7778800.00,20.41,20.43,20.20
2015/5/06,19.96,11726300.00,20.62,20.63,19.90
2015/5/07,20.09,10410000.00,20.07,20.28,19.88
2015/5/08,20.24,7816800.00,20.06,20.30,20.04
2015/5/11,20.32,6034400.00,20.25,20.36,20.14
2015/5/12,20.59,9279000.00,20.13,20.59,20.07
2015/5/13,20.48,6219400.00,20.75,20.81,20.47
2015/5/14,20.51,7868800.00,20.35,20.53,20.29
2015/5/15,20.83,8889800.00,20.40,20.84,20.31
2015/5/18,20.57,8022600.00,20.76,20.78,20.54
2015/5/19,20.16,9156100.00,20.21,20.29,20.13
2015/5/20,19.85,9962300.00,19.82,19.97,19.71
2015/5/21,20.18,9747900.00,19.86,20.19,19.79
2015/5/22,20.16,4220500.00,20.12,20.33,20.05
2015/5/26,19.59,9498000.00,19.93,19.93,19.55
2015/5/27,19.33,7876400.00,19.40,19.58,19.32
2015/5/28,19.28,6162200.00,19.18,19.33,19.11
2015/5/29,18.95,10927500.00,19.22,19.28,18.92
2015/6/01,18.37,14432400.00,18.88,18.88,18.35
2015/6/02,19.19,18930100.00,18.74,19.20,18.69
2015/6/03,18.52,13765900.00,18.48,18.67,18.38
2015/6/04,17.71,14651400.00,18.30,18.31,17.71
2015/6/05,18.01,15429800.00,17.69,18.04,17.62
2015/6/08,17.92,6287100.00,18.05,18.10,17.84
2015/6/09,18.23,9457500.00,18.17,18.27,18.13
2015/6/10,18.59,10072700.00,18.61,18.71,18.45
2015/6/11,18.43,5579800.00,18.38,18.51,18.29
2015/6/12,18.16,7998900.00,18.34,18.40,18.14
2015/6/15,18.53,7116700.00,18.22,18.53,18.19
2015/6/16,18.81,8656700.00,18.70,18.88,18.61
2015/6/17,18.81,9609100.00,18.82,18.94,18.49
2015/6/18,18.86,5289400.00,18.91,19.03,18.83
2015/6/19,18.61,8839200.00,18.61,18.72,18.59
2015/6/22,18.81,6295900.00,18.83,18.91,18.75
2015/6/23,18.79,6301200.00,18.55,18.80,18.52
2015/6/24,18.27,10606600.00,18.43,18.52,18.26
2015/6/25,18.15,5137500.00,18.29,18.29,18.13
2015/6/26,18.28,5509900.00,18.11,18.30,18.08
2015/6/29,17.71,10827400.00,17.99,18.03,17.70
2015/6/30,18.28,14491800.00,17.93,18.31,17.85
2015/7/01,17.82,10267100.00,18.09,18.12,17.79
2015/7/02,18.00,5976100.00,17.92,18.09,17.90
2015/7/06,17.39,10597000.00,17.55,17.58,17.35
2015/7/07,17.63,16647500.00,17.27,17.65,16.95
2015/7/08,16.94,14678200.00,16.94,17.11,16.91
2015/7/09,17.14,8412500.00,17.28,17.38,17.10
2015/7/10,17.77,13706700.00,17.57,17.80,17.47
2015/7/13,17.93,7904500.00,17.68,17.94,17.67
2015/7/14,18.11,8354400.00,17.73,18.12,17.70
2015/7/15,17.81,10167500.00,17.97,18.05,17.76
2015/7/16,18.14,6518000.00,18.14,18.22,18.05
2015/7/17,18.03,6562000.00,18.12,18.14,17.96
2015/7/20,17.73,8385300.00,17.84,17.88,17.71
2015/7/21,17.91,8114600.00,17.91,18.01,17.83
2015/7/22,17.54,12179300.00,17.84,17.84,17.53
2015/7/23,17.25,10223200.00,17.52,17.57,17.23
2015/7/24,16.95,12555800.00,17.16,17.17,16.83
2015/7/27,16.52,14840000.00,16.59,16.73,16.44
2015/7/28,16.79,11659200.00,16.65,16.83,16.43
2015/7/29,17.34,19933900.00,16.90,17.43,16.83
2015/7/30,17.11,7848600.00,17.21,17.23,17.04
2015/7/31,16.97,9240200.00,17.09,17.22,16.92
2015/8/03,16.38,16401300.00,16.55,16.78,16.34
2015/8/04,16.59,9239600.00,16.65,16.77,16.50
2015/8/05,16.58,6058900.00,16.88,16.97,16.47
2015/8/06,16.47,9683100.00,16.48,16.52,16.31
2015/8/07,16.59,7358200.00,16.43,16.73,16.43
2015/8/10,17.06,12260200.00,16.51,17.10,16.51
2015/8/11,16.63,14951100.00,16.75,16.78,16.46
2015/8/12,16.60,7283600.00,16.50,16.63,16.36
2015/8/13,16.42,5972100.00,16.44,16.51,16.30
2015/8/14,16.40,3430400.00,16.60,16.66,16.40
2015/8/17,16.22,6312200.00,16.31,16.37,16.20
2015/8/18,16.14,5256800.00,16.18,16.25,16.07
2015/8/19,15.69,12597000.00,16.16,16.16,15.69
2015/8/20,15.64,8950600.00,15.80,15.86,15.63
2015/8/21,15.00,20151200.00,15.33,15.39,15.00
2015/8/24,14.39,24889300.00,14.22,14.89,14.00
2015/8/25,14.67,14758200.00,15.24,15.29,14.65
2015/8/26,15.22,15203500.00,14.95,15.27,14.82
2015/8/27,16.24,26627000.00,15.63,16.25,15.61
2015/8/28,16.48,17384900.00,15.95,16.55,15.90
2015/8/31,16.82,16937400.00,16.10,16.96,15.85
2015/9/01,15.62,24269400.00,16.22,16.29,15.56
2015/9/02,15.88,16065000.00,15.98,16.02,15.41
2015/9/03,15.84,14370500.00,15.71,16.18,15.70
2015/9/04,15.39,14120100.00,15.74,15.81,15.38
2015/9/08,15.88,13556700.00,15.71,15.91,15.53
2015/9/09,15.51,10800300.00,15.93,16.00,15.50
2015/9/10,15.85,11273500.00,15.70,15.90,15.58
2015/9/11,15.80,5032100.00,15.67,15.88,15.60
2015/9/14,16.00,5863200.00,15.87,16.04,15.77
2015/9/15,16.17,6233600.00,15.97,16.20,15.96
2015/9/16,16.63,14588600.00,16.42,16.70,16.41
2015/9/17,16.67,12614700.00,16.45,16.99,16.33
2015/9/18,16.07,13329900.00,16.33,16.45,16.04
2015/9/21,16.10,5583300.00,16.15,16.21,15.97
2015/9/22,15.72,8641600.00,15.67,15.75,15.54
2015/9/23,15.37,9373400.00,15.59,15.78,15.33
2015/9/24,15.45,13056500.00,15.33,15.51,15.15
2015/9/25,15.64,8482900.00,15.64,15.75,15.55
2015/9/28,15.29,10175900.00,15.46,15.51,15.26
2015/9/29,15.51,8033800.00,15.45,15.58,15.41
2015/9/30,15.70,7023400.00,15.71,15.79,15.54
2015/10/01,15.41,8410900.00,15.62,15.65,15.36
2015/10/02,15.56,12725000.00,15.05,15.57,15.04
2015/10/05,16.05,13837100.00,15.87,16.08,15.85
2015/10/06,16.44,10514700.00,16.13,16.49,16.11
2015/10/07,16.68,12483500.00,16.72,16.85,16.46
2015/10/08,17.28,13493700.00,16.82,17.33,16.72
2015/10/09,17.27,15790200.00,17.38,17.56,17.18
2015/10/12,16.87,10585000.00,17.40,17.40,16.82
2015/10/13,16.79,7790900.00,16.84,17.14,16.76
2015/10/14,17.20,11216300.00,17.05,17.25,16.99
2015/10/15,17.76,12691000.00,17.32,17.81,17.27
2015/10/16,17.54,11613400.00,17.54,17.63,17.33
2015/10/19,17.11,10085800.00,17.06,17.25,17.02
2015/10/20,17.27,6978000.00,17.14,17.37,17.09
2015/10/21,16.85,10762500.00,16.92,17.03,16.81
2015/10/22,17.13,6673300.00,17.05,17.19,16.98
2015/10/23,17.31,8554500.00,17.32,17.35,17.19
2015/10/26,16.88,8726800.00,17.12,17.14,16.88
2015/10/27,16.47,11643300.00,16.48,16.60,16.40
2015/10/28,16.84,11959800.00,16.67,17.06,16.60
2015/10/29,16.53,8080500.00,16.66,16.76,16.51
2015/10/30,16.71,6488400.00,16.72,16.87,16.67
2015/11/02,17.04,6620800.00,16.80,17.06,16.78
2015/11/03,17.64,17936100.00,17.37,17.77,17.32
2015/11/04,17.33,16444300.00,17.77,17.85,17.26
2015/11/05,17.34,7035100.00,17.29,17.50,17.23
2015/11/06,16.89,14093500.00,16.99,17.02,16.77
2015/11/09,16.67,7005400.00,16.87,16.90,16.64
2015/11/10,16.66,6514400.00,16.80,16.89,16.61
2015/11/11,16.43,9450400.00,16.87,16.89,16.40
2015/11/12,16.08,10153000.00,16.31,16.49,16.07
2015/11/13,16.09,7039300.00,16.12,16.17,15.94
2015/11/16,16.73,14681400.00,16.24,16.76,16.19
2015/11/17,17.01,14476000.00,16.89,17.20,16.81
2015/11/18,17.62,18863000.00,17.34,17.62,17.20
2015/11/19,17.45,11422900.00,17.45,17.58,17.34
2015/11/20,17.57,13877400.00,17.43,17.87,17.41
2015/11/23,17.57,9008500.00,17.62,17.82,17.50
2015/11/24,17.27,12505300.00,17.14,17.37,17.08
2015/11/25,17.52,9193600.00,17.36,17.53,17.19
2015/11/27,16.74,12628400.00,17.10,17.13,16.72
2015/11/30,16.69,11013000.00,16.89,16.91,16.63
2015/12/01,16.57,6757600.00,16.58,16.64,16.48
2015/12/02,16.21,12542500.00,16.34,16.50,16.16
2015/12/03,16.48,9150900.00,16.35,16.52,16.28
2015/12/04,16.03,12922500.00,16.02,16.14,15.88
2015/12/07,15.49,12311700.00,15.80,15.81,15.47
2015/12/08,15.32,13437400.00,15.29,15.44,15.18
2015/12/09,15.38,13618500.00,15.47,15.65,15.27
2015/12/10,15.37,8197300.00,15.50,15.58,15.37
2015/12/11,14.95,11452500.00,15.26,15.27,14.90
2015/12/14,15.06,10371300.00,14.92,15.08,14.75
2015/12/15,15.44,10826700.00,15.30,15.56,15.30
2015/12/16,15.56,14435400.00,15.48,15.75,15.32
2015/12/17,15.41,7739000.00,15.66,15.70,15.40
2015/12/18,15.03,15628800.00,15.14,15.29,15.01
2015/12/21,14.49,9113200.00,14.48,14.51,14.32
2015/12/22,14.58,9647200.00,14.47,14.59,14.44
2015/12/23,15.16,14988600.00,14.85,15.21,14.85
2015/12/24,14.95,5064900.00,15.05,15.07,14.86
2015/12/28,14.48,8738400.00,14.57,14.58,14.43
2015/12/29,14.87,9572800.00,14.64,14.90,14.64
2015/12/30,14.51,9149600.00,14.58,14.65,14.50
2015/12/31,14.65,8764600.00,14.60,14.80,14.57
2016/1/04,14.23,14001600.00,14.43,14.43,14.09
2016/1/05,14.43,9332800.00,14.32,14.51,14.30
2016/1/06,14.10,10079900.00,14.15,14.27,14.09
2016/1/07,13.52,13231500.00,13.72,13.86,13.48
2016/1/08,13.33,7847300.00,13.70,13.78,13.33
2016/1/11,13.11,10214300.00,13.46,13.46,13.01
2016/1/12,13.19,8453100.00,13.37,13.41,12.97
2016/1/13,13.03,10233000.00,13.41,13.45,13.00
2016/1/14,13.34,13315900.00,13.15,13.37,12.97
2016/1/15,12.39,18975700.00,12.52,12.59,12.29
2016/1/19,12.55,10935000.00,12.69,12.70,12.44
2016/1/20,12.19,14420200.00,12.18,12.29,11.81
2016/1/21,12.42,15399200.00,12.12,12.60,12.05
2016/1/22,13.40,20462200.00,13.18,13.40,13.14
2016/1/25,12.84,13733200.00,13.06,13.23,12.84
2016/1/26,13.27,11715900.00,13.07,13.42,12.97
2016/1/27,13.67,17573300.00,13.46,13.97,13.43
2016/1/28,14.20,16492200.00,14.07,14.22,13.91
2016/1/29,14.47,11461100.00,14.31,14.48,14.15
2016/2/01,13.96,15069500.00,14.09,14.15,13.85
2016/2/02,13.29,20365400.00,13.58,13.62,13.22
2016/2/03,14.22,24182000.00,13.73,14.27,13.38
2016/2/04,14.07,16244700.00,14.31,14.47,14.02
2016/2/05,13.91,11970400.00,14.05,14.08,13.82
2016/2/08,13.52,12822100.00,13.80,13.82,13.36
2016/2/09,12.99,16262200.00,13.22,13.43,12.84
2016/2/10,13.25,13085000.00,13.13,13.58,13.10
2016/2/11,13.21,11633600.00,12.89,13.23,12.85
2016/2/12,13.53,12984400.00,13.30,13.56,13.23
2016/2/16,13.77,7912000.00,13.71,13.82,13.61
2016/2/17,14.30,14698900.00,13.96,14.34,13.94
2016/2/18,14.06,10435100.00,14.47,14.48,14.04
2016/2/19,14.09,8057100.00,13.92,14.10,13.80
2016/2/22,14.54,10265600.00,14.47,14.59,14.47
2016/2/23,14.15,8349400.00,14.44,14.49,14.12
2016/2/24,14.33,8451300.00,13.89,14.37,13.80
2016/2/25,14.44,6718000.00,14.25,14.50,14.06
2016/2/26,14.15,10508900.00,14.59,14.63,14.06
2016/2/29,14.51,12689900.00,14.50,14.66,14.41
2016/3/01,15.08,13370900.00,14.79,15.14,14.74
2016/3/02,15.12,9310500.00,14.76,15.13,14.73
2016/3/03,15.27,10057900.00,14.93,15.32,14.89
2016/3/04,15.81,17356400.00,15.37,15.83,15.34
2016/3/07,16.01,12560700.00,15.75,16.16,15.72
2016/3/08,15.45,15940800.00,15.93,15.93,15.44
2016/3/09,15.89,21414400.00,15.74,15.93,15.70
2016/3/10,15.72,13171200.00,15.86,15.90,15.47
2016/3/11,16.09,10724100.00,16.04,16.15,16.00
2016/3/14,16.16,13110900.00,15.78,16.26,15.67
2016/3/15,15.60,13476300.00,15.73,15.74,15.53
2016/3/16,16.22,13514000.00,15.63,16.26,15.61
2016/3/17,16.63,12380200.00,16.44,16.67,16.37
2016/3/18,16.47,16240300.00,16.86,16.91,16.42
2016/3/21,16.70,7509700.00,16.50,16.71,16.46
2016/3/22,16.77,6438100.00,16.50,16.80,16.47
2016/3/23,16.21,18984500.00,16.39,16.43,16.16
2016/3/24,16.27,15192900.00,15.88,16.34,15.83
2016/3/28,16.08,6098700.00,16.18,16.18,16.01
2016/3/29,16.20,12609100.00,15.86,16.21,15.74
2016/3/30,16.27,13661300.00,16.44,16.58,16.25
2016/3/31,16.36,10897400.00,16.53,16.60,16.33
2016/4/01,16.31,8081000.00,15.95,16.38,15.93
2016/4/04,15.95,8825700.00,16.17,16.31,15.93
2016/4/05,15.91,6554700.00,15.82,16.02,15.76
2016/4/06,16.32,11291700.00,15.99,16.33,15.85
2016/4/07,16.07,7700400.00,16.04,16.13,15.97
2016/4/08,16.47,10901100.00,16.42,16.50,16.38
2016/4/11,16.83,9633100.00,16.77,16.93,16.77
2016/4/12,17.31,12447000.00,16.88,17.39,16.86
2016/4/13,17.21,12385300.00,17.38,17.51,17.19
2016/4/14,17.03,7179400.00,17.12,17.18,16.98
2016/4/15,16.80,14482800.00,16.92,16.94,16.76
2016/4/18,16.76,8593200.00,16.36,16.91,16.31
2016/4/19,17.26,14198900.00,17.20,17.35,17.13
2016/4/20,17.76,15190000.00,17.41,17.85,17.35
2016/4/21,17.27,15925400.00,17.42,17.49,17.26
2016/4/22,17.43,9215800.00,17.52,17.61,17.28
2016/4/25,17.23,10348500.00,17.53,17.53,17.22
2016/4/26,17.48,7614800.00,17.31,17.49,17.20
2016/4/27,17.55,8131500.00,17.40,17.58,17.14
2016/4/28,17.71,10062100.00,17.65,18.03,17.64
2016/4/29,17.74,10060200.00,17.87,17.91,17.59
2016/5/02,17.47,8983800.00,17.80,17.81,17.43
2016/5/03,17.01,10999100.00,17.25,17.30,16.97
2016/5/04,16.66,18058000.00,17.01,17.08,16.66
2016/5/05,16.91,9561700.00,17.09,17.10,16.79
2016/5/06,16.87,6931100.00,16.83,17.01,16.77
2016/5/09,16.53,8494000.00,16.86,16.87,16.51
2016/5/10,16.88,9791300.00,16.62,16.91,16.61
2016/5/11,17.19,9798900.00,16.95,17.31,16.90
2016/5/12,17.27,5850100.00,17.32,17.38,16.99
2016/5/13,17.07,7354200.00,17.13,17.27,17.05
2016/5/16,17.41,8397500.00,17.50,17.61,17.33
2016/5/17,17.40,6224300.00,17.24,17.52,17.19
2016/5/18,16.98,13164300.00,17.26,17.39,16.95
2016/5/19,16.75,13686800.00,16.80,16.82,16.60
2016/5/20,16.74,6122100.00,16.73,16.82,16.62
2016/5/23,16.64,5107400.00,16.44,16.69,16.41
2016/5/24,16.78,5480800.00,16.71,16.80,16.66
2016/5/25,17.15,9813100.00,17.11,17.18,16.96
2016/5/26,17.16,5611700.00,17.40,17.42,17.09
2016/5/27,17.24,4172600.00,17.16,17.34,17.13
2016/5/31,16.82,10493500.00,17.18,17.27,16.78
2016/6/01,16.70,7382600.00,16.66,16.84,16.59
2016/6/02,16.77,6166800.00,16.46,16.82,16.44
2016/6/03,17.07,10446100.00,16.91,17.18,16.78
2016/6/06,17.44,7908100.00,17.33,17.44,17.20
2016/6/07,17.85,9219600.00,17.62,17.87,17.62
2016/6/08,18.13,7795900.00,17.99,18.14,17.93
2016/6/09,17.78,8488100.00,17.82,17.88,17.72
2016/6/10,17.18,14310900.00,17.42,17.46,17.17
2016/6/13,16.97,8115800.00,16.97,17.19,16.96
2016/6/14,16.82,18267200.00,16.85,16.95,16.65
2016/6/15,17.01,10220200.00,16.91,17.19,16.90
2016/6/16,16.78,10088800.00,16.71,16.92,16.52
2016/6/17,17.14,12228000.00,17.06,17.19,16.94
2016/6/20,17.51,11218500.00,17.47,17.59,17.43
2016/6/21,17.62,5892600.00,17.40,17.71,17.33
2016/6/22,17.17,10145600.00,17.48,17.51,17.16
2016/6/23,17.84,14893300.00,17.48,17.85,17.44
2016/6/24,16.76,21857000.00,16.85,17.16,16.74
2016/6/27,16.53,10556700.00,16.65,16.68,16.38
2016/6/28,17.08,11359900.00,16.89,17.09,16.81
2016/6/29,17.45,10362300.00,17.25,17.52,17.24
2016/6/30,17.42,8149900.00,17.30,17.55,17.26
2016/7/01,17.68,6260100.00,17.51,17.72,17.50
2016/7/05,17.38,8912600.00,17.43,17.44,17.28
2016/7/06,17.51,6180500.00,17.15,17.53,17.14
2016/7/07,17.15,9131200.00,17.57,17.63,17.11
2016/7/08,17.66,9187600.00,17.51,17.68,17.42
2016/7/11,17.74,4666400.00,17.79,17.86,17.71
2016/7/12,18.18,9388500.00,18.09,18.24,18.01
2016/7/13,18.06,8429800.00,18.18,18.21,17.89
2016/7/14,18.39,9751300.00,18.24,18.42,18.21
2016/7/15,18.31,5164100.00,18.34,18.36,18.16
2016/7/18,18.48,5674300.00,18.25,18.48,18.21
2016/7/19,18.07,6908700.00,18.41,18.41,18.02
2016/7/20,18.16,4516200.00,17.98,18.24,17.95
2016/7/21,18.01,4482000.00,18.21,18.25,18.00
2016/7/22,18.10,3354900.00,18.04,18.12,17.97
2016/7/25,17.79,7595400.00,18.04,18.04,17.76
2016/7/26,17.89,5038700.00,17.65,17.89,17.63
2016/7/27,17.81,7117800.00,17.89,17.96,17.62
2016/7/28,17.89,3888900.00,17.88,17.91,17.74
2016/7/29,18.03,7001300.00,17.85,18.08,17.73
2016/8/01,17.59,9512600.00,17.90,17.94,17.58
2016/8/02,17.46,5509200.00,17.70,17.74,17.37
2016/8/03,17.84,10156800.00,17.40,17.88,17.38
2016/8/04,18.13,8881200.00,17.75,18.14,17.72
2016/8/05,18.23,4824600.00,18.07,18.23,18.05
2016/8/08,18.43,5174900.00,18.44,18.51,18.40
2016/8/09,18.45,4888800.00,18.41,18.57,18.39
2016/8/10,18.23,8415200.00,18.55,18.61,18.21
2016/8/11,18.59,9589000.00,18.36,18.60,18.33
2016/8/12,18.53,5081800.00,18.56,18.59,18.43
2016/8/15,18.96,7959600.00,18.86,18.99,18.82
2016/8/16,18.91,4685300.00,18.86,18.95,18.74
2016/8/17,18.90,5622400.00,18.81,18.93,18.66
2016/8/18,18.87,6387500.00,18.79,18.96,18.74
2016/8/19,18.67,4794300.00,18.74,18.75,18.63
2016/8/22,18.48,6543200.00,18.53,18.63,18.46
2016/8/23,18.64,5783200.00,18.65,18.79,18.58
2016/8/24,18.47,6246900.00,18.41,18.51,18.35
2016/8/25,18.56,4399200.00,18.44,18.57,18.41
2016/8/26,18.36,10606700.00,18.47,18.75,18.28
2016/8/29,18.44,3720300.00,18.26,18.46,18.25
2016/8/30,18.35,4302500.00,18.50,18.57,18.33
2016/8/31,18.12,6669500.00,18.24,18.26,18.06
2016/9/01,18.14,6455300.00,18.13,18.23,18.00
2016/9/02,18.55,6797400.00,18.46,18.59,18.45
2016/9/06,19.02,10864400.00,18.86,19.11,18.82
2016/9/07,19.13,5974800.00,19.18,19.18,19.01
2016/9/08,19.12,7050400.00,19.18,19.34,19.05
2016/9/09,18.59,10555900.00,18.87,18.87,18.58
2016/9/12,18.73,7709400.00,18.43,18.77,18.38
2016/9/13,18.19,11451400.00,18.41,18.45,18.12
2016/9/14,18.17,7784500.00,18.29,18.45,18.16
2016/9/15,18.42,9561100.00,18.27,18.48,18.17
2016/9/16,18.16,9324200.00,18.27,18.29,18.11
2016/9/19,18.26,5027900.00,18.35,18.46,18.24
2016/9/20,18.33,3101000.00,18.17,18.40,18.14
2016/9/21,18.76,9803800.00,18.48,18.76,18.41
2016/9/22,18.96,5784400.00,18.91,19.03,18.88
2016/9/23,18.61,9124500.00,18.79,18.86,18.58
2016/9/26,18.54,4544600.00,18.70,18.76,18.54
2016/9/27,18.43,6628200.00,18.50,18.56,18.36
2016/9/28,18.88,12288100.00,18.54,18.92,18.39
2016/9/29,18.76,9235700.00,18.90,19.03,18.71
2016/9/30,18.76,9762400.00,18.79,18.83,18.66
2016/10/03,19.01,6310000.00,18.90,19.05,18.81
2016/10/04,18.67,7570500.00,18.95,18.95,18.63
2016/10/05,18.81,6371200.00,18.70,18.88,18.63
2016/10/06,19.02,6108100.00,18.87,19.05,18.82
2016/10/07,18.80,6293600.00,18.95,18.96,18.69
2016/10/10,19.04,5400600.00,18.94,19.13,18.93
2016/10/11,18.84,6678300.00,18.96,18.98,18.80
2016/10/12,18.66,6821000.00,18.70,18.77,18.65
2016/10/13,18.56,7594600.00,18.52,18.65,18.38
2016/10/14,18.46,4050800.00,18.57,18.60,18.40
2016/10/17,18.28,9078800.00,18.45,18.48,18.26
2016/10/18,18.52,10369900.00,18.53,18.61,18.46
2016/10/19,18.73,8784300.00,18.65,18.81,18.62
2016/10/20,18.59,4292300.00,18.57,18.68,18.55
2016/10/21,18.59,4037400.00,18.54,18.62,18.50
2016/10/24,18.68,3587600.00,18.62,18.68,18.56
2016/10/25,18.74,5027100.00,18.84,18.84,18.68
2016/10/26,18.44,7041600.00,18.56,18.62,18.42
2016/10/27,18.52,4117500.00,18.60,18.64,18.50
2016/10/28,18.38,8712300.00,18.50,18.59,18.33
2016/10/31,18.58,11744700.00,18.43,18.60,18.40
2016/11/01,18.60,10926400.00,18.70,18.73,18.46
2016/11/02,18.20,11678300.00,18.45,18.50,18.08
2016/11/03,18.03,7987200.00,18.17,18.20,18.01
2016/11/04,17.74,9094200.00,17.82,17.96,17.73
2016/11/07,18.37,12908300.00,18.14,18.38,18.10
2016/11/08,18.34,5567100.00,18.25,18.47,18.18
2016/11/09,18.79,18509300.00,18.62,18.88,18.48
2016/11/10,18.53,16753700.00,19.06,19.10,18.52
2016/11/11,18.35,11289800.00,18.39,18.41,18.05
2016/11/14,18.24,15183400.00,18.11,18.26,17.92
2016/11/15,18.78,19650300.00,18.32,18.80,18.32
2016/11/16,18.60,11050900.00,18.55,18.74,18.47
2016/11/17,18.70,8975800.00,18.79,18.93,18.70
2016/11/18,18.78,7127900.00,18.68,18.83,18.67
2016/11/21,19.13,10974300.00,19.11,19.19,19.06
2016/11/22,19.33,8780700.00,19.24,19.37,19.10
2016/11/23,19.30,5921800.00,19.13,19.34,19.07
2016/11/25,19.19,5637600.00,19.28,19.30,19.15
2016/11/28,19.14,15785200.00,19.22,19.36,19.11
2016/11/29,18.94,8522600.00,19.01,19.03,18.86
2016/11/30,19.61,25127900.00,19.35,19.68,19.34
2016/12/01,19.70,9544700.00,19.75,19.80,19.62
2016/12/02,19.84,8727700.00,19.70,19.90,19.69
2016/12/05,20.15,11613500.00,20.07,20.33,20.07
2016/12/06,20.26,9816600.00,20.13,20.28,20.10
2016/12/07,20.48,11399000.00,20.17,20.50,20.15
2016/12/08,20.95,17706000.00,20.59,21.00,20.57
2016/12/09,21.03,13224900.00,20.79,21.04,20.78
2016/12/12,21.43,22683200.00,21.39,21.62,21.33
2016/12/13,21.82,19257600.00,21.59,21.99,21.57
2016/12/14,20.82,27712000.00,21.35,21.52,20.79
2016/12/15,21.31,13199000.00,21.07,21.40,21.03
2016/12/16,21.10,13582500.00,21.25,21.38,20.90
2016/12/19,20.63,8735200.00,20.88,20.88,20.60
2016/12/20,20.93,10667100.00,20.90,20.97,20.84
2016/12/21,20.70,6612900.00,21.00,21.03,20.69
2016/12/22,20.58,8642200.00,20.67,20.68,20.56
2016/12/23,20.59,3851600.00,20.44,20.61,20.42
2016/12/27,20.97,10017400.00,20.82,21.03,20.82
2016/12/28,21.02,4992800.00,21.03,21.14,20.99
2016/12/29,21.16,7779900.00,21.06,21.26,21.06
2016/12/30,21.22,7713400.00,21.20,21.29,21.15
2017/1/03,21.62,15898700.00,21.82,21.93,21.45
2017/1/04,21.76,8096700.00,21.58,21.82,21.55
2017/1/05,21.67,9250700.00,21.59,21.69,21.41
2017/1/06,21.52,5473700.00,21.55,21.65,21.50
2017/1/09,21.44,7412700.00,21.40,21.55,21.37
2017/1/10,21.48,5300200.00,21.63,21.66,21.39
2017/1/11,21.71,12932800.00,21.36,21.79,21.24
2017/1/12,21.71,5833100.00,21.67,21.75,21.64
2017/1/13,21.45,7751100.00,21.37,21.49,21.35
2017/1/17,21.28,6317700.00,21.44,21.46,21.25
2017/1/18,21.18,6613800.00,21.32,21.43,21.17
2017/1/19,21.00,8860200.00,21.06,21.08,20.91
2017/1/20,21.08,6871500.00,21.11,21.19,20.95
2017/1/23,21.17,5669000.00,21.06,21.19,21.01
2017/1/24,21.43,6782000.00,21.41,21.52,21.39
2017/1/25,21.52,12197500.00,21.54,21.67,21.42
2017/1/26,21.54,9694400.00,21.59,21.65,21.48
2017/1/27,22.08,17130800.00,22.03,22.18,21.94
2017/1/30,21.69,9444900.00,21.71,21.77,21.64
2017/1/31,21.38,10012300.00,21.59,21.63,21.24
2017/2/01,21.60,11541800.00,21.51,21.61,21.40
2017/2/02,21.77,24758900.00,21.62,22.08,21.45
2017/2/03,21.80,6186700.00,21.83,21.89,21.74
2017/2/06,21.70,4938000.00,21.74,21.75,21.62
2017/2/07,21.57,4218000.00,21.62,21.69,21.56
2017/2/08,21.46,7170800.00,21.46,21.54,21.35
2017/2/09,21.48,3488000.00,21.45,21.50,21.42
2017/2/10,21.73,6949100.00,21.56,21.74,21.50
2017/2/13,21.70,3070500.00,21.64,21.73,21.59
2017/2/14,21.73,5545200.00,21.77,21.78,21.54
2017/2/15,21.62,7209400.00,21.62,21.71,21.57
2017/2/16,21.59,4925900.00,21.65,21.67,21.54
2017/2/17,21.22,9956000.00,21.32,21.34,21.11
2017/2/21,21.45,9296300.00,21.39,21.47,21.29
2017/2/22,21.09,9390800.00,21.05,21.17,21.02
2017/2/23,21.15,4446900.00,21.27,21.32,21.10
2017/2/24,20.73,8706700.00,20.84,20.88,20.70
2017/2/27,20.59,5227600.00,20.81,20.81,20.58
2017/2/28,20.17,13910000.00,20.39,20.41,20.14
2017/3/01,20.58,10452900.00,20.45,20.59,20.43
2017/3/02,20.17,9396400.00,20.38,20.47,20.16
2017/3/03,20.56,8498700.00,20.32,20.60,20.28
2017/3/06,20.35,8027700.00,20.58,20.58,20.30
2017/3/07,20.08,9407600.00,20.20,20.23,20.05
2017/3/08,19.57,10525500.00,20.07,20.09,19.57
2017/3/09,19.34,17671500.00,19.48,19.49,19.20
2017/3/10,19.50,9200700.00,19.54,19.56,19.42
2017/3/13,19.89,10970600.00,19.68,19.92,19.66
2017/3/14,19.61,9200700.00,19.62,19.74,19.55
2017/3/15,20.21,20415600.00,19.70,20.28,19.67
2017/3/16,20.43,10949800.00,20.33,20.49,20.29
2017/3/17,20.89,9848500.00,20.67,20.91,20.50
2017/3/20,20.86,10610100.00,20.69,20.88,20.67
2017/3/21,20.83,14799200.00,21.05,21.20,20.76
2017/3/22,20.90,7687000.00,20.63,20.93,20.54
2017/3/23,20.82,5680900.00,20.79,20.92,20.72
2017/3/24,20.95,5277600.00,20.94,20.98,20.83
2017/3/27,20.74,6007600.00,20.58,20.81,20.51
2017/3/28,20.83,5436500.00,20.75,20.92,20.69
2017/3/29,20.86,4507700.00,20.79,20.89,20.70
2017/3/30,21.02,5460800.00,21.03,21.08,20.97
2017/3/31,20.67,6273700.00,20.75,20.82,20.65
2017/4/03,20.93,5072900.00,20.76,20.94,20.74
2017/4/04,21.14,8265600.00,20.96,21.18,20.91
2017/4/05,21.30,10383000.00,21.41,21.51,21.28
2017/4/06,21.28,4840400.00,21.32,21.40,21.27
2017/4/07,20.60,15514700.00,20.71,20.79,20.58
2017/4/10,20.10,12244200.00,20.20,20.24,20.09
2017/4/11,20.29,8250400.00,20.28,20.32,20.14
2017/4/12,19.98,25192300.00,20.17,20.18,19.75
2017/4/13,20.06,7090700.00,20.05,20.20,20.02
2017/4/17,20.34,7825400.00,20.12,20.38,20.11
2017/4/18,20.01,8445800.00,20.11,20.20,19.98
2017/4/19,19.79,9953600.00,20.12,20.13,19.69
2017/4/20,20.11,6663200.00,19.94,20.16,19.88
2017/4/21,20.14,6097900.00,20.18,20.23,20.00
2017/4/24,20.62,10584200.00,20.54,20.67,20.51
2017/4/25,20.80,5525400.00,20.74,20.83,20.67
2017/4/26,20.61,6695600.00,20.62,20.83,20.57
2017/4/27,20.82,8129900.00,20.70,20.82,20.55
2017/4/28,20.88,7070800.00,20.82,20.90,20.80
2017/5/01,20.96,2586800.00,20.89,21.00,20.88
2017/5/02,20.80,7341400.00,21.03,21.05,20.77
2017/5/03,20.41,8547500.00,20.53,20.59,20.40
2017/5/04,20.00,10329800.00,20.33,20.35,19.97
2017/5/05,20.32,8142500.00,19.97,20.32,19.97
2017/5/08,20.19,5989400.00,20.27,20.51,20.19
2017/5/09,20.33,6756600.00,20.36,20.51,20.29
2017/5/10,20.66,9000500.00,20.53,20.73,20.50
2017/5/11,20.66,3675400.00,20.63,20.68,20.48
2017/5/12,20.46,5911900.00,20.48,20.51,20.35
2017/5/15,20.89,9206200.00,20.75,20.91,20.71
2017/5/16,20.78,4902100.00,20.80,20.86,20.75
2017/5/17,20.42,9643000.00,20.60,20.71,20.42
2017/5/18,20.08,11947500.00,20.02,20.22,19.91
2017/5/19,20.26,8915400.00,20.31,20.43,20.22
2017/5/22,20.43,9102500.00,20.25,20.48,20.22
2017/5/23,20.62,6292000.00,20.61,20.67,20.49
2017/5/24,20.52,7282800.00,20.38,20.60,20.37
2017/5/25,20.17,11765400.00,20.59,20.62,20.17
2017/5/26,20.31,6024400.00,20.22,20.32,20.11
2017/5/30,20.32,5702200.00,20.24,20.37,20.20
2017/5/31,19.76,12428400.00,19.93,19.97,19.73
2017/6/01,19.62,8732000.00,19.60,19.76,19.53
2017/6/02,19.69,7537100.00,19.65,19.72,19.53
2017/6/05,19.67,6940600.00,19.61,19.73,19.60
2017/6/06,19.77,4813500.00,19.58,19.83,19.56
2017/6/07,19.42,8766000.00,19.68,19.75,19.39
2017/6/08,19.49,9279600.00,19.41,19.53,19.36
2017/6/09,19.39,5641200.00,19.46,19.57,19.33
2017/6/12,19.42,5025700.00,19.46,19.49,19.33
2017/6/13,19.49,6505200.00,19.48,19.53,19.39
2017/6/14,18.85,15167700.00,19.36,19.42,18.84
2017/6/15,18.77,10678000.00,18.64,18.86,18.52
2017/6/16,18.75,7189300.00,18.94,18.94,18.66
2017/6/19,18.86,6319000.00,18.83,18.94,18.77
2017/6/20,18.45,13444300.00,18.71,18.71,18.44
2017/6/21,18.17,10051000.00,18.49,18.60,18.11
2017/6/22,18.51,10567300.00,18.52,18.65,18.42
2017/6/23,18.85,7028400.00,18.71,18.88,18.65
2017/6/26,18.90,5908500.00,18.93,18.98,18.79
2017/6/27,18.78,6028700.00,19.00,19.09,18.78
2017/6/28,19.19,8916200.00,18.99,19.23,18.92
2017/6/29,18.86,8297500.00,19.17,19.17,18.80
2017/6/30,19.17,6299500.00,19.08,19.25,18.96
2017/7/03,19.19,2572600.00,19.15,19.23,19.12
2017/7/05,19.12,5408900.00,19.20,19.22,19.04
2017/7/06,19.06,8387900.00,19.22,19.24,18.99
2017/7/07,19.08,8939600.00,19.08,19.14,18.94
2017/7/10,19.25,5169900.00,19.11,19.31,19.10
2017/7/11,19.24,3626500.00,19.17,19.29,19.16
2017/7/12,19.70,9919600.00,19.58,19.78,19.49
2017/7/13,19.92,6254100.00,19.80,19.92,19.74
2017/7/14,20.21,5892100.00,20.06,20.21,20.05
2017/7/17,20.05,3961100.00,20.05,20.10,20.04
2017/7/18,20.03,2764500.00,20.05,20.09,19.95
2017/7/19,20.36,6606600.00,20.25,20.36,20.19
2017/7/20,20.29,4146900.00,20.32,20.35,20.23
2017/7/21,20.00,6572600.00,20.20,20.23,19.99
2017/7/24,19.83,4403700.00,19.76,19.89,19.75
2017/7/25,19.88,3526200.00,19.82,19.94,19.75
2017/7/26,20.22,8203300.00,19.98,20.24,19.90
2017/7/27,20.11,4777300.00,20.23,20.25,19.97
2017/7/28,19.98,4226900.00,19.85,20.03,19.82
2017/7/31,20.01,4613100.00,19.80,20.05,19.75
2017/8/01,19.93,3879800.00,20.06,20.10,19.90
2017/8/02,20.08,6016000.00,20.02,20.13,19.88
2017/8/03,20.02,3070500.00,20.11,20.16,19.99
2017/8/04,20.12,2466100.00,20.03,20.12,19.95
2017/8/07,20.25,3566900.00,20.21,20.31,20.18
2017/8/08,20.30,5082400.00,20.35,20.44,20.30
2017/8/09,20.30,3057200.00,20.28,20.32,20.17
2017/8/10,20.00,5145300.00,20.33,20.36,20.00
2017/8/11,19.96,3670900.00,19.95,20.07,19.91
2017/8/14,19.99,3960000.00,20.11,20.21,19.96
2017/8/15,20.05,2789800.00,19.93,20.10,19.91
2017/8/16,20.12,4993700.00,20.21,20.27,20.03
2017/8/17,20.10,4050300.00,20.20,20.27,20.10
2017/8/18,20.26,5354900.00,20.01,20.28,19.93
2017/8/21,20.18,4089800.00,20.23,20.26,20.12
2017/8/22,20.31,3488300.00,20.26,20.34,20.26
2017/8/23,20.49,3615100.00,20.25,20.50,20.25
2017/8/24,20.49,3514100.00,20.46,20.52,20.40
2017/8/25,20.74,4845600.00,20.54,20.75,20.53
2017/8/28,20.82,3728100.00,20.80,20.83,20.70
2017/8/29,20.73,5013800.00,20.54,20.80,20.54
2017/8/30,20.94,6559600.00,20.80,21.04,20.80
2017/8/31,21.32,8631600.00,21.25,21.38,21.23
2017/9/01,21.59,10223400.00,21.42,21.63,21.35
2017/9/05,21.34,9254200.00,21.38,21.52,21.26
2017/9/06,21.64,6402600.00,21.40,21.67,21.39
2017/9/07,21.83,6985700.00,21.78,21.83,21.68
2017/9/08,21.63,7142500.00,21.88,21.90,21.62
2017/9/11,22.00,7825800.00,21.82,22.02,21.82
2017/9/12,21.93,4183000.00,21.88,21.99,21.85
2017/9/13,21.79,6280000.00,21.93,21.94,21.70
2017/9/14,21.89,3633600.00,21.75,21.93,21.72
2017/9/15,21.95,4513600.00,21.90,21.96,21.82
2017/9/18,21.66,6656000.00,21.90,21.92,21.64
2017/9/19,21.74,4417600.00,21.66,21.75,21.57
2017/9/20,21.75,7738600.00,21.74,21.91,21.52
2017/9/21,21.80,4631000.00,21.80,21.87,21.74
2017/9/22,21.83,2771300.00,21.89,21.93,21.78
2017/9/25,22.24,15914600.00,22.06,22.24,22.03
2017/9/26,22.06,7568200.00,22.24,22.28,21.94
2017/9/27,22.04,9018100.00,22.07,22.10,21.95
2017/9/28,22.07,3036500.00,22.12,22.16,21.95
2017/9/29,22.29,5032300.00,22.20,22.34,22.17
2017/10/02,22.08,4839000.00,22.20,22.24,22.07
2017/10/03,22.23,6819400.00,22.12,22.24,22.11
2017/10/04,22.29,4733500.00,22.31,22.36,22.25
2017/10/05,22.37,6698300.00,22.30,22.45,22.30
2017/10/06,22.13,5880100.00,22.30,22.30,22.11
2017/10/09,22.11,3522700.00,22.10,22.17,22.05
2017/10/10,22.25,4342500.00,22.26,22.27,22.15
2017/10/11,22.44,5745500.00,22.37,22.44,22.30
2017/10/12,22.30,3067800.00,22.32,22.41,22.30
2017/10/13,22.56,4623400.00,22.50,22.59,22.49
2017/10/16,22.53,3452300.00,22.64,22.66,22.53
2017/10/17,22.40,3809000.00,22.43,22.45,22.30
2017/10/18,22.45,6242200.00,22.48,22.55,22.42
2017/10/19,22.19,5873600.00,22.26,22.27,22.17
2017/10/20,22.14,3795800.00,22.13,22.16,22.02
2017/10/23,21.97,3200100.00,22.06,22.07,21.97
2017/10/24,22.05,3380100.00,21.98,22.11,21.95
2017/10/25,21.76,9025300.00,22.00,22.03,21.70
2017/10/26,21.78,7971600.00,21.79,21.85,21.75
2017/10/27,21.99,6445300.00,21.69,22.00,21.61
2017/10/30,22.05,3712800.00,22.12,22.19,21.97
2017/10/31,21.79,4448500.00,21.86,21.92,21.79
2017/11/01,21.99,10035300.00,22.13,22.21,21.93
2017/11/02,21.99,6032400.00,21.93,22.01,21.83
2017/11/03,21.78,4340300.00,21.97,21.97,21.66
2017/11/06,22.28,8596100.00,21.86,22.29,21.79
2017/11/07,22.24,8345100.00,22.44,22.49,22.21
2017/11/08,22.41,5075900.00,22.46,22.54,22.35
2017/11/09,22.40,5782000.00,22.38,22.48,22.27
2017/11/10,22.28,3349600.00,22.38,22.41,22.27
2017/11/13,22.21,3989800.00,22.22,22.28,22.16
2017/11/14,21.79,7362200.00,22.06,22.06,21.77
2017/11/15,21.38,10817100.00,21.64,21.65,21.35
2017/11/16,21.66,6637400.00,21.52,21.68,21.49
2017/11/17,21.93,5094500.00,21.75,21.99,21.75
2017/11/20,21.83,4307500.00,21.75,21.92,21.73
2017/11/21,22.17,5963700.00,22.05,22.23,22.05
2017/11/22,22.51,5719200.00,22.38,22.53,22.33
