"2017/11/13","258.3300","50040800.0000","257.3100","258.5900","257.2700"
"2017/11/10","258.0900","59830970.0000","257.7300","258.2926","257.3700"
"2017/11/09","258.1700","94490930.0000","257.7300","258.3900","256.3600"
"2017/11/08","259.1100","50277640.0000","258.4700","259.2200","258.1500"
"2017/11/07","258.6700","57178400.0000","258.9700","259.3500","258.0900"
"2017/11/06","258.8500","49529150.0000","258.3000","259.0000","258.2200"
"2017/11/03","258.4500","59484150.0000","257.7700","258.5000","257.3000"
"2017/11/02","257.5900","56264600.0000","257.4100","257.7500","256.1900"
"2017/11/01","257.4900","54104920.0000","258.0400","258.4300","257.0700"
"2017/10/31","257.1500","59193910.0000","257.1800","257.4400","256.8050"
"2017/10/30","256.7500","54223350.0000","257.0700","257.6000","256.4100"
"2017/10/27","257.7100","85252510.0000","256.4700","257.8900","255.6254"
"2017/10/26","255.6200","69643520.0000","255.9900","256.3000","255.4800"
"2017/10/25","255.2900","103485100.0000","256.1800","256.3100","254.0000"
"2017/10/24","256.5600","65036180.0000","256.6000","256.8300","256.1500"
"2017/10/23","256.1100","63838430.0000","257.4800","257.5100","256.0200"
"2017/10/20","257.1100","89064780.0000","256.7000","257.1400","255.7744"
"2017/10/19","255.7900","61697310.0000","254.8300","255.8300","254.3500"
"2017/10/18","255.7200","40613860.0000","255.9000","255.9500","255.5000"
"2017/10/17","255.4700","31446710.0000","255.2300","255.5200","254.9800"
"2017/10/16","255.2900","38097990.0000","255.2100","255.5100","254.8200"
"2017/10/13","254.9500","55027240.0000","255.1400","255.2700","254.6400"
"2017/10/12","254.6400","46825470.0000","254.6600","255.0600","254.3650"
"2017/10/11","255.0200","47496390.0000","254.5100","255.0200","254.3200"
"2017/10/10","254.6200","42854370.0000","254.6000","255.0500","253.9800"
"2017/10/09","253.9500","35697230.0000","254.6300","254.7000","253.6500"
"2017/10/06","254.3700","80525280.0000","254.1500","254.7008","253.8500"
"2017/10/05","254.6600","63350340.0000","253.5400","254.6800","253.1960"
"2017/10/04","253.1600","55799300.0000","252.6900","253.4400","252.5600"
"2017/10/03","252.8600","66628100.0000","252.4600","252.8900","252.2300"
"2017/10/02","252.3200","58696810.0000","251.4900","252.3200","251.2926"
"2017/09/29","251.2300","85201140.0000","250.3400","251.3200","250.1300"
"2017/09/28","250.3500","44658490.0000","249.7300","250.4400","249.6300"
"2017/09/27","250.0500","80720860.0000","249.8800","250.4900","248.8700"
"2017/09/26","249.0800","54025690.0000","249.4200","249.7000","248.8050"
"2017/09/25","248.9300","56897290.0000","249.1500","249.5532","248.0800"
"2017/09/22","249.4400","51187270.0000","249.0500","249.6300","249.0200"
"2017/09/21","249.3900","48070470.0000","249.8800","249.9800","249.1850"
"2017/09/20","250.0600","59451260.0000","250.0700","250.1900","248.9200"
"2017/09/19","249.9700","46977870.0000","250.0000","250.0700","249.6000"
"2017/09/18","249.7200","46389770.0000","249.6100","250.1200","249.2800"
"2017/09/15","249.1900","94195140.0000","248.6900","249.2900","248.5700"
"2017/09/14","250.0900","94415520.0000","249.8000","250.3200","249.6000"
"2017/09/13","250.1700","58999620.0000","249.7200","250.2100","249.5900"
"2017/09/12","250.0500","56617170.0000","249.6300","250.0900","249.4200"
"2017/09/11","249.2100","71248670.0000","248.0400","249.3000","248.0200"
"2017/09/08","246.5800","63733100.0000","246.5400","247.1100","246.3000"
"2017/09/07","246.8700","57769340.0000","247.2500","247.2700","246.4000"
"2017/09/06","246.9000","57577360.0000","246.8400","247.2800","246.2300"
"2017/09/05","246.0600","90176820.0000","247.2600","247.5200","244.9500"
"2017/09/01","247.8400","61928670.0000","247.9200","248.3300","247.6700"
"2017/08/31","247.4900","102987700.0000","246.7200","247.7700","246.0473"
"2017/08/30","246.0100","61742150.0000","244.8300","246.3200","244.6200"
"2017/08/29","244.8500","50873040.0000","243.0600","245.1500","242.9300"
"2017/08/28","244.5700","38914700.0000","245.1700","245.2000","244.0900"
"2017/08/25","244.5600","63764770.0000","244.9000","245.6100","244.3900"
"2017/08/24","243.9900","50537170.0000","245.0000","245.1800","243.7500"
"2017/08/23","244.5600","49991840.0000","244.3300","245.0500","244.1600"
"2017/08/22","245.4400","62968970.0000","243.5700","245.6200","243.5500"
"2017/08/21","242.9000","65355480.0000","242.6400","243.2000","241.8300"
"2017/08/18","242.7100","136647500.0000","242.9000","244.1890","242.2000"
"2017/08/17","243.0900","127904900.0000","246.2400","246.6000","243.0900"
"2017/08/16","246.9400","56456130.0000","247.1100","247.5700","246.4500"
"2017/08/15","246.5100","55046030.0000","246.9800","247.0000","246.1600"
"2017/08/14","246.5400","73068140.0000","245.5900","246.7900","245.5500"
"2017/08/11","244.1200","74719460.0000","244.0200","244.8000","243.7500"
"2017/08/10","243.7600","119874200.0000","246.2900","246.4400","243.7000"
"2017/08/09","247.2500","62302650.0000","246.4700","247.3100","246.0600"
"2017/08/08","247.2600","61437080.0000","247.5100","248.9100","246.8300"
"2017/08/07","247.8700","31853630.0000","247.4900","247.8700","247.3700"
"2017/08/04","247.4100","60164150.0000","247.5200","247.7900","246.9700"
"2017/08/03","246.9600","40725660.0000","247.3100","247.3400","246.6400"
"2017/08/02","247.4400","46641310.0000","247.4700","247.6000","246.3700"
"2017/08/01","247.3200","54942570.0000","247.4600","247.5000","246.7160"
"2017/07/31","246.7700","65446360.0000","247.3700","247.4800","246.5300"
"2017/07/28","246.9100","50018870.0000","246.6500","247.0600","246.1300"
"2017/07/27","247.2000","70410610.0000","247.9600","248.0000","245.6800"
"2017/07/26","247.4300","47318940.0000","247.7500","247.7900","247.1300"
"2017/07/25","247.4200","54492150.0000","247.6800","247.8000","247.1600"
"2017/07/24","246.8200","46497170.0000","246.7900","246.9800","246.2800"
"2017/07/21","246.8800","88656800.0000","246.4400","246.9100","246.1800"
"2017/07/20","247.1000","46994570.0000","247.2800","247.4200","246.4700"
"2017/07/19","246.9900","50876400.0000","246.0200","247.0000","246.0100"
"2017/07/18","245.6600","42462230.0000","245.0600","245.7200","244.6700"
"2017/07/17","245.5300","33455300.0000","245.4700","245.9100","245.3300"
"2017/07/14","245.5600","60218150.0000","244.4300","245.9700","244.3100"
"2017/07/13","244.4200","39374380.0000","244.0200","244.5500","243.7600"
"2017/07/12","244.0100","59173800.0000","243.3000","244.2000","243.3000"
"2017/07/11","242.1900","50246650.0000","242.1600","242.5500","240.8500"
"2017/07/10","242.3700","36531030.0000","241.9500","242.8000","241.7600"
"2017/07/07","242.1100","57080980.0000","241.2100","242.2800","240.5645"
"2017/07/06","240.5500","65968410.0000","241.8900","242.0300","240.3400"
"2017/07/05","242.7700","54252310.0000","242.6300","243.0100","241.7000"
"2017/07/03","242.2100","39153810.0000","242.8800","243.3800","242.2100"
"2017/06/30","241.8000","85199080.0000","242.2800","242.7100","241.5750"
"2017/06/29","241.3500","106617800.0000","243.6600","243.7200","239.9550"
"2017/06/28","243.4900","69904140.0000","242.5000","243.7150","242.2300"
"2017/06/27","241.3300","82144080.0000","243.0400","243.3800","241.3100"
"2017/06/26","243.2900","56556170.0000","243.9000","244.3800","243.0450"
"2017/06/23","243.1300","66839890.0000","242.9100","243.5100","242.4700"
"2017/06/22","242.8400","44068300.0000","242.9600","243.5300","242.6400"
"2017/06/21","242.9500","55784180.0000","243.4200","243.5900","242.4100"
"2017/06/20","243.0100","56516390.0000","244.2500","244.2600","242.9900"
"2017/06/19","244.6600","64836890.0000","243.5900","244.7300","243.4800"
"2017/06/16","242.6400","83932400.0000","242.7700","242.8300","241.6337"
"2017/06/15","243.7700","66366470.0000","242.6800","243.9100","242.3600"
"2017/06/14","244.2400","78152710.0000","244.8600","244.8700","243.2900"
"2017/06/13","244.5500","59719680.0000","243.9800","244.6100","243.5799"
"2017/06/12","243.3600","85851610.0000","243.1300","243.4200","242.3800"
"2017/06/09","243.4100","132130500.0000","244.0900","245.0100","241.9500"
"2017/06/08","243.7800","65450200.0000","243.7700","244.3300","243.1700"
"2017/06/07","243.6600","53896140.0000","243.6000","243.9200","242.8300"
"2017/06/06","243.2100","50250970.0000","243.3400","243.9800","243.1200"
"2017/06/05","243.9900","44657990.0000","243.9700","244.3000","243.7600"
"2017/06/02","244.1700","88562440.0000","243.4200","244.3500","243.0800"
"2017/06/01","243.3600","68657470.0000","241.9700","243.3800","241.6400"
"2017/05/31","241.4400","90456540.0000","241.8400","241.8800","240.6400"
"2017/05/30","241.5000","35144010.0000","241.3400","241.7900","241.1600"
"2017/05/26","241.7100","46547760.0000","241.5400","241.9000","241.4500"
"2017/05/25","241.7600","63952460.0000","241.2000","242.0800","240.9600"
"2017/05/24","240.6100","48761320.0000","240.3200","240.7300","239.9300"
"2017/05/23","240.0500","48239370.0000","239.9500","240.2400","239.5100"
"2017/05/22","239.5200","60274380.0000","238.9000","239.7100","238.8200"
"2017/05/19","238.3100","114380500.0000","237.3300","239.0800","237.2700"
"2017/05/18","236.7700","106885400.0000","235.7300","237.7500","235.4300"
"2017/05/17","235.8200","171445400.0000","238.1000","238.6400","235.7500"
"2017/05/16","240.0800","50523840.0000","240.6400","240.6700","239.6300"
"2017/05/15","240.3000","61242740.0000","239.4700","240.4400","239.4500"
"2017/05/12","238.9800","53812970.0000","239.0900","239.4273","238.6700"
"2017/05/11","239.3800","62232520.0000","239.3500","239.5700","238.1300"
"2017/05/10","239.8700","54209350.0000","239.3900","239.8700","239.1500"
"2017/05/09","239.4400","51126000.0000","239.9600","240.1900","239.0400"
"2017/05/08","239.6600","48260110.0000","239.7500","239.9200","239.1700"
"2017/05/05","239.7000","61561740.0000","239.1900","239.7200","238.6800"
"2017/05/04","238.7600","61322410.0000","238.8300","238.9225","237.7800"
"2017/05/03","238.4800","72846400.0000","238.2900","238.8775","237.7000"
"2017/05/02","238.7700","57123690.0000","238.8400","238.9800","238.3000"
"2017/05/01","238.6800","66588230.0000","238.6800","239.1700","238.1950"
"2017/04/28","238.0800","63426310.0000","238.9000","238.9300","237.9300"
"2017/04/27","238.6000","57144960.0000","238.7700","238.9500","237.9800"
"2017/04/26","238.4000","84210820.0000","238.5100","239.5300","238.3500"
"2017/04/25","238.5500","75528380.0000","237.9100","238.9500","237.8100"
"2017/04/24","237.1700","119008100.0000","237.1800","237.4100","234.5628"
"2017/04/21","234.5900","109896300.0000","235.2500","235.3100","234.1300"
"2017/04/20","235.3400","92306890.0000","234.1500","235.8450","233.7800"
"2017/04/19","233.4400","68254750.0000","234.5200","234.9500","233.1800"
"2017/04/18","233.8700","83143680.0000","233.7200","234.4900","233.0800"
"2017/04/17","234.5700","68153720.0000","233.1100","234.5700","232.8800"
"2017/04/13","232.5100","92625450.0000","233.6400","234.4900","232.5100"
"2017/04/12","234.0300","81393040.0000","234.7400","234.9600","233.7700"
"2017/04/11","235.0600","87804580.0000","234.9000","235.1800","233.3400"
"2017/04/10","235.3400","67526890.0000","235.3600","236.2550","234.7300"
"2017/04/07","235.2000","74345090.0000","235.1500","236.0000","234.6400"
"2017/04/06","235.4400","68962420.0000","234.9400","236.0400","234.4250"
"2017/04/05","234.7800","108227700.0000","236.2600","237.3900","234.5400"
"2017/04/04","235.4800","56303450.0000","235.0000","235.5800","234.5550"
"2017/04/03","235.3300","85424090.0000","235.8000","236.0300","233.9100"
"2017/03/31","235.7400","73482420.0000","235.9000","236.5100","235.6800"
"2017/03/30","236.2900","56658160.0000","235.4700","236.5200","235.2700"
"2017/03/29","235.5400","61043150.0000","234.9900","235.8100","234.7250"
"2017/03/28","235.3200","93370670.0000","233.2700","235.8100","233.1400"
"2017/03/27","233.6200","87245320.0000","231.9300","233.9200","231.6100"
"2017/03/24","233.8600","112400900.0000","234.3800","235.0400","232.9600"
"2017/03/23","234.0300","100172100.0000","234.0000","235.3400","233.6000"
"2017/03/22","234.2800","97233080.0000","233.7700","234.6100","233.0500"
"2017/03/21","233.7300","131204400.0000","237.4700","237.6100","233.5800"
"2017/03/20","236.7700","52529210.0000","237.0300","237.3600","236.3200"
"2017/03/17","237.0300","88284080.0000","237.7500","237.9700","237.0300"
"2017/03/16","238.4800","77761390.0000","239.1100","239.2000","238.1000"
"2017/03/15","238.9500","95071850.0000","237.5600","239.4400","237.2900"
"2017/03/14","236.9000","59838300.0000","237.1800","237.2400","236.1900"
"2017/03/13","237.8100","57058040.0000","237.6200","237.8600","237.2400"
"2017/03/10","237.6900","81757000.0000","237.9700","238.0200","236.5900"
"2017/03/09","236.8600","90332120.0000","236.7000","237.2400","235.7400"
"2017/03/08","236.5600","77619600.0000","237.3400","237.6400","236.4000"
"2017/03/07","237.0000","64807970.0000","237.3600","237.7700","236.7600"
"2017/03/06","237.7100","54424270.0000","237.5000","238.1200","237.0100"
"2017/03/03","238.4200","81726380.0000","238.1700","238.6100","237.7300"
"2017/03/02","238.2700","70152200.0000","239.5600","239.5700","238.2100"
"2017/03/01","239.7800","148882400.0000","238.3900","240.3200","238.3700"
"2017/02/28","236.4700","95717730.0000","236.6700","236.9500","236.0150"
"2017/02/27","237.1100","56404310.0000","236.6400","237.3100","236.3500"
"2017/02/24","236.7400","82311890.0000","235.4600","236.7932","235.4100"
"2017/02/23","236.4400","72812210.0000","236.8800","236.9000","235.5600"
"2017/02/22","236.2800","61918630.0000","236.0200","236.5400","235.8300"
"2017/02/21","236.4900","87736380.0000","235.5200","236.6900","235.5100"
"2017/02/17","235.0900","76881310.0000","233.9500","235.0900","233.9300"
"2017/02/16","234.7200","84574430.0000","234.9600","235.1550","233.8500"
"2017/02/15","234.9200","86213560.0000","233.4500","235.1400","233.3900"
"2017/02/14","233.7000","70023470.0000","232.5600","233.7100","232.1600"
"2017/02/13","232.7700","55023690.0000","232.0800","233.0700","232.0500"
"2017/02/10","231.5100","65951540.0000","231.0000","231.7700","230.6216"
"2017/02/09","230.6000","65823370.0000","229.5600","230.9500","229.5200"
"2017/02/08","229.2400","51381110.0000","228.6100","229.3900","228.3100"
"2017/02/07","228.9400","57818730.0000","229.3800","229.6556","228.7200"
"2017/02/06","228.9300","57729810.0000","228.8700","229.3260","228.5400"
"2017/02/03","229.3400","80474030.0000","228.8200","229.5500","228.4600"
"2017/02/02","227.7700","69506430.0000","227.2000","228.1000","226.8200"
"2017/02/01","227.6200","78927270.0000","228.2550","228.5900","226.9400"
"2017/01/31","227.5300","75379530.0000","226.9800","227.6000","226.3200"
"2017/01/30","227.5500","79549380.0000","228.1700","228.2000","226.4100"
"2017/01/27","228.9700","59643600.0000","229.4200","229.5900","228.7600"
"2017/01/26","229.3300","59753620.0000","229.4000","229.7100","229.0100"
"2017/01/25","229.5700","84105490.0000","228.7000","229.5700","228.5100"
"2017/01/24","227.6000","95251650.0000","226.4000","228.0800","226.2700"
"2017/01/23","226.1500","74924440.0000","226.3500","226.8050","225.2700"
"2017/01/20","226.7400","126753400.0000","226.7000","227.3100","225.9719"
"2017/01/19","225.9100","66166860.0000","226.8400","227.0000","225.4100"
"2017/01/18","226.7500","54598260.0000","226.5350","226.8000","225.9000"
"2017/01/17","226.2500","61098430.0000","226.3100","226.7800","225.8000"
"2017/01/13","227.0500","62681260.0000","226.7300","227.4000","226.6900"
"2017/01/12","226.5300","72028310.0000","226.5000","226.7500","224.9550"
"2017/01/11","227.1000","74510600.0000","226.3600","227.1000","225.5900"
"2017/01/10","226.4600","63204500.0000","226.4800","227.4500","226.0100"
"2017/01/09","226.4600","46723610.0000","226.9100","227.0701","226.4163"
"2017/01/06","227.2100","71356460.0000","226.5300","227.7500","225.9000"
"2017/01/05","226.4000","78291080.0000","226.2700","226.5800","225.4800"
"2017/01/04","226.5800","78458530.0000","225.6200","226.7500","225.6100"
"2017/01/03","225.2400","91087570.0000","225.0400","225.8300","223.8837"
"2016/12/30","223.5300","108693200.0000","224.7300","224.8300","222.7300"
"2016/12/29","224.3500","48614080.0000","224.4800","224.8900","223.8400"
"2016/12/28","224.4000","64009720.0000","226.5700","226.5900","224.2700"
"2016/12/27","226.2700","42619920.0000","226.0200","226.7300","226.0000"
"2016/12/23","225.7100","36670460.0000","225.4300","225.7200","225.2100"
"2016/12/22","225.3800","55966720.0000","225.6000","225.7400","224.9200"
"2016/12/21","225.7700","67782110.0000","226.2500","226.4500","225.7700"
"2016/12/20","226.4000","89669640.0000","226.1500","226.5700","225.8800"
"2016/12/19","225.5300","90032620.0000","225.2500","226.0200","225.0800"
"2016/12/16","225.0400","156228600.0000","226.0100","226.0800","224.6700"
"2016/12/15","226.8100","123647300.0000","226.1600","227.8100","225.8904"
"2016/12/14","225.8800","141538000.0000","227.4100","228.2300","225.3650"
"2016/12/13","227.7600","110247300.0000","227.0200","228.3400","227.0000"
"2016/12/12","226.2500","101715300.0000","226.4000","226.9600","225.7600"
"2016/12/09","226.5100","87827850.0000","225.4100","226.5300","225.3700"
"2016/12/08","225.1500","96247920.0000","224.5700","225.7000","224.2600"
"2016/12/07","224.6000","110194800.0000","221.5200","224.6700","221.3800"
"2016/12/06","221.7000","59512650.0000","221.2200","221.7441","220.6620"
"2016/12/05","221.0000","67101250.0000","220.6500","221.4000","220.4200"
"2016/12/02","219.6800","74621240.0000","219.6700","220.2500","219.2600"
"2016/12/01","219.5700","78874240.0000","220.7300","220.7300","219.1500"
"2016/11/30","220.3800","112309600.0000","221.6300","221.8200","220.3100"
"2016/11/29","220.9100","69579660.0000","220.5200","221.4400","220.1700"
"2016/11/28","220.4800","76527520.0000","221.1600","221.4800","220.3600"
"2016/11/25","221.5200","37872260.0000","221.1000","221.5600","221.0100"
"2016/11/23","220.7000","56502980.0000","219.9800","220.7600","219.7500"
"2016/11/22","220.5800","67275320.0000","220.5100","220.7900","219.7300"
"2016/11/21","220.1500","72151670.0000","219.1700","220.1800","219.0000"
"2016/11/18","218.5000","86161200.0000","219.0700","219.2700","218.2900"
"2016/11/17","218.9900","69130300.0000","218.0500","219.0600","217.9200"
"2016/11/16","217.8700","65385810.0000","217.5600","218.1400","217.4200"
"2016/11/15","218.2800","91367180.0000","217.0400","218.2800","216.8000"
"2016/11/14","216.5900","94378460.0000","217.0300","217.2700","215.7200"
"2016/11/11","216.4200","100424400.0000","216.0800","216.7000","215.3200"
"2016/11/10","216.9200","171730900.0000","217.3000","218.3100","215.2200"
"2016/11/09","216.3792","257961800.0000","212.3700","217.1000","212.3400"
"2016/11/08","214.1100","104838900.0000","212.6900","214.7700","212.3800"
"2016/11/07","213.1500","109397700.0000","211.4500","213.1900","211.3000"
"2016/11/04","208.5500","108488200.0000","208.9100","209.8900","208.3800"
"2016/11/03","208.7800","88715720.0000","209.9900","210.2400","208.4600"
"2016/11/02","209.7400","102709200.0000","210.6500","211.1000","209.2300"
"2016/11/01","211.0100","122395800.0000","212.9300","212.9900","209.6000"
"2016/10/31","212.5500","60669300.0000","212.9300","213.1900","212.3600"
"2016/10/28","212.5400","140491700.0000","213.1400","213.9300","211.7100"
"2016/10/27","213.1700","77031450.0000","214.5800","214.6200","213.0800"
"2016/10/26","213.7400","75561030.0000","213.2100","214.4200","212.9300"
"2016/10/25","214.1700","66356080.0000","214.6800","214.9800","213.9800"
"2016/10/24","214.8900","59934750.0000","215.0000","215.3200","214.4800"
"2016/10/21","213.9800","88974470.0000","212.9600","214.0800","212.7600"
"2016/10/20","213.8800","73492220.0000","213.8700","214.5300","213.1100"
"2016/10/19","214.2800","66342420.0000","214.0200","214.6400","213.6000"
"2016/10/18","213.7100","76618560.0000","214.2400","214.3100","213.2700"
"2016/10/17","212.3800","58185200.0000","213.0900","213.3900","212.1700"
"2016/10/14","213.1200","93285170.0000","214.1500","214.6900","213.0300"
"2016/10/13","213.0100","101184500.0000","212.1600","213.5900","211.2100"
"2016/10/12","213.7100","73322980.0000","213.5900","214.3200","213.0100"
"2016/10/11","213.4300","130183700.0000","215.6600","215.7400","212.5800"
"2016/10/10","216.1600","51620410.0000","216.1550","216.7000","215.9850"
"2016/10/07","215.0400","89597910.0000","216.1000","216.3000","214.1900"
"2016/10/06","215.7800","62519840.0000","215.3700","216.0400","214.7350"
"2016/10/05","215.6300","72685460.0000","215.4100","216.1300","215.3300"
"2016/10/04","214.6800","119749100.0000","215.9100","216.1700","213.9900"
"2016/10/03","215.7800","83386110.0000","215.8200","216.0400","215.0400"
"2016/09/30","216.3000","115113500.0000","215.6500","217.1200","215.3600"
"2016/09/29","214.6800","127225400.0000","216.4000","216.8700","214.0400"
"2016/09/28","216.6400","87095790.0000","215.8300","216.8200","214.7100"
"2016/09/27","215.5700","77854200.0000","214.0500","215.6800","213.6200"
"2016/09/26","214.2400","89700700.0000","215.0200","215.2300","214.0100"
"2016/09/23","215.9900","73464500.0000","216.7200","216.8800","215.8800"
"2016/09/22","217.1800","76535390.0000","217.0000","217.5300","216.7100"
"2016/09/21","215.8200","110068700.0000","214.2400","216.0300","213.4400"
"2016/09/20","213.4200","69217930.0000","214.4100","214.5900","213.3800"
"2016/09/19","213.4100","80099180.0000","214.1300","214.8800","213.0300"
"2016/09/16","213.3700","155109000.0000","213.4800","213.6900","212.5700"
"2016/09/15","215.2800","144092600.0000","212.9600","215.7300","212.7500"
"2016/09/14","213.1500","133064600.0000","213.2900","214.7000","212.5000"
"2016/09/13","213.2300","182323200.0000","214.8400","215.1499","212.5000"
"2016/09/12","216.3400","167653400.0000","212.3900","216.8100","212.3100"
"2016/09/09","213.2800","220309300.0000","216.9700","217.0300","213.2500"
"2016/09/08","218.5100","73855230.0000","218.6200","218.9400","218.1500"
"2016/09/07","219.0100","76302150.0000","218.8400","219.2200","218.3000"
"2016/09/06","219.0308","56528000.0000","218.7000","219.1200","217.8600"
"2016/09/02","218.3700","79119470.0000","218.3900","218.8700","217.7000"
"2016/09/01","217.3900","97720490.0000","217.3700","217.7300","216.0300"
"2016/08/31","217.3800","84916020.0000","217.6100","217.7500","216.4650"
"2016/08/30","218.0000","57588550.0000","218.2600","218.5900","217.3500"
"2016/08/29","218.3608","70431280.0000","217.4400","218.6650","217.4000"
"2016/08/26","217.2900","122386400.0000","217.9200","219.1200","216.2500"
"2016/08/25","217.7000","69128600.0000","217.4000","218.1900","217.2200"
"2016/08/24","217.8500","71553010.0000","218.8000","218.9100","217.3600"
"2016/08/23","218.9700","53289030.0000","219.2500","219.6000","218.9000"
"2016/08/22","218.5300","61318460.0000","218.2600","218.8000","217.8300"
"2016/08/19","218.5400","75244030.0000","218.3100","218.7500","217.7400"
"2016/08/18","218.8600","52668540.0000","218.3400","218.9000","218.2100"
"2016/08/17","218.3700","74886240.0000","218.0000","218.5300","217.0200"
"2016/08/16","217.9600","53068810.0000","218.6000","218.6800","217.9600"
"2016/08/15","219.0900","49712550.0000","218.8900","219.5000","218.8800"
"2016/08/12","218.4600","61208890.0000","218.2900","218.7100","217.9900"
"2016/08/11","218.6500","72337050.0000","218.2600","218.9400","217.9500"
"2016/08/10","217.6400","57758740.0000","218.3100","218.4038","217.2300"
"2016/08/09","218.1800","51073070.0000","218.1300","218.7600","217.8000"
"2016/08/08","218.0500","39681420.0000","218.4000","218.5200","217.7400"
"2016/08/05","218.1800","71799630.0000","217.2100","218.2300","217.0700"
"2016/08/04","216.4097","46454000.0000","216.3100","216.7800","214.2500"
"2016/08/03","216.1800","53665810.0000","215.4800","216.2450","215.1300"
"2016/08/02","215.5492","92202880.0000","216.6500","216.8300","214.5700"
"2016/08/01","216.9400","73111310.0000","217.1900","217.6500","216.4050"
"2016/07/29","217.1200","79329720.0000","216.4600","217.5400","216.1300"
"2016/07/28","216.7700","64786550.0000","216.2900","217.1100","215.7500"
"2016/07/27","216.5200","83930010.0000","217.1900","217.2700","215.6200"
"2016/07/26","216.7500","69685850.0000","216.5300","217.1700","215.7600"
"2016/07/25","216.6500","55742050.0000","217.0000","217.0600","215.9700"
"2016/07/22","217.2400","62676500.0000","216.4100","217.3000","216.1000"
"2016/07/21","216.2650","67610880.0000","216.9600","217.2200","215.7500"
"2016/07/20","217.0850","58004900.0000","216.7500","217.3700","216.2400"
"2016/07/19","216.1900","54247840.0000","215.9200","216.2300","215.6300"
"2016/07/18","216.4092","58340610.0000","215.9700","216.6000","215.6700"
"2016/07/15","215.8300","103992200.0000","216.7800","217.0125","215.3080"
"2016/07/14","216.1200","90720450.0000","216.4000","216.6700","215.6600"
"2016/07/13","214.9200","87173840.0000","215.4400","215.4500","214.3500"
"2016/07/12","214.9500","100654900.0000","214.5300","215.3000","213.4308"
"2016/07/11","213.4000","73418870.0000","213.1900","214.0700","212.9500"
"2016/07/08","212.6500","133850900.0000","211.0500","212.9400","210.7785"
"2016/07/07","209.5260","85409500.0000","209.8700","210.6495","208.6300"
"2016/07/06","209.6600","95760950.0000","207.8300","209.8000","207.0600"
"2016/07/05","208.4100","109446800.0000","208.9500","209.0800","207.7100"
"2016/07/01","209.9208","105955800.0000","209.3600","210.4900","209.2900"
"2016/06/30","209.4750","163408900.0000","207.2100","209.5400","206.5600"
"2016/06/29","206.6600","136758800.0000","204.8400","206.9300","204.7200"
"2016/06/28","203.1997","158940500.0000","201.4800","203.2300","201.1200"
"2016/06/27","199.6000","247488400.0000","201.5900","201.6000","198.6500"
"2016/06/24","203.1300","332774500.0000","203.6300","210.8463","202.7200"
"2016/06/23","210.8100","99651290.0000","209.8100","210.8700","209.2700"
"2016/06/22","208.1000","94503660.0000","208.6500","209.5000","207.9300"
"2016/06/21","208.4400","72259730.0000","208.3000","208.9200","207.7800"
"2016/06/20","207.8500","81546570.0000","208.8200","209.6100","207.7500"
"2016/06/17","206.5200","116531100.0000","207.1700","207.2000","205.7500"
"2016/06/16","208.3700","149194500.0000","206.7300","208.5700","205.5900"
"2016/06/15","207.7500","108745400.0000","208.5400","209.3600","207.5300"
"2016/06/14","208.0400","124789100.0000","208.0000","208.7400","206.9199"
"2016/06/13","208.4492","117376300.0000","209.3600","210.3700","208.3500"
"2016/06/10","210.0700","113245800.0000","210.4600","210.8600","209.4300"
"2016/06/09","212.0800","73672890.0000","211.5100","212.2200","211.1900"
"2016/06/08","212.3700","66060100.0000","211.8400","212.5200","211.6899"
"2016/06/07","211.6800","60838610.0000","211.5250","212.3400","211.5000"
"2016/06/06","211.3500","64648460.0000","210.7000","211.7700","210.5100"
"2016/06/03","210.2800","101655600.0000","210.2500","210.6900","208.8600"
"2016/06/02","210.9100","62885190.0000","209.8000","210.9300","209.2399"
"2016/06/01","210.2700","69743400.0000","209.1200","210.4800","208.8900"
"2016/05/31","209.8400","109644300.0000","210.5600","210.6900","209.1800"
"2016/05/27","210.2400","62797750.0000","209.5300","210.2500","209.4700"
"2016/05/26","209.3400","55114340.0000","209.4400","209.7100","208.9700"
"2016/05/25","209.2800","78870820.0000","208.6700","209.7700","207.8691"
"2016/05/24","207.8700","93092790.0000","206.1700","208.2400","206.1400"
"2016/05/23","205.2100","58582750.0000","205.5100","205.8400","204.9850"
"2016/05/20","205.4900","104892400.0000","204.9200","206.1000","204.8600"
"2016/05/19","204.2000","115151900.0000","204.0600","204.5400","202.7800"
"2016/05/18","204.9100","122696600.0000","204.4400","206.3000","203.6300"
"2016/05/17","204.8508","114246600.0000","206.4600","206.8000","204.2300"
"2016/05/16","206.7800","77216300.0000","204.9600","207.3400","204.8900"
"2016/05/13","204.7600","96387930.0000","206.2100","206.8600","204.3800"
"2016/05/12","206.5600","89316340.0000","207.2900","207.4899","205.3700"
"2016/05/11","206.5000","81565790.0000","207.9100","208.5400","206.5000"
"2016/05/10","208.4500","77228060.0000","206.7200","208.5000","206.6400"
"2016/05/09","205.8892","73526600.0000","205.5700","206.4000","205.3600"
"2016/05/06","205.7200","88045660.0000","204.0600","205.7700","203.8800"
"2016/05/05","204.9700","67381980.0000","205.5600","205.9800","204.4700"
"2016/05/04","205.0100","92014370.0000","204.9900","205.8500","204.4200"
"2016/05/03","206.1592","106174100.0000","206.5200","206.8000","205.2800"
"2016/05/02","207.9700","61966240.0000","206.9200","208.1800","206.4100"
"2016/04/29","206.3308","142309300.0000","206.7200","207.1300","205.0300"
"2016/04/28","207.4475","96764540.0000","208.4600","209.7600","206.9600"
"2016/04/27","209.3500","77218000.0000","208.4700","209.8100","208.0500"
"2016/04/26","208.9192","75483500.0000","209.0400","209.5200","208.3600"
"2016/04/25","208.6100","65967270.0000","208.2600","208.6600","207.5400"
"2016/04/22","208.9700","99214080.0000","208.5500","209.2900","207.9100"
"2016/04/21","208.9700","85132680.0000","210.1200","210.2500","208.6500"
"2016/04/20","210.1000","81035560.0000","209.9500","210.9200","209.3900"
"2016/04/19","209.9000","87275610.0000","209.7400","210.2000","208.9400"
"2016/04/18","209.2392","82211220.0000","207.1400","209.2800","207.0000"
"2016/04/15","207.7800","75684740.0000","208.0100","208.1721","207.4000"
"2016/04/14","208.0100","65046200.0000","208.0700","208.6000","207.6000"
"2016/04/13","208.0008","95684760.0000","207.0000","208.1000","206.8400"
"2016/04/12","205.9200","114890500.0000","204.2200","206.2500","203.7000"
"2016/04/11","204.0201","82561530.0000","205.2500","206.0700","203.9100"
"2016/04/08","204.4992","94933720.0000","205.3400","205.8500","203.8700"
"2016/04/07","203.9500","112324600.0000","205.1400","205.5600","203.0900"
"2016/04/06","206.4200","91660050.0000","204.2900","206.4900","203.9800"
"2016/04/05","204.1892","98648990.0000","204.6700","206.2642","203.8900"
"2016/04/04","206.2500","62656120.0000","206.8300","207.0700","205.8900"
"2016/04/01","206.9200","113272000.0000","204.3500","207.1400","203.9800"
"2016/03/31","205.5200","94146900.0000","205.9100","206.4100","205.3300"
"2016/03/30","206.0200","85684320.0000","206.3000","206.8700","205.5900"
"2016/03/29","205.1208","92553650.0000","202.7600","205.2500","202.4000"
"2016/03/28","203.2400","61741680.0000","203.6100","203.8600","202.7050"
"2016/03/24","203.1200","84028660.0000","202.0000","203.1600","201.7400"
"2016/03/23","203.2092","80899020.0000","204.1100","204.3300","203.0100"
"2016/03/22","204.5600","96745330.0000","203.7600","205.2300","203.5700"
"2016/03/21","204.6700","72727510.0000","204.0700","204.9400","203.8000"
"2016/03/18","204.3800","135476400.0000","204.1700","204.7800","203.8000"
"2016/03/17","204.6300","133787600.0000","203.2400","205.2300","202.7700"
"2016/03/16","203.3400","128519100.0000","201.6000","203.8200","201.5500"
"2016/03/15","202.1700","92992420.0000","201.3600","202.5307","201.0500"
"2016/03/14","202.5000","73478740.0000","202.1600","203.0400","201.7700"
"2016/03/11","202.7600","137871100.0000","201.2600","202.8100","199.5179"
"2016/03/10","199.5400","156599200.0000","199.9600","201.0700","197.3800"
"2016/03/09","199.3800","94522340.0000","199.3600","199.7900","198.4300"
"2016/03/08","198.4000","123663900.0000","199.3200","199.9200","198.2100"
"2016/03/07","200.5900","99829000.0000","199.3400","201.0700","199.2500"
"2016/03/04","200.4300","128969300.0000","200.0100","201.3500","199.0300"
"2016/03/03","199.7750","94976900.0000","198.7900","199.7950","198.1100"
"2016/03/02","199.0000","102132500.0000","197.7400","199.0600","197.2500"
"2016/03/01","198.1100","141407600.0000","195.0100","198.2100","194.4542"
"2016/02/29","193.5600","125170000.0000","195.1100","196.2300","193.3300"
"2016/02/26","195.0892","129366900.0000","196.5700","196.6800","194.9000"
"2016/02/25","195.5400","110203000.0000","193.7300","195.5500","192.8300"
"2016/02/24","193.2000","150565000.0000","190.6300","193.5300","189.3200"
"2016/02/23","192.3200","111231000.0000","194.0000","194.3200","192.1800"
"2016/02/22","194.7800","103194800.0000","193.8700","194.9500","193.7900"
"2016/02/19","192.0000","114694400.0000","191.1700","192.1800","190.4500"
"2016/02/18","192.0900","102131000.0000","193.2000","193.2700","191.7200"
"2016/02/17","192.8800","135300500.0000","191.1600","193.3200","191.0100"
"2016/02/16","189.7800","119814000.0000","188.7700","189.8100","187.6300"
"2016/02/12","186.6300","127537400.0000","184.9600","186.6500","183.9600"
"2016/02/11","182.8600","218528800.0000","182.3400","184.1000","181.0900"
"2016/02/10","185.2700","147537200.0000","186.4100","188.3400","185.1200"
"2016/02/09","185.4300","183477200.0000","183.3600","186.9400","183.2000"
"2016/02/08","185.4200","190784300.0000","185.7700","186.1200","182.8000"
"2016/02/05","187.9500","180617400.0000","190.9900","191.6696","187.2000"
"2016/02/04","191.6000","139293100.0000","190.7100","192.7500","189.9600"
"2016/02/03","191.3000","204711700.0000","191.4100","191.7800","187.1000"
"2016/02/02","190.1600","182289400.0000","191.9600","191.9700","189.5400"
"2016/02/01","193.6500","135772400.0000","192.5300","194.5800","191.8400"
"2016/01/29","193.7208","210246000.0000","190.0200","193.8800","189.8800"
"2016/01/28","189.1100","143300400.0000","189.9600","190.2000","187.1600"
"2016/01/27","188.1300","184964900.0000","189.5800","191.5600","187.0600"
"2016/01/26","190.2000","139932200.0000","188.4200","190.5300","188.0200"
"2016/01/25","187.6400","129310300.0000","189.9200","190.1500","187.4100"
"2016/01/22","190.5200","168109300.0000","189.7800","190.7600","188.8800"
"2016/01/21","186.6900","195002600.0000","186.2100","188.8700","184.6400"
"2016/01/20","185.6500","285427700.0000","185.0300","187.4950","181.0200"
"2016/01/19","188.0600","193451100.0000","189.9600","190.1100","186.2000"
"2016/01/15","187.8100","323965200.0000","186.7700","188.7600","185.5200"
"2016/01/14","191.9300","239613400.0000","189.5500","193.2600","187.6600"
"2016/01/13","188.8300","220641200.0000","194.4500","194.8600","188.3800"
"2016/01/12","193.6608","170946400.0000","193.8200","194.5500","191.1400"
"2016/01/11","192.1100","187405200.0000","193.0100","193.4100","189.8200"
"2016/01/08","191.9230","209524400.0000","195.1900","195.8500","191.5800"
"2016/01/07","194.0500","212565100.0000","195.3300","197.4400","193.5900"
"2016/01/06","198.8200","151636700.0000","198.3400","200.0600","197.6000"
"2016/01/05","201.3600","110381200.0000","201.4000","201.9000","200.0500"
"2016/01/04","201.0192","221450500.0000","200.4900","201.0300","198.5900"
"2015/12/31","203.8700","114819400.0000","205.1300","205.8900","203.8700"
"2015/12/30","205.9300","63232390.0000","207.1100","207.2100","205.7600"
"2015/12/29","207.4000","92411310.0000","206.5100","207.7900","206.4700"
"2015/12/28","205.2100","65727270.0000","204.8600","205.2600","203.9400"
"2015/12/24","205.6800","48542150.0000","205.7200","206.3300","205.4200"
"2015/12/23","206.0200","110819800.0000","204.6900","206.0700","204.5800"
"2015/12/22","203.5000","110436800.0000","202.7150","203.8500","201.5500"
"2015/12/21","201.6700","98751110.0000","201.4100","201.8800","200.0900"
"2015/12/18","200.0208","250946400.0000","202.7700","202.9300","199.8300"
"2015/12/17","204.8600","172358700.0000","208.4000","208.4800","204.8400"
"2015/12/16","208.0300","196380400.0000","206.3650","208.3900","204.8000"
"2015/12/15","205.0308","153713000.0000","204.7000","206.1100","202.8666"
"2015/12/14","202.9008","181638100.0000","202.0700","203.0500","199.9500"
"2015/12/11","201.8800","210983700.0000","203.3500","204.1400","201.5100"
"2015/12/10","205.8700","115879700.0000","205.4200","207.4300","205.1400"
"2015/12/09","205.3400","161939100.0000","206.1900","208.6800","204.1800"
"2015/12/08","206.9490","103090300.0000","206.4900","208.2890","205.7800"
"2015/12/07","208.3500","101674200.0000","209.2300","209.7295","207.2000"
"2015/12/04","209.6200","192874200.0000","206.0800","209.9700","205.9300"
"2015/12/03","205.6100","165756900.0000","208.8300","209.1500","204.7511"
"2015/12/02","208.5290","108139300.0000","210.6150","211.0000","208.2300"
"2015/12/01","210.6800","97501880.0000","209.4400","210.8200","209.1100"
"2015/11/30","208.6900","111785700.0000","209.7500","209.8900","208.5600"
"2015/11/27","209.5600","37317780.0000","209.4300","209.8000","208.8600"
"2015/11/25","209.3200","51822520.0000","209.5000","209.7400","209.0100"
"2015/11/24","209.3500","98705990.0000","207.8700","209.8300","207.4100"
"2015/11/23","209.0700","64789800.0000","209.3800","209.9800","208.5200"
"2015/11/20","209.3108","93821880.0000","209.4500","210.1200","208.8600"
"2015/11/19","208.5500","87841400.0000","208.5900","209.0500","208.2000"
"2015/11/18","208.7300","121128300.0000","206.0400","208.9000","205.9900"
"2015/11/17","205.4700","120836000.0000","205.9900","207.0400","204.8800"
"2015/11/16","205.6200","117342200.0000","202.3200","205.6900","202.1800"
"2015/11/13","202.5400","152793300.0000","204.3500","204.6700","202.4350"
"2015/11/12","204.8400","120950900.0000","206.5000","207.0600","204.8200"
"2015/11/11","207.7400","67716950.0000","208.8800","208.9400","207.6600"
"2015/11/10","208.5600","75769150.0000","207.5100","208.6000","207.1900"
"2015/11/09","208.0800","130856000.0000","209.3100","209.4900","206.9500"
"2015/11/06","210.0400","110389000.0000","209.7400","210.3200","208.4600"
"2015/11/05","210.1500","78166140.0000","210.4300","210.9800","209.0900"
"2015/11/04","210.3600","95668530.0000","211.3500","211.5000","209.7201"
"2015/11/03","211.0000","95133060.0000","209.9700","211.6600","209.7000"
"2015/11/02","210.3900","86052980.0000","208.3200","210.6200","208.1700"
"2015/10/30","207.9300","131012600.0000","209.0600","209.4400","207.7400"
"2015/10/29","208.8300","90191780.0000","208.3500","209.2700","208.2100"
"2015/10/28","208.9500","135620300.0000","207.0000","208.9800","206.2100"
"2015/10/27","206.6000","77709730.0000","206.2000","207.0000","205.7900"
"2015/10/26","207.0000","68281240.0000","207.3000","207.3700","206.5600"
"2015/10/23","207.5100","144366100.0000","207.2500","207.9500","206.3000"
"2015/10/22","205.2600","174152100.0000","202.9800","205.5100","201.8500"
"2015/10/21","201.8500","101841800.0000","203.6100","203.7900","201.6500"
"2015/10/20","203.0900","78214510.0000","202.8500","203.8400","202.5471"
"2015/10/19","203.3700","76365770.0000","202.5000","203.3700","202.1300"
"2015/10/16","203.2700","114037700.0000","202.8300","203.2900","201.9200"
"2015/10/15","202.3500","133837900.0000","200.0800","202.3600","199.6400"
"2015/10/14","199.2900","98864500.0000","200.1800","200.8700","198.9400"
"2015/10/13","200.2500","87873100.0000","200.6500","202.1600","200.0500"
"2015/10/12","201.5200","56154070.0000","201.4200","201.7600","200.9100"
"2015/10/09","201.3300","106392100.0000","201.3800","201.9000","200.5800"
"2015/10/08","201.2100","151731000.0000","198.9500","201.5500","198.5900"
"2015/10/07","199.4100","123927900.0000","198.9000","199.8250","197.4800"
"2015/10/06","197.7900","109924000.0000","198.3100","198.9800","197.0000"
"2015/10/05","198.4700","125618900.0000","196.4600","198.7400","196.3300"
"2015/10/02","195.0000","209995600.0000","189.7700","195.0300","189.1200"
"2015/10/01","192.1300","130248900.0000","192.0800","192.4900","189.8200"
"2015/09/30","191.6300","162862400.0000","190.3700","191.8250","189.4400"
"2015/09/29","188.1200","158394800.0000","188.2700","189.7400","186.9300"
"2015/09/28","188.0100","176317600.0000","191.7800","191.9100","187.6400"
"2015/09/25","192.8500","154595000.0000","194.6400","195.0000","191.8100"
"2015/09/24","192.9000","158490600.0000","192.1500","193.4500","190.5600"
"2015/09/23","193.6000","92548910.0000","194.1100","194.6700","192.9100"
"2015/09/22","193.9100","153492000.0000","193.8800","194.4600","192.5600"
"2015/09/21","196.4600","105229400.0000","196.4400","197.6800","195.2100"
"2015/09/18","195.4500","222607600.0000","195.7100","198.6844","194.9600"
"2015/09/17","199.7300","275634900.0000","200.0200","202.8900","199.2800"
"2015/09/16","200.1800","99206800.0000","198.8200","200.4100","198.4100"
"2015/09/15","198.4600","112339400.0000","196.6100","198.9900","195.9612"
"2015/09/14","196.0100","79365650.0000","196.9500","197.0100","195.4300"
"2015/09/11","196.7400","119507200.0000","195.3750","196.8200","194.5300"
"2015/09/10","195.8500","158318900.0000","194.5600","197.2200","194.2500"
"2015/09/09","194.7900","147649100.0000","199.3200","199.4700","194.3500"
"2015/09/08","197.4300","115807000.0000","195.9400","197.6100","195.1700"
"2015/09/04","192.5900","204620400.0000","192.8500","193.8600","191.6100"
"2015/09/03","195.5500","151957000.0000","196.2600","198.0500","194.9600"
"2015/09/02","195.4100","159445200.0000","194.6200","195.4600","192.4200"
"2015/09/01","191.7700","253561300.0000","193.1200","194.7700","190.7300"
"2015/08/31","197.6700","160296200.0000","198.1100","199.1250","197.0100"
"2015/08/28","199.2800","160338700.0000","198.5000","199.8350","197.9200"
"2015/08/27","199.2700","273700600.0000","197.0200","199.4200","195.2100"
"2015/08/26","194.4600","338718200.0000","192.0800","194.7900","188.3700"
"2015/08/25","187.2700","367623500.0000","195.4300","195.4500","186.9200"
"2015/08/24","189.5000","506257800.0000","187.4900","197.4772","182.4000"
"2015/08/21","197.6300","343611100.0000","201.7300","203.9404","197.5200"
"2015/08/20","203.9700","193680300.0000","206.5100","208.2865","203.9000"
"2015/08/19","208.3200","172781100.0000","209.0900","210.0100","207.3500"
"2015/08/18","209.9800","71661990.0000","210.2600","210.6800","209.6990"
"2015/08/17","210.5900","78915420.0000","208.7100","210.5900","208.1600"
"2015/08/14","209.4200","72570710.0000","208.4300","209.5087","208.2600"
"2015/08/13","208.6600","89169630.0000","208.7300","209.5500","208.0100"
"2015/08/12","208.9200","171911200.0000","207.1100","209.1400","205.3600"
"2015/08/11","208.6700","125935000.0000","208.9700","209.4700","207.7600"
"2015/08/10","210.5700","79681690.0000","209.2800","210.6700","209.2800"
"2015/08/07","207.9500","117703500.0000","208.1600","208.3400","206.8700"
"2015/08/06","208.3500","110243400.0000","210.2900","210.4150","207.6500"
"2015/08/05","210.0700","85589800.0000","210.4500","211.3100","209.7300"
"2015/08/04","209.3800","81526350.0000","209.7000","210.2483","208.8000"
"2015/08/03","209.7900","113432300.0000","210.4600","210.5300","208.6500"
"2015/07/31","210.5000","102661200.0000","211.4200","211.4500","210.1600"
"2015/07/30","210.8200","91218060.0000","210.1600","211.0200","209.4200"
"2015/07/29","210.7700","104940200.0000","209.4800","211.0400","209.3100"
"2015/07/28","209.3300","122370300.0000","207.7900","209.5000","206.8000"
"2015/07/27","206.7900","130669700.0000","206.9400","207.5500","206.2600"
"2015/07/24","208.0000","117558700.0000","210.3000","210.3700","207.6000"
"2015/07/23","210.1800","90364920.0000","211.5300","211.6500","209.7500"
"2015/07/22","211.3700","88346410.0000","210.9300","211.7700","210.8900"
"2015/07/21","211.7500","77743460.0000","212.4300","212.7400","211.3900"
"2015/07/20","212.5900","70280430.0000","212.7500","213.1800","212.2100"
"2015/07/17","212.4800","88094480.0000","212.2900","212.5500","211.8000"
"2015/07/16","212.3000","105988600.0000","211.8700","212.3000","211.5800"
"2015/07/15","210.6100","97532900.0000","210.7300","211.2800","210.0400"
"2015/07/14","210.6800","81287840.0000","209.7200","211.0500","209.6500"
"2015/07/13","209.7700","105721800.0000","208.9900","209.9000","208.9400"
"2015/07/10","207.4800","129124200.0000","207.2900","207.9800","204.9517"
"2015/07/09","204.9000","141251300.0000","207.0400","207.3500","204.7700"
"2015/07/08","204.5300","163538700.0000","206.4500","206.7645","204.2500"
"2015/07/07","208.0200","173452600.0000","206.9600","208.1700","204.1100"
"2015/07/06","206.7200","117560100.0000","205.7700","207.6500","205.5300"
"2015/07/02","207.3100","104256300.0000","208.0700","208.2700","206.8100"
"2015/07/01","207.5000","134195600.0000","207.7300","208.0300","206.5600"
"2015/06/30","205.8500","182761900.0000","207.2600","207.3200","205.2800"
"2015/06/29","205.4200","194187600.0000","208.0450","209.8280","205.3300"
"2015/06/26","209.8200","103470400.0000","210.2900","210.5800","209.1600"
"2015/06/25","209.8600","97026210.0000","211.1000","211.2500","209.7700"
"2015/06/24","210.5000","92151530.0000","211.7200","212.1700","210.4700"
"2015/06/23","212.0400","68053640.0000","212.1400","212.4400","211.5700"
"2015/06/22","211.8900","70514900.0000","211.9050","212.5900","211.6400"
"2015/06/19","210.8100","130219500.0000","211.4600","211.5500","210.3600"
"2015/06/18","212.7800","164892200.0000","211.3100","213.3400","210.6315"
"2015/06/17","210.5900","126642800.0000","210.5900","211.3200","209.3600"
"2015/06/16","210.2500","85152890.0000","208.9300","210.3500","208.7200"
"2015/06/15","209.1100","124240100.0000","208.6400","209.4500","207.7900"
"2015/06/12","210.0100","135327800.0000","210.6400","211.4820","209.6800"
"2015/06/11","211.6300","73755850.0000","211.4800","212.0900","211.2000"
"2015/06/10","210.9500","133678600.0000","209.3700","211.4100","209.2987"
"2015/06/09","208.4500","104826800.0000","208.4500","209.1000","207.6900"
"2015/06/08","208.4800","88866040.0000","209.6400","209.8200","208.3900"
"2015/06/05","209.7700","121669100.0000","209.9500","210.5800","208.9800"
"2015/06/04","210.1292","151747400.0000","211.0700","211.8590","209.7500"
"2015/06/03","211.9200","87704660.0000","212.0000","212.6700","211.3301"
"2015/06/02","211.3600","91438580.0000","211.0200","212.1900","210.2700"
"2015/06/01","211.5700","93171140.0000","211.9400","212.3400","210.6200"
"2015/05/29","211.1400","123383800.0000","212.3800","212.4300","210.8200"
"2015/05/28","212.4600","74855480.0000","212.3300","212.5900","211.6300"
"2015/05/27","212.7000","92949380.0000","211.2500","212.9800","210.7612"
"2015/05/26","210.7000","124074500.0000","212.4000","212.9089","210.2000"
"2015/05/22","212.9900","57367260.0000","213.0400","213.5400","212.9100"
"2015/05/21","213.5000","64544870.0000","212.7100","213.7500","212.5100"
"2015/05/20","212.8800","76542810.0000","213.1500","213.7800","212.5040"
"2015/05/19","213.0300","72041550.0000","213.2400","213.5700","212.6900"
"2015/05/18","213.1000","74382800.0000","212.2400","213.4000","212.1600"
"2015/05/15","212.4400","76393990.0000","212.4400","212.6100","211.8600"
"2015/05/14","212.2100","95825920.0000","211.2400","212.3200","210.9100"
"2015/05/13","210.0200","94544280.0000","210.4700","211.2200","209.7400"
"2015/05/12","209.9800","119647000.0000","209.6100","210.6300","208.6200"
"2015/05/11","210.6050","75465110.0000","211.5700","211.8900","210.5200"
"2015/05/08","211.6200","156207000.0000","210.8800","211.8600","210.7800"
"2015/05/07","208.8700","88018400.0000","207.9200","209.3800","207.5200"
"2015/05/06","208.0400","135438200.0000","209.5600","209.9300","206.7600"
"2015/05/05","208.9000","113182500.0000","211.0300","211.4600","208.7300"
"2015/05/04","211.3200","70813860.0000","211.2300","212.0200","211.1000"
"2015/05/01","210.7200","103245100.0000","209.4000","210.7700","209.2800"
"2015/04/30","208.4600","160666400.0000","209.8800","210.3500","207.6200"
"2015/04/29","210.5700","125567200.0000","210.3700","211.2900","209.6000"
"2015/04/28","211.4400","86758030.0000","210.7400","211.5000","209.3301"
"2015/04/27","210.7700","79107250.0000","212.3300","212.4800","210.5400"
"2015/04/24","211.6499","61224640.0000","211.6600","211.9700","211.1100"
"2015/04/23","211.1600","102247700.0000","210.1500","211.9400","210.0100"
"2015/04/22","210.6300","78047720.0000","210.0100","210.8500","208.9000"
"2015/04/21","209.6000","71355280.0000","210.6700","210.8600","209.2400"
"2015/04/20","209.8500","92026870.0000","209.0600","210.2500","208.9600"
"2015/04/17","207.9500","191012500.0000","208.9400","209.2300","207.0100"
"2015/04/16","210.3700","68783390.0000","210.0300","210.9800","209.7928"
"2015/04/15","210.4300","99415800.0000","210.0500","211.0400","209.9500"
"2015/04/14","209.4900","74795430.0000","208.8500","209.7100","208.1000"
"2015/04/13","209.0900","74139030.0000","209.8700","210.6300","209.0300"
"2015/04/10","210.0400","72471010.0000","209.2000","210.0900","208.9600"
"2015/04/09","208.9000","85426740.0000","207.7800","209.1800","207.1900"
"2015/04/08","207.9750","89261180.0000","207.5500","208.5100","207.0800"
"2015/04/07","207.2800","81058840.0000","207.8550","208.7600","207.2400"
"2015/04/06","207.8300","113960800.0000","205.3700","208.4500","205.2100"
"2015/04/02","206.4350","86817710.0000","205.6200","206.9800","205.4000"
"2015/04/01","205.7000","137055500.0000","206.3900","206.4200","204.5100"
"2015/03/31","206.4300","126569200.0000","207.2600","208.1000","206.3600"
"2015/03/30","208.2500","95986750.0000","206.9800","208.6100","206.9600"
"2015/03/27","205.7400","117057900.0000","205.1300","205.9500","204.9000"
"2015/03/26","205.2700","152909900.0000","204.9600","206.3700","204.1200"
"2015/03/25","205.7600","159285600.0000","209.0700","209.3500","205.7100"
"2015/03/24","208.8200","76947650.0000","209.8500","210.4000","208.7400"
"2015/03/23","210.0000","71619060.0000","210.4200","211.1100","210.0000"
"2015/03/20","210.4100","177517400.0000","209.7100","211.0200","209.4903"
"2015/03/19","209.5000","117697000.0000","209.9600","210.4697","209.0300"
"2015/03/18","210.4600","227287200.0000","207.3900","211.2700","206.6200"
"2015/03/17","207.9600","94322500.0000","207.6900","208.4200","206.9800"
"2015/03/16","208.5800","135571800.0000","206.7100","208.6900","205.8641"
"2015/03/13","205.8272","162353900.0000","206.7700","207.9338","204.5800"
"2015/03/12","207.1000","93451320.0000","205.2600","207.1750","205.2000"
"2015/03/11","204.5000","109058000.0000","205.2900","205.5000","204.4000"
"2015/03/10","204.9800","156656000.0000","206.7100","206.8100","204.9300"
"2015/03/09","208.3600","89621890.0000","207.7400","208.7900","207.5459"
"2015/03/06","207.5000","186468600.0000","209.4200","209.9400","207.1000"
"2015/03/05","210.4600","76825940.0000","210.6200","210.8000","209.8500"
"2015/03/04","210.2301","114257600.0000","210.4000","210.4900","209.0600"
"2015/03/03","211.1200","110141700.0000","211.4700","212.0540","210.0800"
"2015/03/02","211.9900","87300760.0000","210.7800","212.0600","210.7200"
"2015/02/27","210.6600","107946400.0000","211.2600","211.5800","210.6000"
"2015/02/26","211.3800","72577040.0000","211.5200","211.7100","210.6500"
"2015/02/25","211.6300","72874810.0000","211.6600","212.2400","211.2200"
"2015/02/24","211.8100","72214030.0000","211.1200","212.0500","210.7600"
"2015/02/23","211.2090","74250690.0000","210.9400","211.2100","210.4800"
"2015/02/20","211.2390","140029800.0000","209.4800","211.3300","208.7300"
"2015/02/19","209.9800","91364150.0000","209.4100","210.4200","209.2400"
"2015/02/18","210.1300","80057400.0000","209.6600","210.2200","209.3401"
"2015/02/17","210.1100","76888670.0000","209.4000","210.3200","209.1000"
"2015/02/13","209.7800","93553960.0000","209.0700","209.8400","208.7600"
"2015/02/12","208.9200","97202820.0000","207.8900","208.9900","206.9727"
"2015/02/11","206.9300","90268410.0000","206.6100","207.4500","205.8300"
"2015/02/10","206.8100","95999260.0000","205.8800","207.1200","204.6801"
"2015/02/09","204.6300","87074270.0000","204.7700","205.6400","204.1350"
"2015/02/06","205.5500","125550800.0000","206.5600","207.2400","204.9200"
"2015/02/05","206.1200","97236260.0000","204.8600","206.3000","204.7700"
"2015/02/04","204.0600","132933500.0000","203.9200","205.3800","203.5100"
"2015/02/03","204.8400","123861500.0000","203.0000","204.8500","202.5500"
"2015/02/02","201.9200","162649000.0000","200.0500","202.0300","197.8600"
"2015/01/30","199.4500","193789000.0000","200.5700","202.1700","199.1300"
"2015/01/29","201.9902","173293000.0000","200.3800","202.3000","198.6800"
"2015/01/28","200.1400","167681700.0000","204.1700","204.2900","199.9100"
"2015/01/27","202.7400","133590500.0000","202.9700","204.1200","201.7400"
"2015/01/26","205.4500","91684840.0000","204.7100","205.5600","203.8500"
"2015/01/23","204.9700","117356900.0000","205.7900","206.1000","204.8100"
"2015/01/22","206.1000","173536400.0000","203.9900","206.2600","202.3300"
"2015/01/21","203.0800","122729500.0000","201.5000","203.6600","200.9400"
"2015/01/20","202.0550","130756800.0000","202.4000","202.7200","200.1700"
"2015/01/16","201.6300","211677200.0000","198.7700","201.8200","198.5500"
"2015/01/15","199.0199","175383200.0000","201.6300","202.0100","198.8800"
"2015/01/14","200.8600","192551700.0000","199.6500","201.1000","198.5700"
"2015/01/13","202.0800","214341100.0000","204.1200","205.4800","200.5100"
"2015/01/12","202.6500","144043100.0000","204.4100","204.6000","201.9200"
"2015/01/09","204.2500","157293400.0000","206.4000","206.4200","203.5100"
"2015/01/08","205.9000","146039400.0000","204.0100","206.1600","203.9900"
"2015/01/07","202.3100","125069700.0000","201.4200","202.7200","200.8800"
"2015/01/06","199.8200","208922400.0000","202.0900","202.7200","198.8550"
"2015/01/05","201.7200","169139200.0000","204.1700","204.3700","201.3500"
"2015/01/02","205.4300","121394000.0000","206.3800","206.8800","204.1800"
"2014/12/31","205.5400","130284300.0000","207.9900","208.1900","205.3900"
"2014/12/30","207.6000","73448190.0000","208.2100","208.3700","207.5100"
"2014/12/29","208.7200","79514380.0000","208.2200","208.9700","208.1400"
"2014/12/26","208.4400","57204150.0000","208.3100","208.8500","208.2500"
"2014/12/24","207.7700","42963400.0000","208.0200","208.3400","207.7200"
"2014/12/23","207.7500","120516200.0000","208.1700","208.2300","207.3991"
"2014/12/22","207.4700","147884900.0000","206.7500","207.4700","206.4600"
"2014/12/19","206.5200","242836400.0000","206.4300","207.3300","205.6109"
"2014/12/18","206.7800","256909600.0000","204.7400","212.9700","203.9200"
"2014/12/17","201.7900","252458700.0000","198.4400","202.3400","198.2900"
"2014/12/16","197.9100","258867900.0000","198.5800","202.3950","197.8600"
"2014/12/15","199.5100","188920400.0000","201.9800","202.5300","198.7800"
"2014/12/12","200.8900","201983200.0000","202.6400","203.8190","200.8500"
"2014/12/11","204.1900","158542800.0000","203.8800","206.1900","203.7100"
"2014/12/10","203.1601","159140400.0000","205.9100","205.9800","202.9300"
"2014/12/09","206.4700","125033900.0000","204.3700","206.6000","203.9100"
"2014/12/08","206.6100","108460400.0000","207.5200","208.1200","205.9300"
"2014/12/05","208.0000","90978050.0000","207.8700","208.4700","207.5500"
"2014/12/04","207.6600","91222700.0000","207.5400","208.2650","206.7000"
"2014/12/03","207.8900","68869870.0000","207.3000","208.1500","207.1000"
"2014/12/02","207.0850","74435510.0000","205.8100","207.3400","205.7820"
"2014/12/01","205.7600","103711100.0000","206.4000","206.5400","205.3800"
"2014/11/28","207.2000","57890090.0000","207.4900","207.8700","206.9100"
"2014/11/26","207.6400","61927210.0000","207.2900","207.7600","207.0300"
"2014/11/25","207.1100","79013710.0000","207.5400","207.7900","206.8000"
"2014/11/24","207.2600","65635340.0000","207.1700","207.3900","206.9100"
"2014/11/21","206.6800","142105400.0000","207.6400","207.8445","205.9800"
"2014/11/20","205.5800","72498660.0000","204.2600","205.7100","204.1800"
"2014/11/19","205.2200","82226470.0000","205.3100","205.5500","204.3000"
"2014/11/18","205.5500","75858730.0000","204.4400","205.9200","204.4400"
"2014/11/17","204.3700","80373860.0000","203.8500","204.5800","203.6500"
"2014/11/14","204.2400","80310420.0000","204.1000","204.4900","203.7200"
"2014/11/13","204.1900","84981760.0000","204.1600","204.8300","203.2100"
"2014/11/12","203.9600","89957030.0000","203.3500","204.2400","203.3100"
"2014/11/11","204.1750","54294510.0000","204.0550","204.3100","203.6500"
"2014/11/10","203.9800","65897370.0000","203.3800","204.0400","203.1300"
"2014/11/07","203.3400","89443040.0000","203.1700","203.5999","202.6100"
"2014/11/06","203.1500","106715600.0000","202.3900","203.2600","201.6400"
"2014/11/05","202.3400","91466110.0000","202.5400","202.5900","201.4500"
"2014/11/04","201.0700","93082060.0000","201.2300","201.6000","200.0600"
"2014/11/03","201.7700","93478670.0000","201.9200","202.4500","201.3050"
"2014/10/31","201.6600","146697400.0000","201.7800","201.8200","200.7700"
"2014/10/30","199.3800","112825200.0000","197.5800","199.9500","197.4000"
"2014/10/29","198.1100","142224000.0000","198.5500","199.1200","196.8000"
"2014/10/28","198.4100","105847800.0000","196.8200","198.4200","196.7300"
"2014/10/27","196.1600","82747540.0000","195.7300","196.4500","195.0300"
"2014/10/24","196.4300","116715200.0000","195.2500","196.4900","194.4900"
"2014/10/23","194.9300","153664900.0000","194.6200","196.2000","194.2600"
"2014/10/22","192.6900","151377900.0000","194.4100","194.9100","192.6100"
"2014/10/21","194.0700","153368100.0000","191.6800","194.2000","191.4800"
"2014/10/20","190.3000","129429000.0000","188.1300","190.4500","188.0700"
"2014/10/17","188.4700","214147600.0000","188.4200","189.7500","187.6200"
"2014/10/16","186.2700","270110200.0000","183.0600","187.5800","182.8900"
"2014/10/15","186.4300","379972000.0000","185.1600","187.6940","181.9200"
"2014/10/14","187.7000","215226000.0000","188.4200","189.8200","187.0400"
"2014/10/13","187.4099","221938600.0000","190.4600","191.1500","187.3000"
"2014/10/10","190.5400","221531600.0000","192.6900","193.6500","190.4900"
"2014/10/09","192.7400","209904000.0000","196.3300","196.6000","192.5800"
"2014/10/08","196.6400","186038800.0000","193.3700","196.9200","192.3600"
"2014/10/07","193.2600","147546700.0000","195.2800","195.7200","193.2200"
"2014/10/06","196.2900","104721100.0000","197.3400","197.6000","195.5820"
"2014/10/03","196.5200","120932900.0000","195.6800","196.9400","195.0800"
"2014/10/02","194.3800","157161800.0000","194.1800","195.0550","192.3500"
"2014/10/01","194.3500","177602400.0000","196.7000","196.7700","193.9100"
"2014/09/30","197.0200","129887300.0000","197.6900","198.3000","196.6100"
"2014/09/29","197.5400","95061580.0000","196.2000","197.8900","196.0500"
"2014/09/26","197.9000","103503900.0000","196.7000","198.3900","196.4200"
"2014/09/25","196.3400","149990800.0000","199.0400","199.0500","196.2700"
"2014/09/24","199.5600","107098000.0000","198.0400","199.6900","197.5200"
"2014/09/23","198.0100","111103600.0000","198.4300","199.2600","197.9500"
"2014/09/22","199.1500","125341100.0000","200.3500","200.3800","198.7300"
"2014/09/19","200.7000","121373900.0000","201.5200","201.8990","200.2900"
"2014/09/18","201.8200","94415600.0000","201.3600","201.8500","201.1000"
"2014/09/17","200.7500","149647200.0000","200.7700","201.6800","199.7500"
"2014/09/16","200.4800","116039000.0000","198.6100","200.8400","198.5000"
"2014/09/15","198.9810","76350030.0000","199.1600","199.3200","198.3800"
"2014/09/12","199.1300","117403300.0000","200.1000","200.1200","198.5600"
"2014/09/11","200.3000","66733800.0000","199.2700","200.3300","199.1200"
"2014/09/10","200.0700","67150040.0000","199.4300","200.2000","198.7700"
"2014/09/09","199.3200","88480030.0000","200.4100","200.5500","198.9100"
"2014/09/08","200.5900","64103050.0000","200.9200","201.2100","200.0000"
"2014/09/05","201.1100","102010300.0000","200.1700","201.1900","199.4100"
"2014/09/04","200.2101","84993660.0000","200.8400","201.5800","199.6600"
"2014/09/03","200.5000","57371000.0000","201.3800","201.4100","200.2200"
"2014/09/02","200.6100","71399620.0000","200.9700","200.9950","199.8600"
"2014/08/29","200.7100","65878360.0000","200.4500","200.7300","199.8200"
"2014/08/28","200.1400","58143490.0000","199.5900","200.2700","199.3900"
"2014/08/27","200.2500","47782100.0000","200.4300","200.5700","199.9400"
"2014/08/26","200.3300","47244660.0000","200.3300","200.8200","200.2800"
"2014/08/25","200.2000","63788690.0000","200.1400","200.5949","199.1502"
"2014/08/22","199.1900","76052890.0000","199.3400","199.6900","198.7400"
"2014/08/21","199.5000","67740270.0000","199.0900","199.7600","198.9300"
"2014/08/20","198.9200","72595130.0000","198.1200","199.1600","198.0800"
"2014/08/19","198.3900","58938860.0000","197.8400","198.5400","197.4426"
"2014/08/18","197.3600","75133430.0000","196.8000","197.4500","196.6900"
"2014/08/15","195.7200","139865800.0000","196.4700","196.6500","194.3100"
"2014/08/14","195.7600","57192040.0000","195.1600","195.7600","194.9800"
"2014/08/13","194.8400","68917050.0000","194.2900","195.0600","193.9600"
"2014/08/12","193.5300","73575610.0000","193.6100","194.1500","192.9400"
"2014/08/11","193.7950","74426250.0000","193.9650","194.6600","193.7100"
"2014/08/08","193.2400","114867300.0000","191.4600","193.3700","190.9500"
"2014/08/07","191.0300","135504400.0000","192.9350","193.1300","190.5500"
"2014/08/06","192.0700","94623780.0000","191.1100","192.8900","191.0800"
"2014/08/05","192.0100","152514900.0000","193.1000","193.6000","191.3100"
"2014/08/04","193.8900","90973750.0000","192.8700","194.3000","192.0500"
"2014/08/01","192.5000","189017400.0000","192.5600","193.7600","191.5700"
"2014/07/31","193.0900","182368000.0000","195.6100","195.7800","192.9700"
"2014/07/30","196.9800","104066800.0000","197.6500","197.9100","196.1600"
"2014/07/29","196.9500","80364470.0000","198.1700","198.4500","196.9200"
"2014/07/28","197.8000","69081970.0000","197.7600","198.0900","196.6200"
"2014/07/25","197.7200","76774590.0000","198.0900","198.2600","197.3300"
"2014/07/24","198.6500","56372600.0000","198.8300","199.0600","198.4500"
"2014/07/23","198.6400","61583850.0000","198.4950","198.8500","198.1000"
"2014/07/22","198.2000","67490070.0000","198.0100","198.5600","197.8700"
"2014/07/21","197.3400","67465850.0000","197.0900","197.5000","196.4300"
"2014/07/18","197.7099","124236300.0000","196.3500","197.9100","196.2400"
"2014/07/17","195.7100","144249500.0000","197.3500","198.1000","195.4300"
"2014/07/16","197.9600","79967700.0000","198.1100","198.2600","197.4200"
"2014/07/15","197.2300","111294600.0000","197.7200","198.1000","196.3600"
"2014/07/14","197.6000","58562590.0000","197.6100","197.8600","197.4400"
"2014/07/11","196.6100","63448170.0000","196.2200","196.7500","195.7800"
"2014/07/10","196.3400","98825290.0000","195.2200","196.8600","195.0600"
"2014/07/09","197.1200","72921900.0000","196.7300","197.2950","196.3100"
"2014/07/08","196.2400","108050700.0000","197.1500","197.2200","195.7600"
"2014/07/07","197.5100","61636660.0000","197.8200","197.9800","197.2200"
"2014/07/03","198.2000","52938830.0000","197.7900","198.2900","197.6400"
"2014/07/02","197.2300","52313800.0000","197.0500","197.4800","196.9600"
"2014/07/01","197.0300","90321710.0000","196.1900","197.6300","196.1300"
"2014/06/30","195.7200","70201190.0000","195.7000","196.1650","195.5300"
"2014/06/27","195.8200","71154680.0000","194.9800","195.8800","194.8850"
"2014/06/26","195.4400","84265690.0000","195.6100","195.6300","194.1300"
"2014/06/25","195.5800","82268020.0000","194.2500","195.7810","194.2500"
"2014/06/24","194.7000","95988380.0000","195.5300","196.5000","194.4800"
"2014/06/23","195.8800","70445400.0000","195.9700","196.0500","195.5200"
"2014/06/20","195.9400","99956390.0000","196.0300","196.1039","195.7000"
"2014/06/19","196.4800","85824620.0000","196.4300","196.6000","195.8000"
"2014/06/18","196.2550","105142300.0000","194.8300","196.3700","194.4000"
"2014/06/17","194.8300","84775210.0000","194.0200","194.9700","193.8100"
"2014/06/16","194.2900","87358270.0000","193.8900","194.7000","193.6600"
"2014/06/13","194.1300","81977300.0000","193.9000","194.3200","193.3000"
"2014/06/12","193.5400","106122900.0000","194.6500","194.8000","193.1100"
"2014/06/11","194.9200","68700400.0000","194.9000","195.1200","194.4800"
"2014/06/10","195.6000","54728830.0000","195.3300","195.6400","194.9200"
"2014/06/09","195.5800","65005650.0000","195.3500","196.0500","195.1700"
"2014/06/06","195.3750","78649300.0000","194.8700","195.4300","194.7800"
"2014/06/05","194.4500","91942250.0000","193.4100","194.6500","192.7000"
"2014/06/04","193.1900","55017100.0000","192.4700","193.3000","192.2650"
"2014/06/03","192.8000","64982240.0000","192.4000","192.9000","192.2500"
"2014/06/02","192.8950","64215900.0000","192.9500","192.9900","191.9700"
"2014/05/30","192.6800","76206700.0000","192.1900","192.8000","192.0300"
"2014/05/29","192.3700","64122290.0000","191.8200","192.4000","191.3300"
"2014/05/28","191.3800","66064100.0000","191.5200","191.8200","191.0600"
"2014/05/27","191.5200","71932270.0000","191.0500","191.5800","190.9500"
"2014/05/23","190.3500","61092770.0000","189.7500","190.4800","189.5858"
"2014/05/22","189.5900","61509200.0000","189.1800","189.9800","188.8600"
"2014/05/21","189.1300","88988990.0000","188.1000","189.2200","188.0600"
"2014/05/20","187.5500","111495700.0000","188.6450","188.6700","187.0700"
"2014/05/19","188.7400","63652770.0000","187.6900","188.8900","187.5200"
"2014/05/16","188.0500","97346150.0000","187.5100","188.1300","186.7200"
"2014/05/15","187.4000","154870300.0000","188.6700","188.7200","186.4800"
"2014/05/14","189.0600","72236690.0000","189.7900","189.8800","188.7900"
"2014/05/13","189.9600","66402210.0000","190.0300","190.4200","189.7700"
"2014/05/12","189.7850","86869000.0000","188.7600","189.8800","187.9992"
"2014/05/09","187.9600","83638350.0000","187.6900","188.0400","186.8300"
"2014/05/08","187.6750","93479080.0000","187.6700","189.0500","187.0800"
"2014/05/07","187.8800","106320700.0000","187.4300","187.9700","186.0100"
"2014/05/06","186.7800","85333680.0000","188.0000","188.1300","186.7400"
"2014/05/05","188.4200","75816370.0000","187.1400","188.5500","186.6200"
"2014/05/02","188.0600","97967130.0000","188.3100","189.1400","187.7800"
"2014/05/01","188.3250","92857920.0000","188.2200","188.8400","187.7300"
"2014/04/30","188.3100","101247200.0000","187.4400","188.5000","187.1800"
"2014/04/29","187.7500","83898930.0000","187.4800","188.0400","187.0800"
"2014/04/28","186.8750","134928700.0000","187.0500","187.6900","184.9600"
"2014/04/25","186.2900","100296800.0000","187.2100","187.3300","185.8700"
"2014/04/24","187.8300","88076060.0000","188.3700","188.3900","186.9300"
"2014/04/23","187.4500","73573920.0000","187.8100","187.9200","187.3000"
"2014/04/22","187.8900","85684410.0000","187.2300","188.4000","187.1300"
"2014/04/21","187.0400","68159790.0000","186.4400","187.1000","186.2100"
"2014/04/17","186.3900","105142500.0000","185.8800","186.9100","185.5600"
"2014/04/16","186.1250","104069100.0000","185.4700","186.1400","184.6500"
"2014/04/15","184.2000","156836500.0000","183.3200","184.3300","181.5100"
"2014/04/14","182.9401","132171000.0000","182.9300","183.3700","181.4400"
"2014/04/11","181.5100","166983600.0000","182.1700","183.4200","181.3100"
"2014/04/10","183.1550","172666800.0000","187.0900","187.1700","182.9300"
"2014/04/09","187.0900","100006500.0000","185.6000","187.1500","185.0600"
"2014/04/08","185.1000","112555000.0000","184.2100","185.4000","183.5900"
"2014/04/07","184.3400","140637100.0000","185.9000","186.2600","183.9600"
"2014/04/04","186.4000","168976000.0000","189.6400","189.7000","186.1000"
"2014/04/03","188.6300","77205590.0000","189.1700","189.2200","188.0500"
"2014/04/02","188.8800","78644710.0000","188.5000","189.1300","188.1400"
"2014/04/01","188.2500","88921020.0000","187.6200","188.3600","187.0015"
"2014/03/31","187.0100","99563690.0000","186.6500","187.3000","185.5216"
"2014/03/28","185.4900","101375100.0000","185.1050","186.4200","185.0000"
"2014/03/27","184.5800","141933100.0000","184.7700","185.3400","183.9000"
"2014/03/26","184.9700","119591100.0000","187.0300","187.3400","184.9200"
"2014/03/25","186.3100","103343800.0000","186.3700","186.9400","185.2700"
"2014/03/24","185.4300","120725800.0000","186.8200","187.0700","184.6200"
"2014/03/21","186.2000","161443100.0000","187.7200","189.0239","186.0300"
"2014/03/20","187.7470","116924800.0000","186.2500","187.8900","185.9200"
"2014/03/19","186.6600","176027700.0000","187.7000","187.9400","185.4700"
"2014/03/18","187.6600","101623900.0000","186.7100","187.9100","186.5100"
"2014/03/17","186.3300","98178680.0000","185.5900","186.7700","185.5100"
"2014/03/14","184.6600","153636400.0000","184.8000","185.8000","184.4400"
"2014/03/13","185.1800","154051000.0000","187.8400","187.9900","184.6600"
"2014/03/12","187.2800","104682500.0000","186.3200","187.3500","185.9000"
"2014/03/11","187.2300","98816970.0000","188.4400","188.7100","186.8000"
"2014/03/10","188.1600","74695300.0000","187.9400","188.2300","187.0800"
"2014/03/07","188.2600","117460300.0000","188.8700","188.9600","187.4300"
"2014/03/06","188.1800","82291040.0000","188.2100","188.6100","187.7796"
"2014/03/05","187.7500","88259840.0000","187.7200","188.0700","187.4500"
"2014/03/04","187.5800","169547700.0000","186.7500","187.9800","186.7500"
"2014/03/03","184.9800","167433300.0000","184.6900","185.4500","183.7500"
"2014/02/28","186.2900","150550800.0000","185.7900","187.1500","185.0500"
"2014/02/27","185.8200","93701360.0000","184.5900","185.8700","184.3700"
"2014/02/26","184.8500","98280850.0000","185.1100","185.6000","184.3300"
"2014/02/25","184.8400","116668300.0000","185.0300","185.5900","184.2300"
"2014/02/24","184.9100","113819000.0000","184.2800","186.1500","184.2000"
"2014/02/21","183.8900","118061400.0000","184.4900","184.8900","183.8000"
"2014/02/20","184.1000","104838500.0000","183.2700","184.5200","182.6000"
"2014/02/19","183.0200","125973100.0000","183.7600","184.9500","182.8700"
"2014/02/18","184.2400","80002130.0000","184.1900","184.4900","183.6500"
"2014/02/14","184.0200","96463070.0000","182.8400","184.3600","182.6700"
"2014/02/13","183.0100","98831510.0000","180.8400","183.2000","180.8300"
"2014/02/12","182.0700","94405400.0000","182.2200","182.8300","181.7050"
"2014/02/11","181.9800","121437000.0000","180.1600","182.4390","180.0389"
"2014/02/10","180.0100","91885210.0000","179.7000","180.0700","179.2100"
"2014/02/07","179.6800","170688400.0000","178.3100","179.8700","177.7300"
"2014/02/06","177.4800","132246200.0000","175.5800","177.4800","175.2209"
"2014/02/05","175.1700","163611500.0000","174.7900","175.5600","173.7100"
"2014/02/04","175.3850","164716100.0000","174.9500","175.8400","174.1055"
"2014/02/03","174.1700","253843100.0000","177.9500","178.3700","173.8300"
"2014/01/31","178.1800","193963700.0000","177.0200","179.2900","176.9200"
"2014/01/30","179.2300","116109700.0000","178.8600","179.8100","178.2600"
"2014/01/29","177.3500","215115400.0000","177.5600","178.5500","176.8800"
"2014/01/28","179.0700","108687800.0000","178.1400","179.3000","178.1200"
"2014/01/27","178.0100","179873900.0000","179.0600","179.5200","177.1200"
"2014/01/24","178.8900","208427800.0000","181.6000","181.6600","178.8300"
"2014/01/23","182.7900","132220300.0000","183.3600","183.4000","181.8200"
"2014/01/22","184.3000","60637390.0000","184.4900","184.5700","183.9100"
"2014/01/21","184.1800","88540350.0000","184.7000","184.7700","183.0500"
"2014/01/17","183.6350","103891700.0000","184.1000","184.4500","183.3200"
"2014/01/16","184.4200","72079880.0000","184.2800","184.6618","183.8300"
"2014/01/15","184.6600","96591250.0000","184.1000","184.9400","183.7102"
"2014/01/14","183.6700","104588600.0000","182.2800","183.7700","181.9500"
"2014/01/13","181.6850","149430100.0000","183.7100","184.1800","181.3400"
"2014/01/10","184.1400","101936400.0000","183.9500","184.2200","183.0100"
"2014/01/09","183.6400","90521810.0000","184.1000","184.1300","182.7950"
"2014/01/08","183.5200","96477140.0000","183.4500","183.8300","182.8900"
"2014/01/07","183.4800","86018680.0000","183.0900","183.7900","182.9500"
"2014/01/06","182.3600","106828500.0000","183.4700","183.5600","182.0800"
"2014/01/03","182.8850","81331220.0000","183.2100","183.6000","182.6300"
"2014/01/02","182.9200","119392300.0000","183.9800","184.0700","182.4800"
"2013/12/31","184.6900","86121760.0000","184.0700","184.6900","183.9300"
"2013/12/30","183.8200","56807170.0000","183.8700","184.0200","183.5800"
"2013/12/27","183.8450","61731340.0000","184.1000","184.1800","183.6600"
"2013/12/26","183.8550","63197700.0000","183.3400","183.9600","183.3200"
"2013/12/24","182.9300","45368840.0000","182.5400","183.0100","182.5300"
"2013/12/23","182.5300","85385940.0000","182.4100","182.6400","182.0650"
"2013/12/20","181.5600","196525900.0000","180.6700","181.9900","180.5683"
"2013/12/19","181.4900","136558000.0000","181.1900","181.7000","180.7100"
"2013/12/18","181.7000","234420400.0000","178.9200","181.7300","177.3200"
"2013/12/17","178.6500","86803880.0000","179.3600","179.4100","178.2500"
"2013/12/16","179.2160","94526130.0000","178.9500","179.8100","178.9000"
"2013/12/13","178.1100","107707500.0000","178.5000","178.6600","177.7700"
"2013/12/12","178.1300","115262100.0000","178.6400","178.8600","177.7600"
"2013/12/11","178.7200","133081900.0000","180.8100","180.8500","178.5000"
"2013/12/10","180.7500","74334270.0000","180.9800","181.3600","180.6350"
"2013/12/09","181.4000","69850100.0000","181.4700","181.6700","181.1600"
"2013/12/06","180.9400","127591900.0000","180.6700","181.1100","180.1500"
"2013/12/05","178.9400","106187100.0000","179.4100","179.7400","178.7701"
"2013/12/04","179.7300","122884000.0000","179.1000","180.4800","178.3500"
"2013/12/03","179.7500","116202100.0000","179.9400","180.3900","179.1700"
"2013/12/02","180.5300","99564260.0000","181.0900","181.4300","180.2500"
"2013/11/29","181.0000","55870900.0000","181.3200","181.7500","180.8000"
"2013/11/27","181.1200","58237350.0000","180.8700","181.2400","180.6500"
"2013/11/26","180.6800","86715530.0000","180.7200","181.2200","180.4050"
"2013/11/25","180.6300","79229870.0000","181.1300","181.1700","180.3700"
"2013/11/22","180.8100","81234750.0000","179.9800","180.8300","179.7700"
"2013/11/21","179.9100","91787920.0000","178.9700","180.0500","178.8600"
"2013/11/20","178.4700","124716100.0000","179.3900","179.9300","177.9800"
"2013/11/19","179.0300","93059340.0000","179.3300","179.8700","178.7200"
"2013/11/18","179.4200","104600700.0000","180.3500","180.5000","179.0200"
"2013/11/15","180.0500","102745200.0000","179.5600","180.1200","179.3300"
"2013/11/14","179.2700","103156300.0000","178.5400","179.4200","178.2500"
"2013/11/13","178.3800","102900200.0000","176.0900","178.4261","176.0900"
"2013/11/12","176.9600","83798500.0000","176.9400","177.3600","176.3700"
"2013/11/11","177.3200","66267300.0000","177.1200","177.5300","176.9100"
"2013/11/08","177.2900","136646700.0000","174.8700","177.3100","174.8500"
"2013/11/07","174.9300","156182400.0000","177.5000","177.6400","174.7600"
"2013/11/06","177.1700","87107180.0000","177.0300","177.5000","176.5400"
"2013/11/05","176.2700","85484030.0000","176.1400","176.7500","175.5700"
"2013/11/04","176.8300","85476660.0000","176.6900","176.9000","175.9825"
"2013/11/01","176.2100","139761000.0000","176.0200","176.6100","175.2200"
"2013/10/31","175.7900","133361400.0000","176.1500","176.8900","175.5300"
"2013/10/30","176.2900","139619700.0000","177.3800","177.5100","175.6600"
"2013/10/29","177.1700","87242650.0000","176.6300","177.2400","176.3800"
"2013/10/28","176.2300","84621650.0000","175.8900","176.4700","175.7000"
"2013/10/25","175.9500","93506930.0000","175.5100","176.0000","175.1700"
"2013/10/24","175.1500","70084910.0000","174.9200","175.3700","174.5100"
"2013/10/23","174.5700","105301400.0000","174.8100","174.8900","173.9600"
"2013/10/22","175.4100","126518800.0000","174.9100","175.9300","174.4262"
"2013/10/21","174.4000","104017700.0000","174.4500","174.7500","174.0100"
"2013/10/18","174.3880","138224500.0000","173.8600","174.5100","173.5100"
"2013/10/17","173.2200","128904200.0000","171.3700","173.3200","171.3400"
"2013/10/16","172.0700","160972100.0000","170.7200","172.1600","170.6350"
"2013/10/15","169.7000","153895800.0000","170.5100","171.1500","169.4700"
"2013/10/14","170.9400","111805000.0000","169.2100","171.0800","169.0800"
"2013/10/11","170.2600","104957000.0000","168.9100","170.3200","168.7700"
"2013/10/10","169.1700","192484200.0000","167.2900","169.2600","167.2300"
"2013/10/09","165.6000","168208700.0000","165.8000","166.2000","164.5300"
"2013/10/08","165.4800","176584600.0000","167.4000","167.6200","165.3600"
"2013/10/07","167.4300","96034440.0000","167.4200","168.4500","167.2500"
"2013/10/04","168.8900","96846070.0000","167.7500","169.0600","167.5300"
"2013/10/03","167.6200","176530200.0000","168.7900","168.9400","166.8400"
"2013/10/02","169.1800","112796700.0000","168.3500","169.3422","167.8300"
"2013/10/01","169.3400","125658900.0000","168.1400","169.5000","167.9671"
"2013/09/30","168.0100","143590600.0000","167.4800","168.5400","167.1500"
"2013/09/27","168.9090","98708380.0000","168.8400","169.1400","168.4700"
"2013/09/26","169.6900","77002020.0000","169.3200","170.1700","169.0500"
"2013/09/25","169.0400","117189500.0000","169.6400","169.9800","168.8900"
"2013/09/24","169.5300","101010600.0000","169.9000","170.5300","169.2100"
"2013/09/23","169.9300","104516600.0000","170.4900","170.6500","169.3900"
"2013/09/20","170.7200","132405500.0000","172.3300","172.3300","170.5800"
"2013/09/19","172.7600","146407400.0000","173.5200","173.6000","172.5850"
"2013/09/18","173.0510","203004600.0000","171.0100","173.5200","170.5800"
"2013/09/17","171.0700","82139260.0000","170.4600","171.1100","170.4600"
"2013/09/16","170.3100","126097900.0000","171.1600","171.2400","170.0400"
"2013/09/13","169.3300","72463420.0000","169.1300","169.4600","168.7400"
"2013/09/12","168.9500","83098160.0000","169.3400","169.5600","168.7200"
"2013/09/11","169.4000","94282020.0000","168.6400","169.4000","168.3500"
"2013/09/10","168.8700","103397000.0000","168.6400","168.9000","168.2600"
"2013/09/09","167.6340","83392980.0000","166.4500","167.7300","166.4500"
"2013/09/06","166.0400","159614800.0000","166.5100","166.9800","164.4800"
"2013/09/05","165.9600","62943600.0000","165.8500","166.4000","165.7300"
"2013/09/04","165.7500","95206890.0000","164.4300","166.0300","164.1350"
"2013/09/03","164.3900","142322800.0000","165.2300","165.5800","163.7000"
"2013/08/30","163.6500","134571600.0000","164.5100","164.5300","163.1700"
"2013/08/29","164.1700","118861100.0000","163.5500","165.0400","163.4000"
"2013/08/28","163.9100","107694100.0000","163.2600","164.4900","163.0500"
"2013/08/27","163.3300","158281400.0000","164.3600","166.0024","163.2100"
"2013/08/26","166.0000","89475710.0000","166.7900","167.3000","165.8900"
"2013/08/23","166.6200","90870320.0000","166.5500","166.8300","165.7700"
"2013/08/22","166.0600","101368100.0000","164.9000","166.3000","164.8900"
"2013/08/21","164.5600","159319100.0000","165.1200","166.0300","164.1900"
"2013/08/20","165.5800","89217020.0000","165.0400","166.2000","164.8600"
"2013/08/19","164.7700","96318880.0000","165.6400","166.2100","164.7600"
"2013/08/16","165.8300","130567900.0000","166.0600","166.6300","165.5000"
"2013/08/15","166.3800","152034400.0000","167.4100","167.4300","166.0900"
"2013/08/14","168.7400","79472280.0000","169.5300","169.8000","168.7000"
"2013/08/13","169.6100","80643640.0000","169.4100","169.9000","168.4100"
"2013/08/12","169.1110","68436540.0000","168.4600","169.3100","168.3800"
"2013/08/09","169.3100","91764770.0000","169.5800","170.1000","168.7200"
"2013/08/08","169.8000","101933800.0000","169.9800","170.1800","168.9300"
"2013/08/07","169.1800","84595660.0000","169.1900","169.4300","168.5500"
"2013/08/06","169.7300","87329520.0000","170.3700","170.7402","169.3500"
"2013/08/05","170.7000","53756740.0000","170.5700","170.9600","170.3500"
"2013/08/02","170.9500","91001090.0000","170.2800","170.9725","170.0500"
"2013/08/01","170.6600","110180200.0000","169.9900","170.8100","169.9000"
"2013/07/31","168.7100","142300900.0000","168.9400","169.8500","168.4900"
"2013/07/30","168.5880","85104340.0000","169.1000","169.2800","168.1900"
"2013/07/29","168.5900","79697560.0000","168.6800","169.0600","168.1100"
"2013/07/26","169.1100","107675400.0000","168.2200","169.1600","167.5200"
"2013/07/25","168.9300","111054400.0000","168.2200","169.0800","167.9400"
"2013/07/24","168.5200","112777900.0000","169.7900","169.8600","168.1800"
"2013/07/23","169.1400","80259720.0000","169.8000","169.8300","169.0500"
"2013/07/22","169.5000","79303210.0000","169.4100","169.7400","169.0100"
"2013/07/19","169.1700","103697200.0000","168.5200","169.2300","168.3100"
"2013/07/18","168.8700","103941100.0000","168.3100","169.2700","168.2000"
"2013/07/17","167.9501","91745390.0000","168.1600","168.4800","167.7300"
"2013/07/16","167.5250","87040310.0000","168.2600","168.3600","167.0700"
"2013/07/15","168.1550","69378040.0000","167.9700","168.3900","167.6800"
"2013/07/12","167.5100","102135100.0000","167.3900","167.9332","167.1300"
"2013/07/11","167.4400","135455000.0000","167.1100","167.6100","165.1774"
"2013/07/10","165.1920","120163000.0000","164.9700","165.7500","164.6300"
"2013/07/09","165.1300","119185700.0000","164.9800","165.3300","164.2700"
"2013/07/08","163.9450","106769100.0000","163.8600","164.3900","163.5800"
"2013/07/05","163.0200","122308200.0000","162.4700","163.0800","161.3000"
"2013/07/03","161.2800","75216340.0000","160.4800","161.7700","160.2200"
"2013/07/02","161.2100","144717800.0000","161.1200","162.3000","160.5000"
"2013/07/01","161.3600","131502600.0000","161.2600","162.4800","161.0800"
"2013/06/28","160.4200","156611200.0000","160.6300","161.4000","159.8600"
"2013/06/27","161.0800","129356900.0000","161.1000","161.8200","160.9500"
"2013/06/26","160.1400","134678800.0000","159.8700","160.5000","159.2500"
"2013/06/25","158.5750","161955400.0000","158.4800","160.1000","157.4200"
"2013/06/24","157.0600","221810000.0000","157.4100","158.4300","155.7300"
"2013/06/21","159.0700","270455000.0000","159.6400","159.7600","157.4700"
"2013/06/20","159.4000","320545400.0000","161.8600","163.4668","158.9800"
"2013/06/19","163.4500","205854900.0000","165.6000","165.8900","163.3800"
"2013/06/18","165.7350","114527700.0000","164.5300","165.9900","164.5200"
"2013/06/17","164.4400","136042500.0000","164.2900","165.2200","163.2192"
"2013/06/14","163.1750","141003300.0000","164.0300","164.6700","162.9100"
"2013/06/13","164.2100","163116700.0000","161.6600","164.5000","161.3000"
"2013/06/12","161.7500","176948100.0000","164.2200","164.3900","161.6000"
"2013/06/11","163.0980","159367900.0000","163.3000","164.5400","162.7390"
"2013/06/10","164.8000","102479900.0000","165.3100","165.4000","164.3700"
"2013/06/07","164.8000","185733300.0000","163.8500","164.9500","163.1400"
"2013/06/06","162.7300","200028000.0000","161.2000","162.7400","160.2500"
"2013/06/05","161.2720","211143000.0000","163.0900","163.4200","161.1300"
"2013/06/04","163.5600","157443600.0000","164.4400","165.1000","162.7300"
"2013/06/03","164.3500","167951300.0000","163.8300","164.4600","162.6599"
"2013/05/31","163.4450","176211800.0000","165.3700","166.3100","163.1300"
"2013/05/30","165.8300","106431300.0000","165.3500","166.5900","165.2200"
"2013/05/29","165.2200","160156600.0000","165.4200","165.8000","164.3400"
"2013/05/28","166.3000","143326100.0000","167.0400","167.7800","165.8100"
"2013/05/24","165.3080","151486500.0000","164.4700","165.3805","163.9800"
"2013/05/23","165.4500","210748700.0000","164.1600","165.9100","163.9400"
"2013/05/22","165.9300","243596300.0000","167.3400","169.0700","165.1700"
"2013/05/21","167.1700","95640640.0000","167.0800","167.8000","166.5000"
"2013/05/20","166.9300","84994240.0000","166.7800","167.5800","166.6100"
"2013/05/17","166.9400","129667800.0000","165.9500","167.0400","165.7300"
"2013/05/16","165.3400","109760300.0000","165.7800","166.3600","165.0900"
"2013/05/15","166.1150","120578600.0000","164.9600","166.4500","164.9100"
"2013/05/14","165.2300","118616400.0000","163.6700","165.3500","163.6700"
"2013/05/13","163.5400","81678130.0000","163.2000","163.8100","162.8200"
"2013/05/10","163.4100","103035000.0000","162.9900","163.5498","162.5100"
"2013/05/09","162.8810","106533000.0000","163.2700","163.7000","162.4700"
"2013/05/08","163.3400","96924850.0000","162.4200","163.3900","162.3300"
"2013/05/07","162.5999","89907260.0000","162.1300","162.6500","161.6700"
"2013/05/06","161.7800","66700110.0000","161.4900","162.0100","161.4200"
"2013/05/03","161.3680","143975800.0000","161.1400","161.8800","159.7820"
"2013/05/02","159.7500","96313320.0000","158.6800","159.8900","158.5300"
"2013/05/01","158.2800","138694300.0000","159.3300","159.4100","158.1000"
"2013/04/30","159.6800","115807700.0000","159.2700","159.7200","158.6100"
"2013/04/29","159.3000","88453810.0000","158.6700","159.6500","158.4200"
"2013/04/26","158.2400","95840090.0000","158.3300","158.6000","157.7300"
"2013/04/25","158.5200","130813800.0000","158.3400","159.2700","158.1000"
"2013/04/24","157.8800","95014120.0000","157.8300","158.3000","157.5400"
"2013/04/23","157.7800","165716500.0000","156.9500","157.9300","156.1700"
"2013/04/22","156.1700","106455900.0000","155.7800","156.5400","154.7500"
"2013/04/19","155.4800","149492400.0000","154.5000","155.5500","154.1200"
"2013/04/18","154.1400","167319200.0000","155.3700","155.4100","153.5500"
"2013/04/17","155.1100","226469200.0000","156.2900","156.3200","154.2800"
"2013/04/16","157.4100","147189400.0000","156.2900","157.4900","155.9100"
"2013/04/15","155.1180","215943500.0000","158.0000","158.1300","155.1000"
"2013/04/12","158.8000","116108400.0000","158.6800","159.0400","157.9200"
"2013/04/11","159.1900","110007900.0000","158.7000","159.7100","158.5400"
"2013/04/10","158.6700","135060300.0000","157.1700","158.8700","157.1300"
"2013/04/09","156.7500","100747200.0000","156.5000","157.3200","155.9800"
"2013/04/08","156.2100","86391690.0000","155.2700","156.2200","154.7500"
"2013/04/05","155.1580","159552500.0000","153.9500","155.3500","153.7700"
"2013/04/04","155.8600","131778000.0000","155.4300","156.1700","155.0900"
"2013/04/03","155.2300","153842000.0000","156.9100","157.0300","154.8200"
"2013/04/02","156.8200","101325400.0000","156.6100","157.2100","156.3700"
"2013/04/01","156.0500","99128670.0000","156.5900","156.9100","155.6700"
"2013/03/28","156.6700","102741800.0000","156.0900","156.8500","155.7500"
"2013/03/27","156.1900","99850270.0000","155.2600","156.2450","155.0000"
"2013/03/26","156.1900","86199850.0000","155.5900","156.2300","155.4200"
"2013/03/25","154.9500","151100300.0000","156.0100","156.2700","154.3500"
"2013/03/22","155.6000","111033600.0000","154.8500","155.6000","154.7300"
"2013/03/21","154.3590","128391900.0000","154.7600","155.6389","154.1000"
"2013/03/20","155.6900","113606700.0000","155.5200","155.9500","155.2600"
"2013/03/19","154.6100","167138900.0000","155.3000","155.5100","153.5900"
"2013/03/18","154.9700","126541100.0000","154.3400","155.6400","154.2000"
"2013/03/15","155.8300","138387500.0000","155.8500","156.0400","155.3100"
"2013/03/14","156.7300","125805300.0000","156.3100","156.8000","155.9078"
"2013/03/13","155.9050","92235660.0000","155.7600","156.1200","155.2300"
"2013/03/12","155.6800","105659900.0000","155.9200","156.1000","155.2100"
"2013/03/11","156.0300","83295090.0000","155.3250","156.0400","155.1300"
"2013/03/08","155.4400","123443600.0000","155.4600","155.6500","154.6600"
"2013/03/07","154.7760","85609670.0000","154.7000","154.9800","154.5200"
"2013/03/06","154.5000","94324850.0000","154.8400","154.9200","154.1600"
"2013/03/05","154.2900","121362700.0000","153.6600","154.7000","153.6400"
"2013/03/04","152.9200","97326850.0000","151.7600","152.9200","151.5200"
"2013/03/01","152.1100","170601500.0000","151.0900","152.3400","150.4100"
"2013/02/28","151.6100","123943000.0000","151.9000","152.8700","151.4100"
"2013/02/27","151.9100","146018400.0000","149.8900","152.3300","149.7600"
"2013/02/26","150.0200","186261600.0000","149.7200","150.2000","148.7300"
"2013/02/25","149.0000","237231600.0000","152.6300","152.8600","149.0000"
"2013/02/22","151.8900","106182800.0000","151.1500","151.8900","150.4913"
"2013/02/21","150.4200","181241600.0000","150.9600","151.4218","149.9400"
"2013/02/20","151.3400","160276600.0000","153.1400","153.1900","151.2600"
"2013/02/19","153.2500","95040860.0000","152.3700","153.2800","152.1629"
"2013/02/15","152.1100","207905700.0000","152.4300","152.5900","151.5500"
"2013/02/14","152.2900","80238140.0000","151.6900","152.4700","151.5200"
"2013/02/13","152.1510","82208140.0000","152.3300","152.6100","151.7200"
"2013/02/12","152.0200","65294900.0000","151.7800","152.3000","151.6100"
"2013/02/11","151.7700","73657420.0000","151.7400","151.9000","151.3938"
"2013/02/08","151.8000","99038790.0000","151.2200","151.8900","151.2200"
"2013/02/07","150.9600","162368300.0000","151.2050","151.3500","149.8600"
"2013/02/06","151.1600","138603300.0000","150.5200","151.2600","150.4100"
"2013/02/05","151.0500","113809800.0000","150.3500","151.4800","150.2900"
"2013/02/04","149.5350","158846000.0000","150.3200","151.2679","149.4300"
"2013/02/01","151.2400","130970600.0000","150.6500","151.4200","150.3900"
"2013/01/31","149.7000","108420400.0000","149.8900","150.3800","149.6000"
"2013/01/30","150.0700","137272900.0000","150.6400","150.9400","149.9300"
"2013/01/29","150.6600","105583100.0000","149.7700","150.8500","149.6700"
"2013/01/28","150.0700","113188900.0000","150.2900","150.3300","149.5100"
"2013/01/25","150.2500","147134700.0000","149.8800","150.2500","149.3726"
"2013/01/24","149.4100","146135100.0000","149.1500","150.1400","149.0100"
"2013/01/23","149.3700","103845800.0000","149.1300","149.5000","148.8600"
"2013/01/22","149.1300","111655500.0000","148.3300","149.1300","147.9800"
"2013/01/18","148.3300","169624700.0000","147.9700","148.4900","147.4300"
"2013/01/17","148.0000","133440000.0000","147.7000","148.4200","147.1446"
"2013/01/16","147.0500","104738300.0000","146.7700","147.2800","146.6100"
"2013/01/15","147.0700","93112030.0000","146.2900","147.2100","146.2000"
"2013/01/14","146.9700","89485000.0000","146.8900","147.0700","146.4300"
"2013/01/11","147.0700","113872700.0000","147.0400","147.1500","146.6100"
"2013/01/10","147.0800","130476700.0000","146.7300","147.0900","145.9700"
"2013/01/09","145.9200","90549270.0000","145.8700","146.3200","145.6400"
"2013/01/08","145.5496","121122400.0000","145.7100","145.9100","144.9800"
"2013/01/07","145.9695","108835600.0000","145.8500","146.4442","145.4300"
"2013/01/04","146.3700","116733500.0000","145.9700","146.6100","145.6700"
"2013/01/03","145.7341","144662700.0000","145.9900","146.3700","145.3400"
"2013/01/02","146.0600","191654500.0000","145.1100","146.1500","144.7300"
"2012/12/31","142.4100","243245200.0000","139.6600","142.5600","139.5400"
"2012/12/28","140.0300","147242200.0000","140.6400","141.4200","139.8700"
"2012/12/27","141.5616","167642200.0000","141.7900","142.0800","139.9200"
"2012/12/26","141.7500","105874900.0000","142.6400","142.7100","141.3500"
"2012/12/24","142.3500","53874550.0000","142.4800","142.5600","142.1900"
"2012/12/21","142.7900","244856800.0000","142.1700","144.0881","141.9400"
"2012/12/20","145.1200","167745600.0000","144.3800","145.1400","143.9800"
"2012/12/19","144.2900","150584100.0000","145.5300","145.5800","144.2400"
"2012/12/18","145.3700","177439600.0000","144.0000","145.5000","143.7900"
"2012/12/17","143.7700","141103400.0000","142.4700","143.8500","142.4300"
"2012/12/14","142.1051","137567300.0000","142.3200","142.5800","141.8800"
"2012/12/13","142.6300","134955200.0000","143.4200","143.8300","142.2750"
"2012/12/12","143.5100","146713100.0000","144.0000","144.5500","143.3100"
"2012/12/11","143.4400","152237700.0000","143.0600","144.1100","142.9900"
"2012/12/10","142.4730","98322940.0000","142.2100","142.8100","142.1500"
"2012/12/07","142.4150","108557900.0000","142.5300","142.6900","141.6700"
"2012/12/06","141.9800","97551100.0000","141.3700","142.0400","141.1600"
"2012/12/05","141.5000","147051900.0000","141.3700","142.1600","140.3700"
"2012/12/04","141.2500","126605500.0000","141.4400","141.8700","140.8700"
"2012/12/03","141.4500","124366800.0000","142.8000","142.9200","141.3400"
"2012/11/30","142.1550","135979000.0000","142.1400","142.4200","141.6600"
"2012/11/29","142.1200","150637600.0000","141.9900","142.5100","141.3700"
"2012/11/28","141.4600","176211000.0000","139.7600","141.5400","139.0000"
"2012/11/27","140.3300","127721800.0000","140.9100","141.3900","140.2400"
"2012/11/26","141.0500","98114700.0000","140.6500","141.3563","140.1900"
"2012/11/23","141.3500","65409150.0000","140.1300","141.4000","140.0400"
"2012/11/21","139.4500","81529320.0000","139.3100","139.5700","139.0300"
"2012/11/20","139.1900","119380600.0000","138.9100","139.4200","138.0800"
"2012/11/19","139.1300","150573800.0000","137.9000","139.1500","136.4057"
"2012/11/16","136.3700","239288900.0000","135.9000","136.6400","134.7000"
"2012/11/15","135.7000","177905200.0000","135.9800","136.4901","135.1800"
"2012/11/14","135.9299","190230900.0000","138.2100","138.4300","135.6200"
"2012/11/13","137.7900","122785900.0000","137.5400","139.2500","137.3600"
