2014/11/25,81.53,670900.00,81.76,81.76,81.42
2014/11/26,81.67,489600.00,81.57,81.69,81.41
2014/11/28,81.53,302600.00,81.57,81.86,81.41
2014/12/01,81.00,760400.00,81.27,81.33,80.84
2014/12/02,81.54,681800.00,81.04,81.59,81.04
2014/12/03,81.95,785600.00,81.59,82.03,81.59
2014/12/04,81.75,756300.00,81.80,81.98,81.36
2014/12/05,81.90,523100.00,81.80,81.99,81.69
2014/12/08,81.33,623200.00,81.74,81.94,81.12
2014/12/09,81.26,978200.00,80.66,81.30,80.44
2014/12/10,79.97,705000.00,81.08,81.26,79.85
2014/12/11,80.42,697600.00,80.23,81.10,80.18
2014/12/12,79.18,1154200.00,79.95,80.32,79.15
2014/12/15,78.78,1405000.00,79.61,79.80,78.48
2014/12/16,78.51,1400900.00,78.52,80.11,78.49
2014/12/17,79.91,1375400.00,78.74,80.02,78.63
2014/12/18,81.16,1620600.00,80.57,81.16,80.03
2014/12/19,81.27,1224900.00,81.29,81.53,80.99
2014/12/22,81.95,1046500.00,81.42,81.97,81.42
2014/12/23,82.31,1123800.00,82.29,82.44,82.13
2014/12/24,82.16,676900.00,82.42,82.44,82.16
2014/12/26,82.29,650300.00,82.33,82.53,82.27
2014/12/29,82.28,772900.00,82.23,82.36,82.13
2014/12/30,81.96,828900.00,82.11,82.21,81.92
2014/12/31,81.16,765900.00,82.03,82.23,81.16
2015/1/02,81.02,1010400.00,81.34,81.60,80.50
2015/1/05,79.72,1383900.00,80.61,80.78,79.54
2015/1/06,79.02,1265900.00,79.85,80.06,78.60
2015/1/07,80.05,975700.00,79.64,80.15,79.39
2015/1/08,81.44,1216900.00,80.63,81.48,80.63
2015/1/09,80.76,793200.00,81.51,81.51,80.54
2015/1/12,80.18,666800.00,80.82,80.82,79.96
2015/1/13,79.99,940600.00,80.71,81.21,79.43
2015/1/14,79.49,1007700.00,79.03,79.60,78.67
2015/1/15,79.15,784200.00,79.86,80.08,79.07
2015/1/16,80.02,987200.00,79.03,80.14,78.86
2015/1/20,80.02,989000.00,80.28,80.37,79.27
2015/1/21,80.31,1750300.00,79.84,80.48,79.55
2015/1/22,81.45,1008000.00,80.69,81.51,80.05
2015/1/23,80.95,870300.00,81.34,81.42,80.89
2015/1/26,81.18,932000.00,80.94,81.18,80.53
2015/1/27,80.37,1296300.00,80.45,80.80,79.83
2015/1/28,79.28,1032200.00,80.66,80.72,79.20
2015/1/29,79.72,977100.00,79.33,79.81,78.53
2015/1/30,78.42,1537800.00,79.07,79.43,78.36
2015/2/02,79.48,905400.00,78.59,79.56,77.96
2015/2/03,80.76,775900.00,79.82,80.80,79.82
2015/2/04,80.38,719800.00,80.44,80.88,80.19
2015/2/05,81.21,800300.00,80.69,81.24,80.66
2015/2/06,80.98,962800.00,81.34,81.54,80.76
2015/2/09,80.56,542300.00,80.78,81.10,80.33
2015/2/10,81.40,668400.00,81.12,81.50,80.60
2015/2/11,81.43,655900.00,81.34,81.65,81.03
2015/2/12,81.91,1247100.00,81.74,81.94,81.48
2015/2/13,82.39,764700.00,81.99,82.39,81.94
2015/2/17,82.50,606600.00,82.29,82.60,82.01
2015/2/18,82.57,582800.00,82.32,82.63,82.24
2015/2/19,82.40,933000.00,82.21,82.59,82.07
2015/2/20,82.84,659500.00,82.24,82.87,81.82
2015/2/23,82.73,1143700.00,82.70,82.80,82.51
2015/2/24,83.04,751200.00,82.76,83.13,82.59
2015/2/25,82.98,1009100.00,83.04,83.18,82.83
2015/2/26,82.88,747500.00,82.93,83.01,82.64
2015/2/27,82.80,599700.00,82.89,83.06,82.79
2015/3/02,83.22,662600.00,82.83,83.28,82.80
2015/3/03,82.68,1159800.00,83.04,83.13,82.35
2015/3/04,82.20,716400.00,82.51,82.52,81.90
2015/3/05,82.43,656400.00,82.35,82.49,82.15
2015/3/06,81.27,963300.00,82.12,82.12,81.09
2015/3/09,81.76,673500.00,81.31,81.93,81.31
2015/3/10,80.53,1135200.00,81.22,81.25,80.51
2015/3/11,80.29,812100.00,80.65,80.65,80.23
2015/3/12,81.30,926200.00,80.57,81.34,80.57
2015/3/13,80.64,834900.00,81.22,81.22,80.16
2015/3/16,81.75,767400.00,80.94,81.75,80.94
2015/3/17,81.28,922900.00,81.46,81.47,81.05
2015/3/18,82.05,806400.00,81.08,82.36,80.44
2015/3/19,81.61,816400.00,81.86,81.90,81.36
2015/3/20,82.22,783400.00,82.00,82.55,81.90
2015/3/23,81.72,564500.00,81.73,82.05,81.70
2015/3/24,81.37,713100.00,81.70,81.95,81.36
2015/3/25,80.17,695500.00,81.39,81.53,80.15
2015/3/26,80.01,986600.00,79.90,80.36,79.54
2015/3/27,80.26,655900.00,79.92,80.35,79.91
2015/3/30,81.24,1164900.00,80.60,81.37,80.60
2015/3/31,80.47,816900.00,80.90,81.23,80.47
2015/4/01,80.24,1707000.00,80.59,80.68,79.80
2015/4/02,80.44,661000.00,80.24,80.73,80.13
2015/4/06,81.11,778900.00,80.11,81.33,80.02
2015/4/07,80.83,700400.00,81.10,81.37,80.83
2015/4/08,81.07,958700.00,80.91,81.20,80.66
2015/4/09,81.42,581900.00,80.99,81.52,80.83
2015/4/10,81.60,708600.00,81.58,81.72,81.31
2015/4/13,81.24,785900.00,81.54,81.84,81.20
2015/4/14,81.27,656200.00,81.17,81.40,80.76
2015/4/15,81.40,660600.00,81.47,81.78,81.32
2015/4/16,81.15,607100.00,81.20,81.42,81.06
2015/4/17,80.19,829800.00,80.75,80.76,79.86
2015/4/20,81.03,602600.00,80.61,81.18,80.54
2015/4/21,80.98,1179000.00,81.31,81.43,80.85
2015/4/22,81.35,606000.00,81.15,81.44,80.71
2015/4/23,81.37,627300.00,81.04,81.62,80.95
2015/4/24,81.59,537100.00,81.41,81.67,81.24
2015/4/27,81.36,714600.00,81.74,81.78,81.24
2015/4/28,81.55,468000.00,81.12,81.59,80.81
2015/4/29,81.08,716000.00,81.18,81.33,80.75
2015/4/30,80.30,765600.00,80.87,81.02,80.03
2015/5/01,81.16,818600.00,80.59,81.20,80.59
2015/5/04,81.36,591100.00,81.28,81.68,81.27
2015/5/05,80.53,772500.00,81.22,81.40,80.40
2015/5/06,80.31,939100.00,80.78,80.90,79.90
2015/5/07,80.72,700500.00,80.26,80.92,80.26
2015/5/08,81.65,561500.00,81.42,81.90,81.27
2015/5/11,81.35,503800.00,81.57,81.81,81.33
2015/5/12,81.16,475100.00,81.01,81.41,80.69
2015/5/13,81.18,658500.00,81.38,81.67,81.09
2015/5/14,82.08,700700.00,81.59,82.14,81.52
2015/5/15,82.29,579600.00,82.14,82.29,81.96
2015/5/18,82.44,497500.00,82.22,82.55,82.12
2015/5/19,82.32,537400.00,82.45,82.50,82.14
2015/5/20,82.14,701900.00,82.32,82.47,82.12
2015/5/21,82.31,485900.00,82.10,82.45,81.96
2015/5/22,81.93,544100.00,82.08,82.19,81.91
2015/5/26,81.16,710300.00,81.68,81.76,80.92
2015/5/27,81.86,630500.00,81.21,81.97,81.21
2015/5/28,81.74,400600.00,81.76,81.84,81.46
2015/5/29,81.07,508100.00,81.74,81.74,80.99
2015/6/01,81.19,1032000.00,81.36,81.55,80.83
2015/6/02,81.12,466900.00,80.99,81.43,80.71
2015/6/03,81.35,740700.00,81.23,81.66,81.16
2015/6/04,80.56,558100.00,81.06,81.29,80.47
2015/6/05,80.22,513700.00,80.47,80.51,80.02
2015/6/08,79.79,571500.00,80.23,80.25,79.79
2015/6/09,79.83,519200.00,79.87,80.07,79.65
2015/6/10,80.80,577100.00,80.15,80.99,80.15
2015/6/11,81.11,556000.00,80.99,81.22,80.95
2015/6/12,80.57,680700.00,80.81,80.87,80.47
2015/6/15,80.00,661600.00,80.09,80.23,79.65
2015/6/16,80.51,594200.00,80.00,80.55,79.95
2015/6/17,80.73,716900.00,80.60,80.92,80.17
2015/6/18,81.63,582000.00,80.93,81.90,80.93
2015/6/19,81.26,446500.00,81.54,81.68,81.25
2015/6/22,81.59,558700.00,81.70,81.91,81.54
2015/6/23,81.46,433300.00,81.60,81.75,81.29
2015/6/24,80.75,543200.00,81.34,81.36,80.75
2015/6/25,80.42,471600.00,81.00,81.02,80.41
2015/6/26,80.09,502400.00,80.07,80.41,79.93
2015/6/29,78.57,938700.00,79.48,79.80,78.52
2015/6/30,78.58,785200.00,79.19,79.20,78.42
2015/7/01,79.35,597900.00,79.36,79.51,78.98
2015/7/02,79.29,746400.00,79.66,79.66,79.10
2015/7/06,79.09,762700.00,78.76,79.45,78.67
2015/7/07,79.83,902500.00,79.18,79.89,78.38
2015/7/08,78.73,627400.00,79.23,79.44,78.65
2015/7/09,78.90,532800.00,79.51,79.81,78.89
2015/7/10,79.75,823600.00,79.63,79.93,79.48
2015/7/13,80.58,497100.00,80.29,80.65,80.28
2015/7/14,80.77,538700.00,80.54,80.87,80.51
2015/7/15,80.62,452000.00,80.73,80.80,80.48
2015/7/16,81.08,625700.00,80.85,81.10,80.84
2015/7/17,80.76,424600.00,80.84,80.97,80.62
2015/7/20,80.84,390900.00,80.86,80.98,80.68
2015/7/21,80.19,478400.00,80.58,80.69,80.00
2015/7/22,80.01,457700.00,79.95,80.31,79.84
2015/7/23,79.64,487400.00,79.94,80.06,79.47
2015/7/24,79.03,750500.00,79.54,79.65,78.93
2015/7/27,78.61,901800.00,78.69,78.80,78.45
2015/7/28,79.51,745400.00,78.91,79.61,78.66
2015/7/29,80.29,568100.00,79.53,80.39,79.53
2015/7/30,80.29,748500.00,79.98,80.38,79.82
2015/7/31,80.28,470900.00,80.53,80.54,80.20
2015/8/03,80.15,691700.00,80.31,80.32,79.76
2015/8/04,80.12,572200.00,80.07,80.43,79.91
2015/8/05,80.68,474000.00,80.50,80.93,80.50
2015/8/06,79.97,637000.00,80.68,80.74,79.84
2015/8/07,79.66,817600.00,79.82,79.86,79.34
2015/8/10,80.44,401200.00,80.11,80.52,80.08
2015/8/11,79.80,534900.00,79.89,80.05,79.48
2015/8/12,79.81,594100.00,79.29,79.90,78.67
2015/8/13,79.72,438100.00,79.86,80.06,79.56
2015/8/14,80.03,419500.00,79.61,80.08,79.61
2015/8/17,80.41,410200.00,79.85,80.44,79.51
2015/8/18,80.26,367300.00,80.30,80.47,80.15
2015/8/19,79.62,444500.00,79.97,80.20,79.25
2015/8/20,78.42,678500.00,79.02,79.21,78.39
2015/8/21,76.15,2332400.00,77.85,77.94,76.15
2015/8/24,72.87,5621100.00,71.74,75.47,47.70
2015/8/25,72.31,1794100.00,75.49,75.50,72.31
2015/8/26,74.79,2051200.00,73.03,74.89,72.72
2015/8/27,76.22,1147600.00,75.66,76.40,74.85
2015/8/28,76.14,1138300.00,75.93,76.29,75.68
2015/8/31,75.57,1395200.00,75.77,76.01,75.37
2015/9/01,73.63,1105900.00,74.19,74.51,73.30
2015/9/02,74.83,1332000.00,74.36,74.84,73.97
2015/9/03,75.03,744700.00,75.19,75.72,74.79
2015/9/04,73.93,804900.00,74.12,74.33,73.60
2015/9/08,75.70,935800.00,75.04,75.72,74.84
2015/9/09,74.66,629300.00,76.31,76.37,74.49
2015/9/10,74.73,794200.00,74.54,75.29,74.33
2015/9/11,75.06,724800.00,74.53,75.06,74.30
2015/9/14,74.64,1273400.00,75.10,75.10,74.51
2015/9/15,75.57,491600.00,74.79,75.76,74.74
2015/9/16,76.10,622700.00,75.65,76.21,75.56
2015/9/17,76.06,692500.00,76.07,77.08,75.87
2015/9/18,74.78,741200.00,75.01,75.58,74.61
2015/9/21,75.26,714100.00,75.09,75.66,74.83
2015/9/22,74.39,824700.00,74.30,74.50,73.93
2015/9/23,73.70,630400.00,73.97,74.02,73.40
2015/9/24,73.55,930200.00,73.14,73.72,72.73
2015/9/25,73.72,693300.00,74.19,74.50,73.43
2015/9/28,72.42,1584700.00,73.35,73.47,72.32
2015/9/29,72.67,1100700.00,72.53,72.99,72.29
2015/9/30,73.74,1271000.00,73.39,73.80,73.04
2015/10/01,73.72,648700.00,73.82,73.96,72.92
2015/10/02,74.73,772600.00,72.85,74.74,72.73
2015/10/05,76.10,931300.00,75.21,76.18,75.04
2015/10/06,75.76,602100.00,76.15,76.18,75.56
2015/10/07,76.28,698100.00,76.03,76.47,75.70
2015/10/08,77.24,847200.00,76.12,77.32,76.08
2015/10/09,77.38,559100.00,77.24,77.57,77.16
2015/10/12,77.45,428200.00,77.33,77.54,77.26
2015/10/13,76.81,533400.00,77.19,77.38,76.75
2015/10/14,76.20,556900.00,76.77,77.07,76.12
2015/10/15,76.98,524500.00,76.52,76.98,76.18
2015/10/16,77.31,643100.00,77.07,77.32,76.84
2015/10/19,77.32,587300.00,77.15,77.32,77.00
2015/10/20,77.23,1081200.00,77.11,77.40,76.97
2015/10/21,77.13,548800.00,77.37,77.70,77.03
2015/10/22,78.65,581100.00,77.43,78.81,77.43
2015/10/23,79.09,560300.00,79.30,79.32,78.70
2015/10/26,79.00,544700.00,79.00,79.17,78.89
2015/10/27,78.76,518100.00,78.78,78.93,78.57
2015/10/28,79.18,460300.00,78.81,79.18,78.25
2015/10/29,79.15,427300.00,78.99,79.27,78.80
2015/10/30,78.71,462100.00,79.11,79.19,78.69
2015/11/02,79.35,756800.00,78.90,79.41,78.75
2015/11/03,79.58,705500.00,79.24,79.82,79.04
2015/11/04,79.37,548000.00,79.72,79.89,79.24
2015/11/05,79.14,431400.00,79.38,79.41,78.78
2015/11/06,78.92,497500.00,78.92,79.02,78.37
2015/11/09,78.19,603500.00,78.69,78.69,77.75
2015/11/10,78.37,595600.00,78.06,78.39,77.96
2015/11/11,78.06,600300.00,78.51,78.53,78.06
2015/11/12,77.03,636400.00,77.70,77.74,76.99
2015/11/13,76.35,706400.00,76.73,76.91,76.32
2015/11/16,77.61,906700.00,76.32,77.64,76.32
2015/11/17,77.64,679700.00,77.88,78.23,77.49
2015/11/18,78.52,537300.00,77.80,78.59,77.66
2015/11/19,78.63,647200.00,78.52,78.83,78.51
2015/11/20,78.94,652900.00,79.04,79.37,78.81
2015/11/23,79.02,620700.00,79.03,79.26,78.86
2015/11/24,79.19,745800.00,78.65,79.37,78.51
2015/11/25,79.23,686500.00,79.21,79.37,79.12
2015/11/27,79.39,417300.00,79.25,79.49,79.07
2015/11/30,78.92,722800.00,79.49,79.50,78.91
2015/12/01,79.51,908400.00,79.17,79.58,79.02
2015/12/02,78.98,1077800.00,79.60,79.64,78.88
2015/12/03,78.18,941400.00,79.17,79.17,77.83
2015/12/04,79.58,934000.00,78.21,79.68,78.21
2015/12/07,79.37,831900.00,79.38,79.56,78.98
2015/12/08,78.73,855500.00,78.71,79.12,78.44
2015/12/09,78.05,884600.00,78.38,79.26,77.71
2015/12/10,78.14,859500.00,78.10,78.63,77.99
2015/12/11,77.03,1206800.00,77.37,77.64,76.88
2015/12/14,77.48,1125800.00,77.04,77.49,76.50
2015/12/15,77.86,1212100.00,77.92,78.25,77.70
2015/12/16,79.02,1146600.00,78.26,79.16,78.00
2015/12/17,77.91,1061000.00,79.15,79.15,77.90
2015/12/18,76.60,1266700.00,77.71,77.72,76.60
2015/12/21,77.25,1159900.00,76.97,77.28,76.68
2015/12/22,78.23,1240500.00,77.57,78.36,77.33
2015/12/23,78.53,1018500.00,78.16,78.58,78.05
2015/12/24,78.39,429600.00,78.45,78.65,78.31
2015/12/28,78.27,925500.00,78.20,78.32,77.88
2015/12/29,79.03,1416400.00,78.67,79.18,78.65
2015/12/30,78.61,1136000.00,78.99,79.03,78.54
2015/12/31,77.76,1175100.00,78.40,78.50,77.75
2016/1/04,76.72,1743700.00,76.53,76.83,75.88
2016/1/05,76.97,1244100.00,76.81,77.12,76.53
2016/1/06,76.04,1301000.00,76.01,76.41,75.64
2016/1/07,74.64,1817400.00,74.86,75.66,74.44
2016/1/08,73.87,1720100.00,75.01,75.10,73.73
2016/1/11,74.03,1797200.00,74.18,74.42,73.25
2016/1/12,74.65,1553700.00,74.55,74.80,73.82
2016/1/13,73.25,2506400.00,74.89,75.00,73.09
2016/1/14,73.93,1454400.00,73.46,74.41,72.94
2016/1/15,72.62,2784500.00,72.32,72.90,71.88
2016/1/19,72.85,2218500.00,73.27,73.39,72.33
2016/1/20,72.10,2613000.00,71.84,72.61,70.54
2016/1/21,72.47,1406900.00,72.28,73.09,71.75
2016/1/22,73.62,1192700.00,73.42,73.77,73.24
2016/1/25,72.88,1459800.00,73.45,73.63,72.78
2016/1/26,73.94,1045600.00,73.05,74.02,72.96
2016/1/27,73.63,1025600.00,73.84,74.69,73.23
2016/1/28,73.92,970700.00,73.92,74.20,73.35
2016/1/29,75.98,1319100.00,74.39,76.00,74.39
2016/2/01,75.96,1564600.00,75.28,76.29,75.20
2016/2/02,74.81,961700.00,75.34,75.36,74.59
2016/2/03,75.16,1434500.00,75.21,75.39,73.97
2016/2/04,75.37,1468600.00,75.01,75.73,74.81
2016/2/05,74.50,1078100.00,75.24,75.35,74.20
2016/2/08,73.98,1574800.00,73.86,74.18,73.09
2016/2/09,74.20,1322600.00,73.34,74.66,73.28
2016/2/10,73.97,1169200.00,74.53,75.05,73.93
2016/2/11,73.00,1513000.00,73.04,73.42,72.42
2016/2/12,74.33,1679100.00,73.57,74.33,73.44
2016/2/16,75.35,1069900.00,75.03,75.42,74.61
2016/2/17,76.30,1090100.00,75.77,76.47,75.69
2016/2/18,76.27,1063900.00,76.27,76.51,76.06
2016/2/19,76.26,1829600.00,75.96,76.32,75.68
2016/2/22,77.19,1197500.00,76.83,77.33,76.76
2016/2/23,76.49,1352600.00,76.97,77.05,76.37
2016/2/24,77.00,1452800.00,75.90,77.09,75.64
2016/2/25,77.91,1098800.00,77.19,77.92,76.84
2016/2/26,77.42,1165500.00,78.20,78.20,77.32
2016/2/29,76.84,734500.00,77.44,77.82,76.83
2016/3/01,78.08,1264100.00,77.19,78.12,77.04
2016/3/02,78.24,922800.00,77.94,78.25,77.71
2016/3/03,78.49,1037600.00,78.13,78.53,77.80
2016/3/04,78.87,1106400.00,78.49,79.10,78.28
2016/3/07,78.91,925700.00,78.53,79.08,78.47
2016/3/08,78.62,3073200.00,78.55,79.09,78.37
2016/3/09,78.90,1141900.00,78.87,79.08,78.68
2016/3/10,78.84,1303500.00,79.06,79.39,78.06
2016/3/11,79.76,1096600.00,79.34,79.79,79.34
2016/3/14,79.68,674700.00,79.53,79.87,79.51
2016/3/15,79.60,2243500.00,79.31,79.60,79.06
2016/3/16,80.06,2762100.00,79.41,80.24,79.28
2016/3/17,80.88,1658800.00,80.12,81.04,80.07
2016/3/18,81.08,1125600.00,81.06,81.20,80.89
2016/3/21,80.64,889300.00,80.61,80.77,80.36
2016/3/22,80.55,2115000.00,80.39,80.74,80.20
2016/3/23,80.31,1394700.00,80.34,80.55,80.20
2016/3/24,80.20,1120900.00,79.94,80.20,79.81
2016/3/28,80.33,1234000.00,80.36,80.53,80.14
2016/3/29,81.16,1460200.00,80.23,81.18,80.16
2016/3/30,81.55,1089000.00,81.44,81.73,81.35
2016/3/31,81.25,882400.00,81.52,81.58,81.13
2016/4/01,81.89,1068700.00,80.91,81.92,80.79
2016/4/04,81.47,692300.00,81.84,81.92,81.34
2016/4/05,80.86,922200.00,81.10,81.27,80.76
2016/4/06,81.39,851600.00,80.82,81.43,80.69
2016/4/07,80.68,955000.00,81.06,81.32,80.38
2016/4/08,80.96,1012100.00,81.10,81.30,80.73
2016/4/11,80.63,921700.00,81.10,81.42,80.62
2016/4/12,81.25,856500.00,80.72,81.38,80.59
2016/4/13,81.70,1006700.00,81.59,81.75,81.29
2016/4/14,81.59,894700.00,81.75,81.83,81.54
2016/4/15,81.84,900400.00,81.57,81.87,81.54
2016/4/18,82.25,711400.00,81.72,82.28,81.62
2016/4/19,82.56,1377000.00,82.51,82.64,82.29
2016/4/20,82.26,796800.00,82.55,82.65,82.15
2016/4/21,81.52,784600.00,82.30,82.31,81.45
2016/4/22,81.58,658600.00,81.50,81.63,81.20
2016/4/25,81.59,644300.00,81.36,81.59,81.25
2016/4/26,81.83,650900.00,81.72,82.01,81.62
2016/4/27,82.18,829100.00,81.82,82.36,81.71
2016/4/28,81.41,849700.00,81.59,82.13,81.23
2016/4/29,80.98,690800.00,81.15,81.16,80.61
2016/5/02,81.72,613400.00,81.15,81.78,81.02
2016/5/03,81.26,849000.00,81.29,81.47,80.89
2016/5/04,81.11,731600.00,80.91,81.31,80.78
2016/5/05,81.06,735700.00,81.15,81.34,80.92
2016/5/06,81.32,807600.00,80.82,81.34,80.63
2016/5/09,81.54,613600.00,81.32,81.76,81.30
2016/5/10,82.38,656800.00,81.78,82.41,81.67
2016/5/11,81.60,636200.00,82.19,82.23,81.60
2016/5/12,81.99,580400.00,81.96,82.20,81.55
2016/5/13,81.17,686000.00,81.88,81.93,81.01
2016/5/16,81.92,518300.00,81.23,82.10,81.13
2016/5/17,80.90,650400.00,81.79,81.91,80.67
2016/5/18,80.63,1094400.00,80.70,81.21,80.17
2016/5/19,80.46,579300.00,80.38,80.55,79.98
2016/5/20,80.65,626700.00,80.63,80.96,80.53
2016/5/23,80.50,539300.00,80.78,80.79,80.46
2016/5/24,81.47,498600.00,80.86,81.64,80.76
2016/5/25,81.71,476600.00,81.73,81.91,81.60
2016/5/26,81.76,399500.00,81.76,81.91,81.65
2016/5/27,81.96,479400.00,81.83,81.99,81.74
2016/5/31,81.75,595900.00,82.11,82.11,81.47
2016/6/01,82.03,670000.00,81.50,82.06,81.47
2016/6/02,82.23,417100.00,81.86,82.23,81.70
2016/6/03,82.22,613400.00,82.10,82.31,81.75
2016/6/06,82.45,516800.00,82.34,82.58,82.16
2016/6/07,82.59,506000.00,82.59,82.86,82.56
2016/6/08,83.05,525000.00,82.58,83.10,82.57
2016/6/09,83.16,497600.00,82.83,83.22,82.82
2016/6/10,82.81,616800.00,82.70,82.99,82.53
2016/6/13,82.20,562700.00,82.56,82.79,82.16
2016/6/14,82.23,654800.00,82.03,82.28,81.69
2016/6/15,82.00,524500.00,82.38,82.48,81.93
2016/6/16,82.33,663600.00,81.70,82.39,81.38
2016/6/17,82.03,676200.00,82.27,82.27,81.64
2016/6/20,82.58,621900.00,82.74,83.14,82.54
2016/6/21,82.27,781200.00,82.24,82.48,82.17
2016/6/22,82.13,714200.00,82.34,82.55,82.10
2016/6/23,82.95,525300.00,82.72,82.99,82.57
2016/6/24,80.53,2333900.00,80.65,81.80,80.44
2016/6/27,79.46,1976400.00,80.09,80.09,79.06
2016/6/28,80.55,1327200.00,80.25,80.58,79.88
2016/6/29,81.81,996900.00,81.19,81.89,81.14
2016/6/30,83.24,982700.00,81.96,83.26,81.92
2016/7/01,83.29,754200.00,83.28,83.57,83.15
2016/7/05,83.01,605500.00,83.08,83.27,82.80
2016/7/06,83.33,959600.00,82.86,83.37,82.57
2016/7/07,83.30,680700.00,83.46,83.73,83.05
2016/7/08,84.49,617600.00,83.82,84.54,83.77
2016/7/11,84.75,741600.00,84.66,84.95,84.53
2016/7/12,85.01,867100.00,84.98,85.19,84.90
2016/7/13,85.23,678000.00,85.16,85.28,84.96
2016/7/14,85.56,599800.00,85.69,85.82,85.43
2016/7/15,85.39,502300.00,85.79,85.80,85.21
2016/7/18,85.39,516900.00,85.48,85.56,85.24
2016/7/19,85.42,575000.00,85.35,85.47,85.17
2016/7/20,85.72,546900.00,85.74,85.91,85.61
2016/7/21,85.23,464400.00,85.66,85.66,85.03
2016/7/22,85.58,609800.00,85.33,85.60,85.17
2016/7/25,85.46,653800.00,85.51,85.51,85.11
2016/7/26,85.60,528300.00,85.43,85.73,85.17
2016/7/27,84.96,677400.00,85.52,85.52,84.62
2016/7/28,85.09,645200.00,84.89,85.19,84.68
2016/7/29,85.15,481600.00,85.01,85.32,84.84
2016/8/01,85.15,859600.00,85.12,85.38,84.89
2016/8/02,84.92,619100.00,85.15,85.37,84.61
2016/8/03,84.87,588600.00,84.91,84.94,84.61
2016/8/04,85.06,503700.00,84.95,85.15,84.85
2016/8/05,85.63,437800.00,85.36,85.65,85.29
2016/8/08,85.53,427900.00,85.74,85.74,85.42
2016/8/09,85.57,531100.00,85.60,85.80,85.46
2016/8/10,85.62,698500.00,85.65,85.69,85.44
2016/8/11,85.99,607900.00,85.88,86.09,85.70
2016/8/12,85.98,908100.00,85.97,86.04,85.79
2016/8/15,86.12,409000.00,86.11,86.31,86.09
2016/8/16,85.51,503300.00,85.98,86.01,85.49
2016/8/17,85.50,665200.00,85.44,85.54,85.01
2016/8/18,85.68,405900.00,85.51,85.68,85.44
2016/8/19,85.77,492000.00,85.45,85.80,85.35
2016/8/22,85.76,589400.00,85.72,85.90,85.53
2016/8/23,85.86,493500.00,86.03,86.21,85.86
2016/8/24,85.57,502600.00,85.76,85.80,85.42
2016/8/25,85.39,585100.00,85.47,85.68,85.32
2016/8/26,85.14,767300.00,85.54,85.88,84.83
2016/8/29,85.58,553600.00,85.28,85.66,85.25
2016/8/30,85.30,477800.00,85.57,85.70,85.11
2016/8/31,85.16,555100.00,85.25,85.25,84.84
2016/9/01,85.20,688300.00,85.10,85.24,84.67
2016/9/02,85.65,843400.00,85.48,85.79,85.37
2016/9/06,85.68,496100.00,85.75,85.89,85.33
2016/9/07,85.40,531100.00,85.56,85.63,85.19
2016/9/08,85.00,786300.00,85.25,85.29,84.89
2016/9/09,82.88,1066600.00,84.55,84.55,82.88
2016/9/12,84.00,1136400.00,82.65,84.15,82.60
2016/9/13,82.51,1071600.00,83.13,83.21,82.32
2016/9/14,82.33,949600.00,82.58,82.85,82.10
2016/9/15,83.02,698100.00,82.25,83.17,82.12
2016/9/16,82.73,598100.00,82.87,82.87,82.39
2016/9/19,82.90,907700.00,83.01,83.37,82.78
2016/9/20,82.99,629500.00,83.26,83.41,82.97
2016/9/21,83.97,723800.00,83.29,84.04,83.01
2016/9/22,84.48,667100.00,84.36,84.60,84.30
2016/9/23,83.97,418900.00,84.26,84.28,83.97
2016/9/26,83.32,998800.00,83.70,83.70,83.24
2016/9/27,83.89,537100.00,83.35,83.95,83.25
2016/9/28,84.00,561700.00,84.00,84.03,83.54
2016/9/29,83.31,674200.00,84.00,84.11,83.19
2016/9/30,83.93,557900.00,83.69,84.20,83.59
2016/10/03,83.64,630500.00,83.75,83.78,83.45
2016/10/04,83.06,1018700.00,83.75,83.78,82.81
2016/10/05,83.19,565800.00,83.23,83.40,83.10
2016/10/06,83.32,720700.00,83.11,83.36,82.86
2016/10/07,82.96,597200.00,83.34,83.43,82.60
2016/10/10,83.14,976100.00,83.21,83.52,83.11
2016/10/11,82.11,719900.00,82.99,83.06,81.79
2016/10/12,82.45,587800.00,82.20,82.63,82.06
2016/10/13,82.34,724700.00,82.01,82.59,81.70
2016/10/14,82.32,510900.00,82.60,82.85,82.32
2016/10/17,82.07,586100.00,82.33,82.41,82.03
2016/10/18,82.20,470700.00,82.52,82.68,82.14
2016/10/19,82.12,524300.00,82.25,82.25,81.91
2016/10/20,82.02,502700.00,82.09,82.29,81.77
2016/10/21,82.30,444700.00,82.09,82.39,81.83
2016/10/24,82.73,580800.00,82.62,82.89,82.62
2016/10/25,82.55,584300.00,82.66,82.69,82.42
2016/10/26,82.49,844600.00,82.39,82.78,82.28
2016/10/27,82.13,667500.00,82.72,82.73,82.06
2016/10/28,82.13,661800.00,82.15,82.57,81.81
2016/10/31,82.31,704600.00,82.24,82.49,82.13
2016/11/01,81.73,980200.00,82.47,82.47,81.33
2016/11/02,81.69,603700.00,81.61,82.04,81.60
2016/11/03,81.41,1022000.00,81.76,81.90,81.24
2016/11/04,81.28,722400.00,81.50,81.76,81.24
2016/11/07,82.78,1172500.00,82.23,82.80,82.20
2016/11/08,82.97,4635200.00,82.35,83.23,82.34
2016/11/09,83.62,1463100.00,82.00,83.86,82.00
2016/11/10,83.66,1095600.00,83.89,84.00,83.25
2016/11/11,83.62,667000.00,83.46,83.71,83.22
2016/11/14,83.72,1038300.00,83.84,83.90,83.52
2016/11/15,84.02,729400.00,83.88,84.03,83.56
2016/11/16,84.06,608400.00,83.96,84.14,83.85
2016/11/17,84.36,533300.00,84.13,84.39,83.94
2016/11/18,84.27,1090300.00,84.35,84.40,84.12
2016/11/21,84.71,737700.00,84.45,84.73,84.41
2016/11/22,84.78,811500.00,84.71,84.85,84.48
2016/11/23,84.84,1090600.00,84.61,84.91,84.61
2016/11/25,85.29,367900.00,84.99,85.29,84.99
2016/11/28,85.05,644700.00,85.20,85.30,84.96
2016/11/29,85.30,930900.00,85.15,85.45,85.04
2016/11/30,84.76,905700.00,85.43,85.43,84.76
2016/12/01,84.52,754400.00,84.90,84.93,84.32
2016/12/02,84.70,863000.00,84.65,84.87,84.55
2016/12/05,85.05,625500.00,85.00,85.18,84.88
2016/12/06,85.18,567800.00,85.14,85.20,84.88
2016/12/07,86.24,970900.00,85.18,86.27,85.06
2016/12/08,86.17,814900.00,86.26,86.38,86.02
2016/12/09,86.78,633700.00,86.27,86.78,86.24
2016/12/12,86.82,872900.00,86.64,86.86,86.53
2016/12/13,87.18,1039500.00,87.07,87.34,86.99
2016/12/14,86.28,991700.00,87.18,87.39,86.16
2016/12/15,86.50,929400.00,86.37,86.85,86.13
2016/12/16,86.43,814400.00,86.69,86.84,86.34
2016/12/19,86.77,801100.00,86.52,86.87,86.52
2016/12/20,86.92,2103300.00,86.92,86.96,86.72
2016/12/21,86.61,697600.00,86.90,86.90,86.61
2016/12/22,85.86,730200.00,86.05,86.05,85.70
2016/12/23,85.84,617300.00,85.84,85.88,85.73
2016/12/27,85.97,617000.00,85.87,86.19,85.87
2016/12/28,85.35,848800.00,86.10,86.13,85.32
2016/12/29,85.52,957900.00,85.44,85.63,85.35
2016/12/30,85.18,1032600.00,85.65,85.73,84.93
2017/1/03,85.47,1019600.00,85.55,85.67,85.11
2017/1/04,85.85,782000.00,85.63,85.96,85.55
2017/1/05,85.72,682400.00,85.74,85.83,85.58
2017/1/06,86.15,711700.00,85.75,86.31,85.47
2017/1/09,85.73,791700.00,86.09,86.15,85.72
2017/1/10,85.76,597100.00,85.73,86.07,85.61
2017/1/11,85.96,807600.00,85.73,85.99,85.52
2017/1/12,85.83,2779800.00,85.83,85.92,85.29
2017/1/13,85.96,784300.00,85.84,86.02,85.84
2017/1/17,86.12,832800.00,85.83,86.24,85.81
2017/1/18,86.22,728000.00,86.20,86.29,85.99
2017/1/19,86.09,662400.00,86.39,86.49,85.86
2017/1/20,86.25,887100.00,86.35,86.59,85.94
2017/1/23,86.20,703100.00,86.18,86.30,85.88
2017/1/24,86.72,760000.00,86.26,86.85,86.20
2017/1/25,87.17,821000.00,87.03,87.21,86.87
2017/1/26,86.98,931700.00,87.10,87.19,86.89
2017/1/27,87.03,614500.00,87.05,87.14,86.92
2017/1/30,86.73,1028600.00,86.79,86.83,86.36
2017/1/31,86.68,820100.00,86.53,86.69,86.27
2017/2/01,86.23,724100.00,86.48,86.64,86.03
2017/2/02,86.34,684800.00,86.16,86.47,86.02
2017/2/03,86.95,585400.00,86.64,87.01,86.61
2017/2/06,86.80,689700.00,86.87,86.99,86.69
2017/2/07,87.02,711300.00,87.00,87.12,86.86
2017/2/08,87.15,597300.00,87.01,87.20,86.91
2017/2/09,87.61,637700.00,87.28,87.75,87.18
2017/2/10,88.06,703200.00,87.70,88.16,87.65
2017/2/13,88.46,715200.00,88.32,88.55,88.24
2017/2/14,88.71,677800.00,88.33,88.71,88.24
2017/2/15,89.20,705200.00,88.62,89.27,88.50
2017/2/16,89.43,845100.00,89.21,89.44,89.01
2017/2/17,89.77,595200.00,89.22,89.77,89.22
2017/2/21,90.26,1038400.00,89.84,90.37,89.83
2017/2/22,90.31,759800.00,90.14,90.35,90.08
2017/2/23,90.43,615200.00,90.51,90.58,90.19
2017/2/24,90.78,645200.00,90.19,90.79,90.15
2017/2/27,90.77,693200.00,90.68,90.81,90.54
2017/2/28,90.43,616300.00,90.51,90.59,90.32
2017/3/01,91.49,1085800.00,91.03,91.68,91.00
2017/3/02,91.16,675300.00,91.41,91.45,91.11
2017/3/03,90.97,619000.00,91.06,91.09,90.70
2017/3/06,90.73,888500.00,90.61,90.87,90.55
2017/3/07,90.58,780100.00,90.60,90.85,90.40
2017/3/08,90.50,1869300.00,90.64,90.83,90.45
2017/3/09,90.47,590800.00,90.56,90.65,90.24
2017/3/10,90.87,813200.00,90.88,90.96,90.51
2017/3/13,90.97,489600.00,90.89,90.98,90.67
2017/3/14,90.70,574900.00,90.79,90.86,90.52
2017/3/15,91.49,628600.00,90.87,91.65,90.82
2017/3/16,91.16,803100.00,91.48,91.52,90.97
2017/3/17,91.44,708400.00,91.35,91.62,91.22
2017/3/20,91.12,529600.00,91.44,91.44,91.01
2017/3/21,90.20,897500.00,91.31,91.42,90.12
2017/3/22,90.39,1339300.00,90.20,90.45,89.90
2017/3/23,90.20,706400.00,90.26,90.71,90.05
2017/3/24,90.02,962100.00,90.25,90.52,89.75
2017/3/27,89.92,915000.00,89.46,90.02,89.30
2017/3/28,90.41,992100.00,89.78,90.63,89.67
2017/3/29,89.95,565600.00,89.94,90.03,89.68
2017/3/30,90.11,568300.00,89.91,90.24,89.82
2017/3/31,89.94,527000.00,90.01,90.25,89.86
2017/4/03,89.65,606700.00,90.00,90.11,89.26
2017/4/04,89.65,729100.00,89.63,89.69,89.42
2017/4/05,89.30,762900.00,89.86,90.25,89.21
2017/4/06,89.47,624900.00,89.30,89.70,89.22
2017/4/07,89.55,1944000.00,89.51,89.82,89.35
2017/4/10,89.66,536800.00,89.65,89.94,89.37
2017/4/11,89.66,625100.00,89.48,89.66,89.05
2017/4/12,89.24,538100.00,89.54,89.57,89.15
2017/4/13,88.73,586800.00,89.07,89.32,88.73
2017/4/17,89.51,514100.00,88.95,89.51,88.82
2017/4/18,89.29,575100.00,89.13,89.38,89.00
2017/4/19,89.28,507900.00,89.56,89.63,89.17
2017/4/20,90.09,501200.00,89.57,90.27,89.54
2017/4/21,90.10,614200.00,90.03,90.22,89.91
2017/4/24,91.09,630000.00,91.05,91.19,90.88
2017/4/25,91.49,601700.00,91.30,91.64,91.21
2017/4/26,91.54,525700.00,91.54,91.89,91.47
2017/4/27,91.87,452300.00,91.71,92.00,91.63
2017/4/28,91.49,568400.00,91.91,91.91,91.36
2017/5/01,91.37,605600.00,91.62,91.68,91.21
2017/5/02,91.25,568300.00,91.44,91.47,91.11
2017/5/03,91.06,769900.00,91.11,91.19,90.79
2017/5/04,91.56,577600.00,91.27,91.56,91.16
2017/5/05,91.84,521000.00,91.68,91.84,91.44
2017/5/08,91.50,1428500.00,91.83,91.86,91.44
2017/5/09,91.49,545500.00,91.59,91.66,91.31
2017/5/10,91.51,454900.00,91.41,91.55,91.30
2017/5/11,91.38,528400.00,91.25,91.40,90.84
2017/5/12,91.12,398000.00,91.27,91.35,91.03
2017/5/15,91.55,435000.00,91.21,91.62,91.20
2017/5/16,91.45,475400.00,91.59,91.69,91.23
2017/5/17,90.15,992400.00,90.81,90.98,90.11
2017/5/18,90.30,841500.00,90.04,90.73,89.90
2017/5/19,90.82,434100.00,90.48,91.09,90.41
2017/5/22,91.45,778600.00,91.06,91.53,91.05
2017/5/23,91.61,441800.00,91.57,91.72,91.42
2017/5/24,91.67,540400.00,91.60,91.71,91.47
2017/5/25,92.40,499100.00,91.94,92.55,91.84
2017/5/26,92.51,503300.00,92.46,92.60,92.37
2017/5/30,92.60,568100.00,92.41,92.69,92.32
2017/5/31,92.93,403600.00,92.79,92.99,92.60
2017/6/01,93.67,614800.00,93.14,93.67,92.99
2017/6/02,94.09,616000.00,93.78,94.22,93.69
2017/6/05,93.92,415900.00,94.09,94.15,93.90
2017/6/06,93.39,763600.00,93.65,93.80,93.34
2017/6/07,93.52,372400.00,93.50,93.60,93.24
2017/6/08,93.57,359000.00,93.54,93.76,93.35
2017/6/09,93.75,481600.00,93.64,93.93,93.28
2017/6/12,93.82,467200.00,93.71,93.83,93.50
2017/6/13,94.29,1150400.00,93.91,94.30,93.81
2017/6/14,94.40,420400.00,94.45,94.53,94.04
2017/6/15,94.21,529400.00,93.84,94.28,93.65
2017/6/16,93.85,570900.00,94.05,94.05,93.27
2017/6/19,94.39,483500.00,94.11,94.42,93.97
2017/6/20,93.69,601500.00,94.30,94.37,93.65
2017/6/21,92.91,558400.00,93.28,93.30,92.82
2017/6/22,92.54,484400.00,92.82,92.86,92.50
2017/6/23,92.67,443200.00,92.60,92.84,92.41
2017/6/26,92.83,535100.00,92.99,93.15,92.79
2017/6/27,92.24,846200.00,92.80,92.85,92.24
2017/6/28,92.91,658500.00,92.63,93.07,92.56
2017/6/29,92.09,529700.00,93.04,93.06,91.61
2017/6/30,92.67,456300.00,92.46,92.97,92.45
2017/7/03,92.88,278600.00,92.99,93.25,92.86
2017/7/05,92.94,477600.00,92.95,93.07,92.75
2017/7/06,92.19,475800.00,92.75,92.75,92.11
2017/7/07,92.84,393300.00,92.42,92.93,92.33
2017/7/10,92.61,381400.00,92.82,92.83,92.58
2017/7/11,92.37,398100.00,92.53,92.58,91.98
2017/7/12,93.01,646800.00,92.76,93.19,92.74
2017/7/13,93.03,413700.00,93.10,93.14,92.82
2017/7/14,93.49,472800.00,93.16,93.64,93.10
2017/7/17,93.42,471600.00,93.47,93.57,93.28
2017/7/18,93.36,536000.00,93.25,93.38,93.04
2017/7/19,93.63,562500.00,93.42,93.63,93.33
2017/7/20,93.68,421000.00,93.73,93.74,93.33
2017/7/21,93.70,344400.00,93.48,93.70,93.34
2017/7/24,93.40,448900.00,93.57,93.60,93.28
2017/7/25,93.69,758400.00,93.59,93.74,93.40
2017/7/26,93.31,658100.00,93.75,93.76,93.20
2017/7/27,93.00,809500.00,93.30,93.34,92.64
2017/7/28,93.21,492600.00,92.96,93.25,92.82
2017/7/31,93.35,568200.00,93.37,93.54,93.28
2017/8/01,93.49,513700.00,93.59,93.60,93.27
2017/8/02,93.41,501000.00,93.37,93.42,93.10
2017/8/03,93.36,397100.00,93.34,93.40,93.18
2017/8/04,93.47,554700.00,93.58,93.67,93.30
2017/8/07,93.58,377400.00,93.39,93.58,93.39
2017/8/08,93.26,430900.00,93.46,93.72,93.15
2017/8/09,93.39,1251300.00,93.15,93.42,92.98
2017/8/10,92.54,1166500.00,93.16,93.19,92.51
2017/8/11,92.75,468500.00,92.51,93.08,92.51
2017/8/14,93.59,533200.00,93.15,93.63,93.14
2017/8/15,93.35,612700.00,93.71,93.71,93.31
2017/8/16,93.79,515200.00,93.56,93.95,93.55
2017/8/17,92.42,799900.00,93.54,93.66,92.39
2017/8/18,92.03,837400.00,92.29,92.54,92.02
2017/8/21,92.16,556000.00,92.00,92.25,91.69
2017/8/22,92.94,929000.00,92.27,93.00,92.26
2017/8/23,92.30,353900.00,92.50,92.50,92.21
2017/8/24,91.71,462200.00,92.39,92.45,91.69
2017/8/25,92.05,453300.00,92.03,92.37,91.97
2017/8/28,92.04,433700.00,92.22,92.29,91.92
2017/8/29,92.24,613000.00,91.63,92.31,91.60
2017/8/30,92.53,372600.00,92.29,92.67,92.22
2017/8/31,93.01,405800.00,92.78,93.18,92.71
2017/9/01,93.01,517200.00,93.21,93.38,92.98
2017/9/05,92.36,658400.00,92.80,92.91,92.07
2017/9/06,92.54,630200.00,92.56,92.70,92.42
2017/9/07,92.79,523500.00,92.67,92.82,92.40
2017/9/08,93.06,449400.00,92.60,93.18,92.48
2017/9/11,93.90,323900.00,93.45,93.92,93.41
2017/9/12,94.23,397000.00,94.00,94.25,93.87
2017/9/13,94.04,427200.00,94.14,94.18,93.96
2017/9/14,94.18,344300.00,93.84,94.19,93.76
2017/9/15,94.59,405500.00,94.17,94.60,94.15
2017/9/18,94.86,504000.00,94.66,94.93,94.66
2017/9/19,94.81,362900.00,94.97,94.98,94.69
2017/9/20,94.31,477300.00,94.30,94.47,93.82
2017/9/21,93.95,453500.00,94.25,94.34,93.92
2017/9/22,94.10,444900.00,93.90,94.20,93.90
2017/9/25,94.26,604100.00,94.17,94.30,93.85
2017/9/26,94.41,575900.00,94.43,94.58,94.32
2017/9/27,94.55,1463200.00,94.60,94.66,93.99
2017/9/28,94.62,588500.00,94.42,94.67,94.40
2017/9/29,94.79,372200.00,94.58,94.80,94.54
2017/10/02,95.18,413400.00,94.89,95.18,94.77
2017/10/03,95.28,492900.00,95.31,95.35,95.18
2017/10/04,95.43,525400.00,95.12,95.49,95.12
2017/10/05,96.03,493000.00,95.63,96.06,95.51
2017/10/06,95.68,350400.00,95.76,95.97,95.53
2017/10/09,95.27,287400.00,95.70,95.75,95.14
2017/10/10,95.45,399800.00,95.45,95.57,95.26
2017/10/11,95.57,388500.00,95.50,95.60,95.44
2017/10/12,95.99,434600.00,95.49,96.04,95.48
2017/10/13,96.03,491900.00,96.24,96.27,95.97
2017/10/16,96.00,356200.00,96.12,96.16,95.89
2017/10/17,96.09,362800.00,95.97,96.11,95.87
2017/10/18,96.20,405300.00,96.22,96.39,96.06
2017/10/19,96.55,403800.00,95.98,96.55,95.86
2017/10/20,97.21,457600.00,96.97,97.21,96.63
2017/10/23,97.28,407400.00,97.31,97.55,97.18
2017/10/24,97.30,431700.00,97.45,97.58,97.23
2017/10/25,97.16,659200.00,97.17,97.27,96.52
2017/10/26,97.39,395100.00,97.54,97.73,97.28
2017/10/27,97.56,329200.00,97.59,97.74,97.40
2017/10/30,96.82,436200.00,97.36,97.36,96.77
2017/10/31,96.78,519800.00,96.93,97.04,96.73
2017/11/01,96.75,388600.00,96.97,97.10,96.70
2017/11/02,97.10,461000.00,96.83,97.13,96.59
2017/11/03,97.21,424900.00,97.07,97.32,96.86
2017/11/06,96.86,468200.00,97.16,97.16,96.86
2017/11/07,97.07,440700.00,96.93,97.16,96.83
2017/11/08,97.48,360900.00,97.08,97.55,97.02
2017/11/09,97.06,476800.00,97.20,97.31,96.56
2017/11/10,97.10,344100.00,96.84,97.14,96.75
2017/11/13,97.29,421400.00,96.86,97.50,96.82
2017/11/14,97.47,382200.00,97.03,97.48,96.78
2017/11/15,96.79,488800.00,97.08,97.23,96.70
2017/11/16,97.56,490500.00,97.07,97.68,97.04
2017/11/17,97.45,654500.00,97.50,97.70,97.33
2017/11/20,97.76,420500.00,97.54,97.85,97.49
2017/11/21,98.44,479700.00,98.13,98.56,98.00
2017/11/22,98.13,368400.00,98.49,98.69,98.12
