2014/11/25,105.62,648700.00,105.83,106.04,105.47
2014/11/26,105.92,1334300.00,105.66,105.95,105.55
2014/11/28,105.80,261000.00,105.88,106.10,105.64
2014/12/01,104.54,822700.00,105.56,105.56,104.45
2014/12/02,105.11,561100.00,104.58,105.23,104.45
2014/12/03,105.56,693500.00,105.29,105.68,105.06
2014/12/04,105.50,406300.00,105.39,105.76,105.02
2014/12/05,105.53,493400.00,105.64,105.73,105.30
2014/12/08,104.61,614400.00,105.29,105.56,104.23
2014/12/09,104.80,688900.00,103.48,104.87,103.22
2014/12/10,103.16,841000.00,104.57,104.65,102.97
2014/12/11,103.57,797100.00,103.55,104.65,103.38
2014/12/12,102.22,660700.00,102.80,103.45,102.17
2014/12/15,101.49,975800.00,102.70,103.06,101.10
2014/12/16,100.38,989200.00,100.82,102.57,100.33
2014/12/17,102.55,1178800.00,100.69,102.75,100.58
2014/12/18,104.89,1157200.00,103.92,104.89,103.65
2014/12/19,105.40,587900.00,105.11,105.73,104.82
2014/12/22,105.32,544200.00,104.94,105.32,104.81
2014/12/23,105.22,826100.00,105.67,105.67,105.08
2014/12/24,105.30,406300.00,105.46,105.60,105.28
2014/12/26,105.76,403100.00,105.55,106.02,105.33
2014/12/29,105.97,458300.00,105.77,106.10,105.65
2014/12/30,105.29,767400.00,105.76,105.88,105.22
2014/12/31,104.39,581300.00,105.68,105.80,104.29
2015/1/02,104.25,581400.00,104.82,105.08,103.59
2015/1/05,102.43,879200.00,103.66,103.74,102.21
2015/1/06,101.46,1264800.00,102.69,102.80,100.84
2015/1/07,102.73,779400.00,102.26,102.85,102.02
2015/1/08,104.54,913600.00,103.63,104.62,103.55
2015/1/09,103.76,783400.00,104.79,104.79,103.30
2015/1/12,102.84,968500.00,103.92,103.92,102.54
2015/1/13,102.75,871600.00,103.74,104.44,101.94
2015/1/14,102.25,1229300.00,101.58,102.40,101.17
2015/1/15,101.08,749800.00,102.62,102.84,101.01
2015/1/16,102.32,724000.00,101.01,102.45,100.87
2015/1/20,102.79,572800.00,102.69,103.00,101.75
2015/1/21,103.33,552700.00,102.60,103.70,102.30
2015/1/22,104.94,1198500.00,103.85,105.08,103.07
2015/1/23,104.76,911100.00,104.77,105.22,104.57
2015/1/26,105.14,835500.00,104.69,105.21,104.37
2015/1/27,103.87,1128300.00,104.15,104.65,103.41
2015/1/28,102.86,979400.00,104.92,105.08,102.82
2015/1/29,103.81,725600.00,103.08,103.96,102.21
2015/1/30,102.80,973400.00,103.38,104.22,102.72
2015/2/02,103.77,1834600.00,103.23,103.78,101.68
2015/2/03,105.09,823000.00,104.28,105.14,103.89
2015/2/04,104.73,1057500.00,104.63,105.39,104.49
2015/2/05,105.83,605400.00,105.13,105.91,105.04
2015/2/06,105.26,627100.00,106.09,106.20,104.97
2015/2/09,104.82,627900.00,104.90,105.31,104.63
2015/2/10,106.12,780600.00,105.58,106.26,105.04
2015/2/11,106.41,657500.00,105.98,106.63,105.85
2015/2/12,107.46,914800.00,106.86,107.47,106.76
2015/2/13,108.09,658700.00,107.65,108.09,107.49
2015/2/17,108.22,660500.00,107.94,108.34,107.80
2015/2/18,108.46,882300.00,107.97,108.48,107.95
2015/2/19,108.62,601600.00,108.16,108.76,108.16
2015/2/20,109.39,899000.00,108.46,109.41,108.18
2015/2/23,109.45,758800.00,109.24,109.45,109.07
2015/2/24,109.50,660900.00,109.44,109.59,109.11
2015/2/25,109.63,889700.00,109.49,109.99,109.40
2015/2/26,109.63,689900.00,109.60,109.77,109.25
2015/2/27,109.22,802600.00,109.59,109.73,109.22
2015/3/02,110.14,741100.00,109.35,110.21,109.34
2015/3/03,109.72,543500.00,109.98,109.98,109.17
2015/3/04,109.28,747600.00,109.44,109.44,108.72
2015/3/05,109.42,490300.00,109.52,109.67,109.12
2015/3/06,107.94,677500.00,109.08,109.23,107.74
2015/3/09,108.29,583800.00,108.12,108.49,107.90
2015/3/10,106.60,940900.00,107.54,107.54,106.59
2015/3/11,106.20,638800.00,106.76,106.82,106.14
2015/3/12,107.63,736900.00,106.57,107.65,106.57
2015/3/13,106.93,546400.00,107.44,107.70,106.34
2015/3/16,108.40,963200.00,107.35,108.44,107.34
2015/3/17,108.35,506600.00,108.08,108.61,107.86
2015/3/18,109.58,771900.00,108.08,109.97,107.60
2015/3/19,109.50,588600.00,109.37,109.78,109.21
2015/3/20,110.43,668600.00,110.22,110.73,110.01
2015/3/23,110.01,499000.00,110.34,110.50,109.98
2015/3/24,109.52,572200.00,109.99,110.37,109.50
2015/3/25,107.18,562900.00,109.26,109.33,107.15
2015/3/26,107.03,677900.00,106.54,107.53,106.36
2015/3/27,107.28,742900.00,107.00,107.44,106.88
2015/3/30,108.54,636200.00,107.98,108.64,107.98
2015/3/31,104.61,670100.00,108.04,110.14,104.61
2015/4/01,107.15,1707000.00,107.63,107.63,106.50
2015/4/02,107.59,526900.00,107.13,107.78,107.06
2015/4/06,108.25,870100.00,107.06,108.63,106.91
2015/4/07,107.99,623000.00,108.40,108.88,107.97
2015/4/08,108.62,572700.00,108.10,108.82,108.01
2015/4/09,109.02,684000.00,108.70,109.11,108.18
2015/4/10,109.39,819700.00,109.28,109.44,108.91
2015/4/13,108.90,669600.00,109.42,109.81,108.85
2015/4/14,108.87,611900.00,108.84,109.05,108.23
2015/4/15,109.31,521100.00,109.23,109.58,109.07
2015/4/16,109.35,571900.00,109.16,109.66,109.12
2015/4/17,107.92,953000.00,108.72,108.73,107.48
2015/4/20,109.00,589700.00,108.65,109.16,108.45
2015/4/21,109.22,386200.00,109.46,109.60,109.10
2015/4/22,109.78,580300.00,109.55,109.93,108.95
2015/4/23,110.04,1265300.00,109.55,110.47,109.52
2015/4/24,110.21,444600.00,110.45,110.45,110.00
2015/4/27,109.72,1026400.00,110.61,110.78,109.57
2015/4/28,109.43,985600.00,109.80,109.85,108.62
2015/4/29,108.87,1162800.00,109.00,109.41,108.35
2015/4/30,107.55,1127500.00,108.45,108.80,107.05
2015/5/01,108.86,687300.00,108.00,108.89,107.93
2015/5/04,109.02,611200.00,109.24,109.61,108.95
2015/5/05,107.50,1522200.00,108.94,109.09,107.50
2015/5/06,107.25,929000.00,108.03,108.14,106.59
2015/5/07,107.84,807000.00,107.23,108.05,107.05
2015/5/08,109.18,663800.00,108.88,109.38,108.84
2015/5/11,108.68,527500.00,109.11,109.32,108.63
2015/5/12,108.39,442400.00,108.18,108.77,107.57
2015/5/13,108.28,612000.00,108.75,109.05,108.18
2015/5/14,109.56,519900.00,108.91,109.62,108.64
2015/5/15,109.76,443300.00,109.78,109.86,109.40
2015/5/18,110.20,531200.00,109.62,110.35,109.58
2015/5/19,110.06,492600.00,110.32,110.40,109.93
2015/5/20,109.95,496200.00,110.11,110.45,109.65
2015/5/21,110.32,477300.00,109.86,110.44,109.85
2015/5/22,110.30,442300.00,110.16,110.54,110.14
2015/5/26,109.12,656900.00,110.03,110.11,108.83
2015/5/27,110.26,707200.00,109.26,110.37,109.12
2015/5/28,109.97,530300.00,110.11,110.14,109.63
2015/5/29,109.14,525600.00,109.93,109.98,109.02
2015/6/01,109.52,510000.00,109.55,109.80,108.85
2015/6/02,109.44,558900.00,109.19,109.93,108.85
2015/6/03,109.83,818400.00,109.81,110.09,109.43
2015/6/04,108.96,522300.00,109.51,109.75,108.76
2015/6/05,108.86,972000.00,108.79,109.12,108.25
2015/6/08,108.01,885100.00,108.76,108.88,107.91
2015/6/09,107.85,1336000.00,107.97,108.12,107.29
2015/6/10,109.12,598200.00,108.29,109.34,108.13
2015/6/11,109.36,587700.00,109.36,109.66,109.22
2015/6/12,108.67,538500.00,108.92,109.00,108.48
2015/6/15,108.16,912400.00,107.84,108.28,107.44
2015/6/16,108.74,586100.00,108.04,108.80,108.04
2015/6/17,109.01,651200.00,108.98,109.31,108.34
2015/6/18,110.17,656400.00,109.13,110.45,109.13
2015/6/19,109.61,447300.00,110.03,110.08,109.56
2015/6/22,110.10,399300.00,110.13,110.40,109.94
2015/6/23,110.21,460800.00,110.20,110.29,109.93
2015/6/24,109.44,567800.00,110.00,110.35,109.41
2015/6/25,109.14,546500.00,109.82,109.82,109.04
2015/6/26,108.98,711100.00,109.43,109.43,108.62
2015/6/29,106.54,807000.00,108.09,108.46,106.46
2015/6/30,107.05,1133400.00,107.53,107.62,106.66
2015/7/01,107.84,1811800.00,108.04,108.11,107.35
2015/7/02,107.81,907200.00,108.09,108.24,107.47
2015/7/06,107.55,1192800.00,107.00,108.12,106.94
2015/7/07,108.12,1296100.00,107.68,108.27,106.22
2015/7/08,106.23,1191100.00,107.30,107.52,106.09
2015/7/09,106.36,1061100.00,107.29,107.68,106.33
2015/7/10,107.88,970700.00,107.42,108.13,107.25
2015/7/13,109.23,859100.00,108.72,109.32,108.65
2015/7/14,109.84,912900.00,109.32,110.05,109.30
2015/7/15,109.70,705900.00,109.92,110.21,109.46
2015/7/16,110.68,1126600.00,110.40,110.69,110.20
2015/7/17,111.31,763200.00,110.99,111.34,110.87
2015/7/20,111.64,615200.00,111.51,111.92,111.30
2015/7/21,111.33,735400.00,111.73,111.77,111.13
2015/7/22,110.88,598600.00,110.58,111.10,110.44
2015/7/23,110.24,708500.00,111.25,111.25,110.05
2015/7/24,109.21,663000.00,110.56,110.56,109.06
2015/7/27,108.51,929900.00,108.74,109.03,108.28
2015/7/28,109.93,865900.00,109.14,110.04,108.55
2015/7/29,110.52,645500.00,110.02,110.63,109.80
2015/7/30,110.62,622600.00,110.11,110.72,109.63
2015/7/31,110.55,576700.00,110.94,111.03,110.40
2015/8/03,110.17,1676100.00,110.62,110.77,109.56
2015/8/04,109.97,724700.00,110.19,110.46,109.72
2015/8/05,110.34,651800.00,110.38,111.01,110.13
2015/8/06,109.01,987100.00,110.51,110.51,108.46
2015/8/07,108.88,623700.00,108.92,108.99,108.15
2015/8/10,110.10,633500.00,109.72,110.26,109.59
2015/8/11,109.14,598100.00,109.48,109.75,108.67
2015/8/12,109.25,663800.00,108.35,109.46,107.30
2015/8/13,109.19,476100.00,109.32,109.82,108.87
2015/8/14,109.57,439400.00,109.18,109.63,108.97
2015/8/17,110.40,428300.00,109.24,110.40,109.05
2015/8/18,110.08,407900.00,110.30,110.50,109.91
2015/8/19,109.37,571900.00,109.67,110.22,108.81
2015/8/20,106.68,634600.00,108.47,108.73,106.66
2015/8/21,103.11,1447500.00,105.56,106.11,103.11
2015/8/24,99.02,2971800.00,97.52,102.50,93.61
2015/8/25,98.26,2416300.00,100.01,103.21,98.09
2015/8/26,102.20,2044600.00,99.99,102.29,98.74
2015/8/27,104.62,1451600.00,103.22,104.73,102.54
2015/8/28,104.72,988800.00,104.25,105.04,104.04
2015/8/31,103.59,992400.00,104.04,104.67,103.37
2015/9/01,100.66,949700.00,101.05,102.39,100.13
2015/9/02,102.75,802100.00,101.66,102.75,100.96
2015/9/03,102.61,975700.00,103.12,103.89,102.30
2015/9/04,101.32,792200.00,101.59,102.02,100.77
2015/9/08,103.82,936600.00,103.15,103.91,102.57
2015/9/09,102.44,725100.00,104.85,104.85,102.25
2015/9/10,103.12,741700.00,102.24,103.81,102.24
2015/9/11,103.73,478800.00,102.77,103.75,102.45
2015/9/14,103.38,581200.00,103.93,103.95,103.03
2015/9/15,104.56,504600.00,103.68,104.84,103.28
2015/9/16,105.38,476900.00,104.70,105.51,104.38
2015/9/17,105.36,603100.00,105.28,106.93,105.10
2015/9/18,103.93,711400.00,104.02,105.06,103.71
2015/9/21,103.90,794800.00,104.12,104.77,103.23
2015/9/22,102.49,565300.00,102.63,102.83,101.72
2015/9/23,102.34,551500.00,102.63,102.88,102.00
2015/9/24,101.92,785600.00,101.56,102.11,100.60
2015/9/25,101.47,812300.00,102.91,102.91,100.87
2015/9/28,98.40,1400500.00,100.82,101.08,98.17
2015/9/29,98.14,1353200.00,98.71,99.46,97.50
2015/9/30,100.29,1047400.00,99.40,100.33,98.92
2015/10/01,100.71,918100.00,100.45,100.71,99.36
2015/10/02,102.29,796300.00,99.50,102.29,99.09
2015/10/05,103.85,1083800.00,102.97,103.96,102.89
2015/10/06,103.17,727000.00,103.70,103.93,102.56
2015/10/07,103.95,628200.00,103.71,104.09,102.88
2015/10/08,104.80,486700.00,103.75,104.98,103.33
2015/10/09,105.16,455700.00,104.97,105.36,104.67
2015/10/12,105.38,378800.00,105.25,105.50,105.03
2015/10/13,104.55,456800.00,104.89,105.72,104.44
2015/10/14,104.12,393600.00,104.58,105.00,103.91
2015/10/15,105.77,707500.00,104.47,105.79,104.35
2015/10/16,106.14,944500.00,106.05,106.18,105.49
2015/10/19,106.45,480400.00,105.82,106.53,105.66
2015/10/20,106.17,630900.00,106.20,106.71,105.82
2015/10/21,105.43,396800.00,106.47,106.63,105.33
2015/10/22,107.07,560700.00,106.15,107.23,105.92
2015/10/23,108.32,504700.00,108.27,108.57,107.67
2015/10/26,108.30,642600.00,108.20,108.49,107.89
2015/10/27,108.13,419000.00,108.02,108.29,107.66
2015/10/28,109.26,518000.00,108.44,109.32,107.84
2015/10/29,109.61,592400.00,109.04,109.72,108.98
2015/10/30,109.29,684400.00,109.77,109.97,109.25
2015/11/02,110.59,781000.00,109.40,110.64,109.40
2015/11/03,110.81,473800.00,110.53,111.21,110.18
2015/11/04,110.65,563100.00,111.15,111.19,110.25
2015/11/05,110.40,655300.00,110.91,111.00,109.85
2015/11/06,110.29,477300.00,110.14,110.59,109.59
2015/11/09,109.24,572100.00,110.03,110.03,108.57
2015/11/10,109.31,514800.00,108.94,109.38,108.67
2015/11/11,108.91,406700.00,109.67,109.67,108.87
2015/11/12,107.55,577400.00,108.27,108.78,107.55
2015/11/13,105.96,599100.00,107.33,107.36,105.89
2015/11/16,107.39,627600.00,105.67,107.39,105.60
2015/11/17,107.47,938100.00,107.65,108.21,107.18
2015/11/18,109.30,584300.00,107.98,109.40,107.83
2015/11/19,109.23,676400.00,109.36,109.57,109.15
2015/11/20,110.01,483200.00,109.79,110.17,109.71
2015/11/23,109.89,747800.00,110.03,110.45,109.54
2015/11/24,109.95,482700.00,109.37,110.17,108.90
2015/11/25,110.16,550000.00,109.98,110.32,109.92
2015/11/27,110.21,224800.00,110.25,110.32,109.78
2015/11/30,109.45,498200.00,110.31,110.37,109.42
2015/12/01,110.48,687200.00,109.93,110.51,109.76
2015/12/02,109.46,965000.00,110.46,110.66,109.30
2015/12/03,107.72,924800.00,109.68,109.77,107.21
2015/12/04,109.81,759600.00,108.00,109.99,107.99
2015/12/07,109.09,3342000.00,109.67,109.73,108.52
2015/12/08,108.87,636500.00,108.10,109.17,107.93
2015/12/09,107.59,812600.00,108.49,109.35,107.04
2015/12/10,107.89,604500.00,107.75,108.62,107.47
2015/12/11,105.58,771100.00,106.57,106.90,105.43
2015/12/14,106.15,924300.00,105.67,106.15,104.45
2015/12/15,106.88,800500.00,107.11,107.54,106.72
2015/12/16,108.44,928600.00,107.54,108.62,106.90
2015/12/17,106.38,1020300.00,108.32,108.32,106.34
2015/12/18,104.49,842200.00,105.98,106.03,104.47
2015/12/21,105.29,926000.00,105.26,105.39,104.50
2015/12/22,106.10,1142000.00,105.82,106.26,105.31
2015/12/23,107.16,923300.00,106.82,107.19,106.52
2015/12/24,107.03,504400.00,107.04,107.34,106.90
2015/12/28,106.98,582900.00,106.92,106.98,106.23
2015/12/29,108.19,614200.00,107.75,108.40,107.46
2015/12/30,107.44,685500.00,108.10,108.11,107.40
2015/12/31,106.39,612200.00,107.06,107.47,106.38
2016/1/04,104.57,1095800.00,104.59,104.60,103.39
2016/1/05,104.59,1051000.00,104.82,105.02,104.09
2016/1/06,103.44,818200.00,103.07,104.08,102.75
2016/1/07,100.78,1220500.00,101.59,102.67,100.67
2016/1/08,99.84,1126500.00,101.59,101.81,99.67
2016/1/11,99.94,1281700.00,100.37,100.65,98.65
2016/1/12,100.86,773800.00,100.88,101.40,99.57
2016/1/13,97.85,980400.00,101.16,101.39,97.73
2016/1/14,99.36,2202900.00,98.21,100.15,96.79
2016/1/15,97.33,1223900.00,96.86,97.83,96.09
2016/1/19,97.34,1905400.00,98.45,98.60,96.36
2016/1/20,96.61,1750200.00,95.99,97.53,93.62
2016/1/21,97.08,1922400.00,96.84,98.20,95.91
2016/1/22,99.41,2369700.00,98.68,99.51,98.52
2016/1/25,98.09,811300.00,99.25,99.43,97.93
2016/1/26,99.10,690000.00,98.38,99.28,97.86
2016/1/27,97.34,1135800.00,98.76,99.30,96.82
2016/1/28,97.86,887500.00,98.39,98.53,96.79
2016/1/29,100.00,1067100.00,98.00,100.02,97.92
2016/2/01,100.24,1101900.00,99.43,100.71,99.20
2016/2/02,98.48,980200.00,99.68,99.68,98.19
2016/2/03,98.72,1622000.00,99.22,99.22,96.87
2016/2/04,98.80,977600.00,98.51,99.43,97.94
2016/2/05,95.85,1260000.00,98.33,98.33,95.51
2016/2/08,93.99,2567600.00,94.63,94.84,92.53
2016/2/09,94.03,1776500.00,93.00,94.99,92.78
2016/2/10,94.38,1775700.00,94.69,96.04,94.28
2016/2/11,93.55,1755000.00,92.91,94.14,92.47
2016/2/12,95.19,1145400.00,94.61,95.23,93.89
2016/2/16,97.04,1512500.00,96.40,97.09,95.88
2016/2/17,98.97,1493000.00,97.72,99.14,97.71
2016/2/18,98.15,798600.00,99.14,99.15,98.00
2016/2/19,98.43,785900.00,97.71,98.48,97.34
2016/2/22,99.87,616700.00,99.28,99.98,99.28
2016/2/23,98.73,737500.00,99.59,99.87,98.70
2016/2/24,99.35,778200.00,97.73,99.50,97.15
2016/2/25,100.46,598600.00,99.67,100.48,99.03
2016/2/26,100.43,547600.00,101.06,101.10,100.29
2016/2/29,99.60,734300.00,100.43,101.03,99.58
2016/3/01,102.36,734300.00,100.49,102.36,100.15
2016/3/02,102.30,625800.00,102.11,102.39,101.67
2016/3/03,102.63,905000.00,102.25,102.65,101.84
2016/3/04,102.86,633700.00,102.85,103.44,102.28
2016/3/07,102.65,797200.00,102.38,103.03,102.02
2016/3/08,101.58,524900.00,102.06,102.45,101.40
2016/3/09,101.97,646600.00,102.04,102.04,101.37
2016/3/10,102.02,709900.00,102.34,102.95,100.91
2016/3/11,103.85,644500.00,102.93,103.90,102.88
2016/3/14,103.92,518800.00,103.56,104.19,103.55
2016/3/15,103.77,604300.00,103.51,103.80,103.28
2016/3/16,104.49,642500.00,103.50,104.73,103.38
2016/3/17,105.00,1147600.00,104.36,105.30,104.15
2016/3/18,105.43,699500.00,105.37,105.60,105.00
2016/3/21,105.29,1249400.00,104.97,105.44,104.88
2016/3/22,105.38,880400.00,104.87,105.69,104.64
2016/3/23,104.69,1169800.00,105.14,105.24,104.57
2016/3/24,104.72,509400.00,104.23,104.72,104.00
2016/3/28,104.80,546500.00,105.02,105.10,104.56
2016/3/29,106.16,578700.00,104.56,106.16,104.50
2016/3/30,106.57,646400.00,106.65,107.05,106.34
2016/3/31,106.45,426000.00,106.52,106.85,106.32
2016/4/01,107.33,813200.00,105.86,107.44,105.67
2016/4/04,107.06,539700.00,107.37,107.55,106.94
2016/4/05,106.08,870300.00,106.16,106.51,105.91
2016/4/06,107.44,707100.00,106.11,107.49,106.11
2016/4/07,106.18,513700.00,106.93,107.07,105.75
2016/4/08,106.32,465300.00,106.89,107.04,105.98
2016/4/11,105.86,647100.00,106.70,107.05,105.79
2016/4/12,106.73,439900.00,106.02,106.92,105.54
2016/4/13,107.79,599100.00,107.35,107.83,107.21
2016/4/14,107.74,769200.00,107.86,108.06,107.57
2016/4/15,107.60,566600.00,107.75,107.81,107.40
2016/4/18,108.25,607000.00,107.36,108.30,107.26
2016/4/19,108.13,803700.00,108.45,108.49,107.59
2016/4/20,108.06,671900.00,108.16,108.55,107.74
2016/4/21,107.79,559100.00,108.23,108.35,107.59
2016/4/22,107.51,611400.00,107.42,107.75,106.85
2016/4/25,107.40,689700.00,107.14,107.40,106.92
2016/4/26,107.39,437000.00,107.56,107.86,107.10
2016/4/27,107.08,455000.00,106.80,107.32,106.38
2016/4/28,106.12,516200.00,106.82,107.64,105.89
2016/4/29,105.61,581900.00,105.92,106.13,104.93
2016/5/02,106.59,585500.00,105.93,106.72,105.75
2016/5/03,105.78,619900.00,105.97,106.17,105.34
2016/5/04,105.24,594400.00,105.13,105.62,104.96
2016/5/05,105.24,465800.00,105.53,105.70,105.02
2016/5/06,105.66,1557200.00,104.89,105.69,104.67
2016/5/09,106.15,408100.00,105.61,106.43,105.61
2016/5/10,107.41,512000.00,106.52,107.44,106.46
2016/5/11,106.14,676300.00,107.07,107.22,106.14
2016/5/12,106.07,475000.00,106.60,106.73,105.38
2016/5/13,105.34,457600.00,105.91,106.26,105.15
2016/5/16,106.44,533200.00,105.54,106.74,105.38
2016/5/17,105.34,525900.00,106.23,106.46,105.04
2016/5/18,105.32,2654000.00,105.04,105.99,104.59
2016/5/19,104.82,563400.00,104.74,105.02,104.11
2016/5/20,105.66,994300.00,105.18,105.93,105.18
2016/5/23,105.56,401000.00,105.69,105.96,105.50
2016/5/24,107.19,444800.00,105.99,107.35,105.99
2016/5/25,107.68,410900.00,107.47,107.87,107.39
2016/5/26,107.79,367100.00,107.76,107.98,107.63
2016/5/27,108.28,324200.00,107.84,108.29,107.84
2016/5/31,108.24,505400.00,108.49,108.50,107.84
2016/6/01,108.33,423700.00,107.83,108.46,107.75
2016/6/02,108.71,622300.00,108.09,108.72,107.79
2016/6/03,108.45,518400.00,108.53,108.65,107.70
2016/6/06,108.74,436800.00,108.58,108.98,108.36
2016/6/07,108.82,407100.00,108.79,109.19,108.78
2016/6/08,109.20,344600.00,108.97,109.30,108.81
2016/6/09,109.08,356800.00,108.72,109.15,108.72
2016/6/10,107.88,462200.00,108.20,108.25,107.57
2016/6/13,107.15,534800.00,107.60,108.21,107.11
2016/6/14,106.81,421100.00,106.60,107.07,106.14
2016/6/15,106.71,502300.00,106.98,107.38,106.57
2016/6/16,106.88,525100.00,106.13,106.93,105.48
2016/6/17,106.19,481500.00,106.91,106.91,105.81
2016/6/20,106.86,592100.00,107.26,107.79,106.78
2016/6/21,107.02,421200.00,107.16,107.19,106.74
2016/6/22,106.79,3114900.00,107.09,107.57,106.71
2016/6/23,108.06,477300.00,107.62,108.09,107.28
2016/6/24,104.26,1022100.00,104.47,106.08,103.99
2016/6/27,102.32,1776900.00,103.38,103.50,101.87
2016/6/28,104.34,1206200.00,103.37,104.37,103.23
2016/6/29,106.09,591800.00,105.21,106.26,105.21
2016/6/30,107.20,494700.00,106.29,107.21,105.96
2016/7/01,107.64,422600.00,107.13,108.02,107.13
2016/7/05,107.12,622100.00,107.24,107.26,106.66
2016/7/06,107.69,633300.00,106.79,107.79,106.54
2016/7/07,107.88,437500.00,107.82,108.14,107.45
2016/7/08,109.56,441400.00,108.59,109.68,108.47
2016/7/11,109.97,473800.00,109.85,110.33,109.75
2016/7/12,110.59,469200.00,110.49,110.79,110.29
2016/7/13,110.32,404100.00,110.84,110.88,110.25
2016/7/14,110.96,463100.00,111.00,111.17,110.67
2016/7/15,110.75,488300.00,111.28,111.30,110.57
2016/7/18,111.24,401600.00,110.87,111.30,110.75
2016/7/19,111.03,792300.00,110.84,111.08,110.74
2016/7/20,111.64,440700.00,111.18,111.74,111.08
2016/7/21,111.19,414900.00,111.61,111.74,110.87
2016/7/22,111.61,411100.00,111.29,111.74,111.05
2016/7/25,111.53,545200.00,111.63,111.63,111.15
2016/7/26,111.44,428500.00,111.42,111.74,110.96
2016/7/27,111.70,526600.00,111.92,111.98,111.18
2016/7/28,112.13,423500.00,111.70,112.24,111.51
2016/7/29,112.33,468800.00,112.21,112.61,111.87
2016/8/01,112.60,390300.00,112.34,112.92,112.21
2016/8/02,111.73,622000.00,112.48,112.51,111.21
2016/8/03,111.97,552700.00,111.65,112.02,111.51
2016/8/04,112.15,382200.00,112.01,112.35,111.74
2016/8/05,112.84,407100.00,112.44,112.92,112.33
2016/8/08,112.57,503700.00,112.96,112.98,112.46
2016/8/09,112.84,553700.00,112.67,113.14,112.62
2016/8/10,112.63,411800.00,112.87,112.93,112.42
2016/8/11,113.15,379600.00,112.98,113.28,112.74
2016/8/12,113.10,365300.00,112.94,113.22,112.83
2016/8/15,113.46,576000.00,113.30,113.65,113.17
2016/8/16,112.77,375900.00,113.17,113.22,112.75
2016/8/17,112.83,371900.00,112.74,112.89,112.17
2016/8/18,113.01,393900.00,112.84,113.09,112.74
2016/8/19,112.95,371700.00,112.69,113.01,112.53
2016/8/22,112.99,522400.00,112.85,113.16,112.69
2016/8/23,113.31,357400.00,113.35,113.60,113.30
2016/8/24,112.48,602000.00,113.24,113.31,112.21
2016/8/25,112.30,439700.00,112.27,112.69,112.07
2016/8/26,112.24,538800.00,112.39,113.10,111.70
2016/8/29,112.64,445800.00,112.39,112.79,112.34
2016/8/30,112.22,508300.00,112.57,112.69,111.93
2016/8/31,111.98,490700.00,112.03,112.10,111.57
2016/9/01,112.20,517100.00,112.04,112.22,111.49
2016/9/02,112.61,447600.00,112.60,112.90,112.24
2016/9/06,113.13,862400.00,112.77,113.13,112.47
2016/9/07,113.16,370000.00,113.02,113.18,112.71
2016/9/08,112.55,477700.00,112.80,112.86,112.33
2016/9/09,109.66,739500.00,111.77,111.77,109.66
2016/9/12,111.40,588000.00,109.19,111.59,109.17
2016/9/13,109.60,708100.00,110.51,110.63,109.25
2016/9/14,109.97,622200.00,109.73,110.57,109.61
2016/9/15,111.18,493200.00,110.00,111.37,109.67
2016/9/16,110.79,503100.00,110.89,110.92,110.39
2016/9/19,110.72,792300.00,111.30,111.50,110.51
2016/9/20,110.89,426600.00,111.19,111.38,110.78
2016/9/21,112.04,459700.00,111.25,112.18,110.70
2016/9/22,112.97,499100.00,112.66,113.11,112.62
2016/9/23,112.33,469100.00,112.71,112.73,112.25
2016/9/26,111.45,707000.00,111.86,111.98,111.35
2016/9/27,112.15,1084900.00,111.39,112.17,111.23
2016/9/28,112.51,558300.00,112.30,112.55,111.76
2016/9/29,111.54,573800.00,112.34,112.56,111.25
2016/9/30,112.29,497000.00,111.95,112.69,111.74
2016/10/03,112.03,788000.00,112.11,112.21,111.64
2016/10/04,111.55,658800.00,112.14,112.31,111.22
2016/10/05,111.72,484700.00,111.83,112.01,111.72
2016/10/06,111.80,498900.00,111.55,111.98,111.32
2016/10/07,111.41,485600.00,111.97,112.04,111.00
2016/10/10,111.90,536300.00,111.81,112.17,111.81
2016/10/11,110.44,534400.00,111.61,111.67,110.03
2016/10/12,110.62,443400.00,110.55,110.97,110.32
2016/10/13,110.35,528700.00,109.93,110.63,109.39
2016/10/14,110.24,542700.00,110.76,111.09,110.23
2016/10/17,109.81,578800.00,110.17,110.28,109.75
2016/10/18,110.62,461100.00,110.78,110.97,110.47
2016/10/19,110.94,636100.00,110.80,111.08,110.59
2016/10/20,110.86,425100.00,110.81,111.08,110.42
2016/10/21,111.03,509100.00,110.49,111.08,110.34
2016/10/24,111.73,421700.00,111.57,111.85,111.57
2016/10/25,110.94,536200.00,111.53,111.57,110.88
2016/10/26,110.26,448300.00,110.38,110.68,109.98
2016/10/27,109.75,509300.00,110.75,110.84,109.67
2016/10/28,109.45,601800.00,109.74,110.26,109.16
2016/10/31,109.38,488500.00,109.73,109.74,109.27
2016/11/01,108.51,902000.00,109.63,109.66,107.77
2016/11/02,107.70,781100.00,108.39,108.64,107.51
2016/11/03,107.11,666500.00,107.75,107.91,106.90
2016/11/04,107.03,685600.00,107.00,107.74,106.87
2016/11/07,109.40,622600.00,108.57,109.41,108.50
2016/11/08,110.00,626200.00,109.28,110.41,109.10
2016/11/09,110.50,1189200.00,108.41,110.69,108.41
2016/11/10,109.70,1075600.00,110.94,111.12,108.87
2016/11/11,109.53,734100.00,109.51,109.79,109.02
2016/11/14,108.78,755700.00,109.78,109.82,108.46
2016/11/15,109.71,709300.00,109.32,109.80,109.16
2016/11/16,110.04,598200.00,109.38,110.09,109.32
2016/11/17,110.77,752200.00,110.02,110.78,109.98
2016/11/18,110.46,790900.00,110.94,111.05,110.37
2016/11/21,111.42,753200.00,110.80,111.42,110.76
2016/11/22,111.51,702800.00,111.60,111.64,111.06
2016/11/23,111.51,885400.00,111.27,111.53,111.01
2016/11/25,111.83,476000.00,111.75,111.83,111.59
2016/11/28,111.32,677500.00,111.69,111.78,111.21
2016/11/29,111.63,897500.00,111.40,111.89,111.17
2016/11/30,110.71,1205500.00,111.82,111.85,110.69
2016/12/01,109.32,1380200.00,110.82,110.82,109.16
2016/12/02,109.55,1075900.00,109.33,109.88,109.24
2016/12/05,110.39,824800.00,110.09,110.59,109.88
2016/12/06,110.68,737600.00,110.57,110.71,110.29
2016/12/07,112.02,1124900.00,110.57,112.10,110.34
2016/12/08,112.35,694400.00,112.06,112.55,111.84
2016/12/09,112.97,924100.00,112.68,113.06,112.57
2016/12/12,112.64,883800.00,112.88,112.90,112.37
2016/12/13,113.61,637400.00,113.08,113.93,113.01
2016/12/14,112.88,1226700.00,113.59,113.85,112.67
2016/12/15,113.11,691200.00,113.01,113.68,112.88
2016/12/16,112.81,612100.00,113.36,113.51,112.65
2016/12/19,113.01,756900.00,113.02,113.60,112.89
2016/12/20,113.48,640000.00,113.42,113.53,113.24
2016/12/21,113.23,802900.00,113.45,113.51,113.21
2016/12/22,112.34,663200.00,112.59,112.59,112.03
2016/12/23,112.53,504700.00,112.32,112.54,112.26
2016/12/27,112.91,805600.00,112.71,113.29,112.64
2016/12/28,112.02,829800.00,113.19,113.19,111.97
2016/12/29,112.07,765100.00,112.12,112.29,111.80
2016/12/30,111.48,912500.00,112.37,112.37,111.09
2017/1/03,112.28,874200.00,112.14,112.69,111.70
2017/1/04,113.22,605000.00,112.59,113.30,112.57
2017/1/05,113.45,850800.00,113.14,113.53,113.04
2017/1/06,114.31,1062300.00,113.66,114.52,113.39
2017/1/09,114.27,756200.00,114.23,114.44,114.11
2017/1/10,114.31,879900.00,114.37,114.66,114.05
2017/1/11,114.36,773000.00,114.25,114.47,113.68
2017/1/12,114.32,669800.00,114.11,114.41,113.42
2017/1/13,114.63,539100.00,114.43,114.78,114.39
2017/1/17,114.49,906500.00,114.29,114.68,114.23
2017/1/18,114.88,596900.00,114.71,114.89,114.45
2017/1/19,114.56,577500.00,114.92,115.08,114.30
2017/1/20,114.74,687800.00,114.82,115.10,114.43
2017/1/23,114.68,9733700.00,114.54,114.77,114.10
2017/1/24,115.30,953100.00,114.85,115.46,114.64
2017/1/25,116.34,959100.00,115.78,116.35,115.70
2017/1/26,116.22,908700.00,116.42,116.51,116.11
2017/1/27,116.08,874700.00,116.18,116.30,115.83
2017/1/30,115.41,1434300.00,115.69,115.71,114.71
2017/1/31,115.41,1042600.00,114.99,115.42,114.81
2017/2/01,115.84,1040100.00,115.94,116.07,115.38
2017/2/02,116.00,980600.00,115.74,116.27,115.53
2017/2/03,116.64,899500.00,116.26,116.74,116.26
2017/2/06,116.50,705600.00,116.44,116.54,116.24
2017/2/07,116.74,607600.00,116.75,116.99,116.58
2017/2/08,117.11,694000.00,116.58,117.17,116.51
2017/2/09,117.68,609300.00,117.20,117.85,117.15
2017/2/10,118.07,572700.00,117.90,118.22,117.77
2017/2/13,118.59,688300.00,118.47,118.74,118.38
2017/2/14,119.01,799000.00,118.46,119.01,118.29
2017/2/15,119.65,722800.00,118.89,119.76,118.85
2017/2/16,119.41,956200.00,119.68,119.78,119.04
2017/2/17,119.86,1140100.00,119.19,119.86,119.12
2017/2/21,120.50,792500.00,120.15,120.61,120.02
2017/2/22,120.48,1272600.00,120.34,120.59,120.24
2017/2/23,120.28,658900.00,120.73,120.75,119.89
2017/2/24,120.61,593400.00,119.87,120.61,119.73
2017/2/27,120.88,2184400.00,120.57,120.93,120.32
2017/2/28,120.47,1842100.00,120.72,120.79,120.28
2017/3/01,121.96,1552900.00,121.35,122.17,121.21
2017/3/02,121.40,1464200.00,121.88,121.88,121.32
2017/3/03,121.50,1059500.00,121.31,121.52,120.96
2017/3/06,121.17,877000.00,121.06,121.32,120.75
2017/3/07,120.85,704400.00,120.94,121.23,120.72
2017/3/08,120.77,655200.00,120.85,121.19,120.65
2017/3/09,120.83,755600.00,120.78,121.03,120.25
2017/3/10,121.30,766100.00,121.42,121.49,120.81
2017/3/13,121.59,800500.00,121.32,121.60,121.20
2017/3/14,121.19,587800.00,121.31,121.40,120.88
2017/3/15,122.23,650600.00,121.46,122.49,121.35
2017/3/16,122.04,687000.00,122.36,122.41,121.83
2017/3/17,121.96,536500.00,122.24,122.33,121.96
2017/3/20,121.98,650600.00,122.02,122.26,121.69
2017/3/21,120.59,1012000.00,122.37,122.50,120.46
2017/3/22,120.99,623700.00,120.51,121.06,120.25
2017/3/23,120.77,957500.00,120.80,121.35,120.62
2017/3/24,120.51,846700.00,120.67,120.98,120.06
2017/3/27,120.51,689000.00,119.62,120.70,119.41
2017/3/28,121.29,742300.00,120.46,121.53,120.32
2017/3/29,121.68,573400.00,121.16,121.77,121.11
2017/3/30,121.70,582400.00,121.58,121.91,121.46
2017/3/31,121.66,654100.00,121.60,121.97,121.50
2017/4/03,121.53,1001900.00,121.76,121.92,120.86
2017/4/04,121.49,783100.00,121.27,121.51,121.11
2017/4/05,121.07,1209700.00,121.72,122.43,120.99
2017/4/06,121.41,604700.00,121.29,121.65,121.04
2017/4/07,121.41,554900.00,121.37,121.72,121.07
2017/4/10,121.51,519200.00,121.47,121.96,121.25
2017/4/11,121.28,650500.00,121.37,121.54,120.50
2017/4/12,120.88,509900.00,121.18,121.31,120.73
2017/4/13,120.30,598900.00,120.66,121.15,120.30
2017/4/17,121.38,674400.00,120.64,121.38,120.62
2017/4/18,121.29,711000.00,121.03,121.52,120.88
2017/4/19,121.32,589800.00,121.65,121.93,121.15
2017/4/20,122.17,532900.00,121.66,122.42,121.47
2017/4/21,121.95,722100.00,122.17,122.23,121.66
2017/4/24,123.12,539800.00,123.23,123.23,122.85
2017/4/25,123.99,496600.00,123.50,124.19,123.43
2017/4/26,123.95,523800.00,124.04,124.37,123.91
2017/4/27,124.42,481700.00,124.15,124.55,124.10
2017/4/28,124.43,735700.00,124.71,124.71,124.31
2017/5/01,124.99,675700.00,124.79,125.28,124.72
2017/5/02,125.26,649400.00,125.21,125.33,124.94
2017/5/03,124.79,824200.00,124.96,125.17,124.41
2017/5/04,124.97,575000.00,124.90,125.00,124.48
2017/5/05,125.52,520100.00,125.24,125.52,124.96
2017/5/08,125.59,621600.00,125.61,125.66,125.22
2017/5/09,125.76,1592200.00,125.83,125.98,125.56
2017/5/10,125.85,629200.00,125.76,125.86,125.45
2017/5/11,125.73,442400.00,125.62,125.75,124.99
2017/5/12,125.82,578200.00,125.73,125.91,125.63
2017/5/15,126.41,434700.00,125.99,126.50,125.92
2017/5/16,126.36,541600.00,126.59,126.60,126.13
2017/5/17,124.12,1212500.00,125.43,125.67,124.06
2017/5/18,124.83,716200.00,124.10,125.29,123.95
2017/5/19,125.55,1397700.00,125.23,125.99,125.14
2017/5/22,126.37,624400.00,125.81,126.45,125.78
2017/5/23,126.40,590600.00,126.64,126.64,126.26
2017/5/24,126.92,444200.00,126.56,127.01,126.40
2017/5/25,127.84,456400.00,127.27,128.06,127.20
2017/5/26,127.90,509600.00,127.81,127.96,127.64
2017/5/30,127.88,414700.00,127.78,128.00,127.64
2017/5/31,127.92,534100.00,128.17,128.25,127.44
2017/6/01,128.88,664500.00,128.28,128.88,128.02
2017/6/02,129.67,945300.00,129.10,129.77,128.94
2017/6/05,129.57,533400.00,129.66,129.66,129.38
2017/6/06,129.05,491500.00,129.31,129.54,128.95
2017/6/07,129.39,621800.00,129.25,129.49,128.90
2017/6/08,129.33,664500.00,129.52,129.55,128.88
2017/6/09,127.90,556400.00,129.41,129.71,126.84
2017/6/12,127.50,592300.00,127.47,127.54,126.55
2017/6/13,128.34,849500.00,128.01,128.43,127.70
2017/6/14,128.23,527300.00,128.72,128.83,127.57
2017/6/15,127.89,473100.00,127.26,127.99,126.86
2017/6/16,127.77,472300.00,128.09,128.09,127.28
2017/6/19,129.14,609400.00,128.36,129.19,128.33
2017/6/20,128.29,680000.00,129.00,129.07,128.25
2017/6/21,128.76,474000.00,128.55,128.82,128.34
2017/6/22,128.85,380100.00,128.88,129.29,128.60
2017/6/23,128.78,604600.00,128.53,129.02,128.25
2017/6/26,128.57,514800.00,129.30,129.45,128.47
2017/6/27,127.14,1026400.00,128.37,128.49,127.14
2017/6/28,128.48,3272600.00,127.73,128.60,127.26
2017/6/29,126.88,582100.00,128.34,128.34,125.97
2017/6/30,127.04,572500.00,127.46,127.52,126.90
2017/7/03,126.67,444200.00,127.71,127.75,126.64
2017/7/05,127.11,523700.00,126.86,127.26,126.44
2017/7/06,125.96,716400.00,126.63,126.63,125.79
2017/7/07,127.03,500300.00,126.30,127.14,126.22
2017/7/10,127.42,761600.00,127.06,127.66,126.87
2017/7/11,127.50,418700.00,127.36,127.69,126.73
2017/7/12,128.74,630200.00,128.28,128.87,128.28
2017/7/13,128.93,407700.00,128.82,129.04,128.59
2017/7/14,129.71,421800.00,129.21,129.86,129.10
2017/7/17,129.66,471000.00,129.77,129.97,129.58
2017/7/18,130.07,392600.00,129.51,130.10,129.36
2017/7/19,130.90,506100.00,130.41,130.92,130.36
2017/7/20,130.88,471900.00,131.15,131.16,130.52
2017/7/21,130.96,472700.00,130.65,130.96,130.48
2017/7/24,131.19,1344800.00,131.03,131.27,130.70
2017/7/25,131.04,589300.00,131.33,131.43,130.92
2017/7/26,131.38,402400.00,131.27,131.45,131.16
2017/7/27,130.89,496100.00,131.91,131.92,129.78
2017/7/28,130.68,364400.00,130.42,130.74,130.19
2017/7/31,130.27,2244100.00,130.96,130.99,130.13
2017/8/01,130.55,542800.00,130.68,130.75,130.29
2017/8/02,130.59,522900.00,130.94,131.00,129.88
2017/8/03,130.21,811500.00,130.66,130.67,130.02
2017/8/04,130.31,480800.00,130.46,130.49,129.93
2017/8/07,130.80,369200.00,130.41,130.80,130.31
2017/8/08,130.40,472700.00,130.67,131.31,130.14
2017/8/09,130.36,468200.00,129.74,130.39,129.54
2017/8/10,128.20,664900.00,129.82,129.91,128.11
2017/8/11,128.75,686300.00,128.27,129.04,128.23
2017/8/14,130.18,425800.00,129.63,130.30,129.62
2017/8/15,130.18,531900.00,130.49,130.49,129.85
2017/8/16,130.59,418700.00,130.46,130.95,130.29
2017/8/17,128.48,586200.00,130.30,130.46,128.46
2017/8/18,128.24,514300.00,128.39,128.98,127.93
2017/8/21,128.43,507000.00,128.28,128.56,127.70
2017/8/22,129.91,414300.00,128.75,130.06,128.65
2017/8/23,129.42,392600.00,129.29,129.64,129.10
2017/8/24,129.10,414300.00,129.66,129.85,128.77
2017/8/25,129.18,402200.00,129.55,129.83,129.11
2017/8/28,129.44,315300.00,129.53,129.56,129.18
2017/8/29,129.71,419700.00,128.64,129.88,128.48
2017/8/30,130.76,810600.00,129.80,130.88,129.70
2017/8/31,131.80,427100.00,131.17,131.95,131.04
2017/9/01,131.95,1483300.00,132.11,132.22,131.72
2017/9/05,131.24,1153000.00,131.66,131.95,130.45
2017/9/06,131.70,763200.00,131.73,131.91,131.09
2017/9/07,132.12,732600.00,132.00,132.23,131.73
2017/9/08,131.78,480700.00,131.92,132.12,131.66
2017/9/11,132.94,459300.00,132.60,132.99,132.51
2017/9/12,133.25,403200.00,133.24,133.31,132.82
2017/9/13,133.16,561900.00,133.12,133.16,132.90
2017/9/14,132.91,417000.00,132.88,133.06,132.59
2017/9/15,132.86,357600.00,132.88,133.12,132.68
2017/9/18,132.91,442900.00,133.13,133.55,132.58
2017/9/19,132.86,358100.00,133.07,133.13,132.62
2017/9/20,132.75,532200.00,132.88,133.00,131.95
2017/9/21,132.23,375500.00,132.57,132.61,131.98
2017/9/22,131.79,384400.00,131.58,131.88,131.50
2017/9/25,131.01,676100.00,131.60,131.61,130.61
2017/9/26,131.15,526300.00,131.37,131.64,130.95
2017/9/27,131.89,542800.00,131.65,132.15,131.17
2017/9/28,132.06,575700.00,131.69,132.11,131.64
2017/9/29,132.75,595600.00,132.09,132.76,132.01
2017/10/02,133.04,693800.00,133.00,133.27,132.60
2017/10/03,133.26,502200.00,133.15,133.34,132.98
2017/10/04,133.57,565700.00,133.32,133.66,133.13
2017/10/05,134.44,350300.00,133.85,134.46,133.79
2017/10/06,134.44,691000.00,134.18,134.45,134.08
2017/10/09,134.33,327900.00,134.60,134.68,134.19
2017/10/10,134.53,400900.00,134.74,134.91,134.09
2017/10/11,134.98,401800.00,134.51,135.01,134.50
2017/10/12,134.94,552500.00,134.73,135.21,134.71
2017/10/13,135.17,595100.00,135.28,135.46,135.11
2017/10/16,135.29,373100.00,135.42,135.48,135.05
2017/10/17,135.30,407000.00,135.18,135.38,135.13
2017/10/18,135.21,545100.00,135.50,135.50,135.15
2017/10/19,134.99,387700.00,134.65,134.99,134.16
2017/10/20,135.39,466200.00,135.57,135.57,135.21
2017/10/23,134.59,639500.00,135.65,135.65,134.52
2017/10/24,134.84,567600.00,134.83,134.99,134.50
2017/10/25,134.38,655500.00,134.70,134.91,133.61
2017/10/26,134.30,957100.00,134.50,134.69,134.16
2017/10/27,136.21,852200.00,135.01,136.26,134.98
2017/10/30,136.17,660600.00,136.09,136.46,135.76
2017/10/31,136.59,592500.00,136.44,136.71,136.24
2017/11/01,136.58,607900.00,137.09,137.09,136.27
2017/11/02,136.24,556700.00,136.41,136.53,135.77
2017/11/03,137.18,600200.00,136.69,137.20,136.32
2017/11/06,137.53,573500.00,137.13,137.71,137.09
2017/11/07,137.68,600300.00,137.59,137.87,137.33
2017/11/08,138.18,517800.00,137.60,138.22,137.50
2017/11/09,137.63,598300.00,137.48,137.72,136.55
2017/11/10,137.67,434900.00,137.31,137.74,137.21
2017/11/13,137.85,352500.00,137.27,138.00,137.26
2017/11/14,137.55,482800.00,137.35,137.67,136.90
2017/11/15,136.69,661300.00,136.94,137.19,136.31
2017/11/16,138.09,561300.00,137.27,138.30,137.22
2017/11/17,137.66,469800.00,138.01,138.06,137.60
2017/11/20,137.81,564500.00,137.85,137.96,137.70
2017/11/21,139.08,487800.00,138.32,139.12,138.31
2017/11/22,138.98,482800.00,139.16,139.24,138.88
