2014/11/25,84.95,5917000.00,85.50,85.51,84.39
2014/11/26,84.98,3817400.00,84.92,85.11,84.48
2014/11/28,87.54,7662800.00,86.18,88.09,85.90
2014/12/01,86.22,9018000.00,86.66,87.07,85.75
2014/12/02,86.40,6699800.00,86.27,86.70,85.93
2014/12/03,84.94,6264900.00,85.94,86.00,84.68
2014/12/04,84.76,6787900.00,84.10,84.82,83.65
2014/12/05,84.12,6420500.00,84.76,84.82,83.51
2014/12/08,84.23,5621700.00,84.23,84.67,83.85
2014/12/09,83.56,6468900.00,83.88,84.21,82.65
2014/12/10,82.98,6768000.00,84.09,84.31,82.90
2014/12/11,83.83,7395000.00,83.23,84.50,83.16
2014/12/12,83.81,7180700.00,83.70,85.00,83.52
2014/12/15,83.94,6231500.00,84.39,84.70,83.05
2014/12/16,82.96,7137700.00,83.95,84.76,82.94
2014/12/17,84.23,6473600.00,83.30,84.26,82.95
2014/12/18,85.94,8473300.00,84.67,85.95,84.28
2014/12/19,85.16,11205400.00,86.00,86.34,85.16
2014/12/22,86.38,4301700.00,85.31,86.40,85.29
2014/12/23,86.66,5170700.00,86.63,87.08,86.36
2014/12/24,86.43,2323000.00,86.82,87.07,86.39
2014/12/26,86.91,3179600.00,86.33,87.14,86.01
2014/12/29,86.64,3405400.00,86.42,87.07,86.40
2014/12/30,86.79,3131400.00,86.52,87.13,86.48
2014/12/31,85.88,4018500.00,87.19,87.44,85.86
2015/1/02,85.90,4386000.00,86.26,86.72,85.54
2015/1/05,85.65,6835000.00,85.83,86.32,85.51
2015/1/06,86.31,8052000.00,85.97,86.75,85.79
2015/1/07,88.60,7867800.00,86.87,88.68,86.67
2015/1/08,90.47,12178400.00,89.34,90.67,89.07
2015/1/09,89.35,8386400.00,90.30,90.39,89.25
2015/1/12,90.02,7020800.00,89.27,90.31,89.22
2015/1/13,89.31,8109500.00,90.78,90.97,88.93
2015/1/14,86.61,11695600.00,87.50,88.52,86.50
2015/1/15,87.38,9270200.00,87.01,87.78,86.70
2015/1/16,86.77,8283000.00,87.28,87.46,86.23
2015/1/20,86.69,7571000.00,86.96,87.70,85.55
2015/1/21,86.64,7430400.00,86.06,86.91,85.71
2015/1/22,88.30,7004100.00,87.28,88.39,86.86
2015/1/23,88.51,7513000.00,88.42,89.26,87.89
2015/1/26,88.63,4521300.00,88.31,89.16,88.12
2015/1/27,87.53,5857900.00,88.25,88.46,87.26
2015/1/28,86.82,5819300.00,88.02,88.23,86.77
2015/1/29,87.72,6286300.00,86.76,87.72,86.27
2015/1/30,84.98,9930300.00,86.83,87.36,84.90
2015/2/02,85.71,6722100.00,84.75,85.87,83.93
2015/2/03,86.19,8151700.00,85.83,86.53,85.66
2015/2/04,86.65,8823300.00,86.44,87.04,86.00
2015/2/05,87.28,4874400.00,87.15,87.36,86.56
2015/2/06,87.33,5519300.00,87.26,88.00,86.78
2015/2/09,85.91,5312800.00,86.97,87.19,85.64
2015/2/10,87.29,5361400.00,86.63,87.41,86.42
2015/2/11,86.34,5576000.00,86.69,87.12,85.92
2015/2/12,85.89,6816900.00,86.60,86.68,85.23
2015/2/13,85.81,5319800.00,86.07,86.16,85.32
2015/2/17,85.96,4948500.00,85.43,85.97,84.97
2015/2/18,86.29,5894400.00,85.96,86.30,85.52
2015/2/19,83.52,18435900.00,84.45,84.80,83.39
2015/2/20,84.30,13763000.00,82.75,84.38,82.55
2015/2/23,84.60,6608400.00,84.47,84.86,84.23
2015/2/24,84.57,5106000.00,84.51,84.82,83.92
2015/2/25,83.57,6746200.00,84.63,84.72,83.52
2015/2/26,83.80,5821400.00,83.85,83.86,83.27
2015/2/27,83.93,5514600.00,83.64,84.16,83.40
2015/3/02,83.96,5962500.00,83.79,84.00,83.20
2015/3/03,83.37,6406500.00,83.64,83.82,83.17
2015/3/04,82.58,6110400.00,83.20,83.21,82.20
2015/3/05,83.57,5711000.00,83.29,83.87,82.96
2015/3/06,82.59,5630800.00,82.79,83.10,82.38
2015/3/09,82.88,4442000.00,82.59,83.34,82.54
2015/3/10,82.07,6198500.00,82.14,82.50,82.07
2015/3/11,80.69,6040700.00,81.80,81.97,80.54
2015/3/12,81.90,5113300.00,80.81,82.12,80.78
2015/3/13,81.90,4530000.00,82.10,82.25,81.29
2015/3/16,83.29,6301900.00,82.54,83.37,82.44
2015/3/17,82.62,4649600.00,82.90,83.01,82.24
2015/3/18,82.53,9310700.00,81.93,82.96,81.15
2015/3/19,81.52,7104000.00,82.33,82.44,81.37
2015/3/20,83.24,11871600.00,81.74,83.49,81.71
2015/3/23,83.31,6253400.00,83.14,83.90,83.12
2015/3/24,83.05,5283400.00,83.15,83.71,82.96
2015/3/25,81.32,6291100.00,83.09,83.25,81.31
2015/3/26,81.89,8193100.00,80.98,82.31,80.65
2015/3/27,81.35,5096500.00,81.80,82.18,81.25
2015/3/30,82.53,5597700.00,81.85,82.80,81.43
2015/3/31,82.25,5398100.00,82.40,83.04,82.25
2015/4/01,80.71,8070700.00,82.09,82.28,80.43
2015/4/02,80.73,5765700.00,80.73,81.32,80.55
2015/4/06,80.99,6328900.00,80.48,81.33,80.15
2015/4/07,80.50,6476600.00,81.09,81.29,80.46
2015/4/08,81.03,6620500.00,80.39,81.23,80.36
2015/4/09,80.84,3869000.00,80.83,81.39,80.58
2015/4/10,80.65,5016100.00,81.00,81.00,80.55
2015/4/13,80.29,4547500.00,80.41,80.92,80.27
2015/4/14,80.15,5463800.00,80.25,80.42,79.68
2015/4/15,79.74,6079500.00,80.60,80.98,79.65
2015/4/16,79.24,7977300.00,79.50,79.89,79.13
2015/4/17,77.88,11727500.00,79.03,79.15,77.55
2015/4/20,78.14,8740800.00,78.50,78.83,78.02
2015/4/21,78.03,6062400.00,78.73,78.84,77.90
2015/4/22,78.43,7540100.00,77.82,78.64,77.55
2015/4/23,79.18,6756500.00,78.26,79.54,78.20
2015/4/24,79.84,6701800.00,79.35,80.93,79.24
2015/4/27,79.37,6365700.00,79.83,79.86,79.29
2015/4/28,79.10,4808100.00,79.31,79.48,78.77
2015/4/29,77.88,6747600.00,78.62,78.78,77.79
2015/4/30,78.05,7863700.00,77.83,78.48,77.59
2015/5/01,78.60,4881100.00,78.41,78.76,78.17
2015/5/04,79.18,6591000.00,78.72,79.54,78.46
2015/5/05,78.13,5765800.00,78.84,79.01,78.06
2015/5/06,77.65,5399100.00,77.63,78.12,77.17
2015/5/07,78.03,5483200.00,77.75,78.34,77.30
2015/5/08,78.53,5273300.00,78.60,79.25,78.40
2015/5/11,78.10,3597100.00,78.30,78.61,78.03
2015/5/12,78.96,8172100.00,77.89,79.48,77.87
2015/5/13,78.16,7357300.00,79.26,79.43,77.98
2015/5/14,78.72,6049000.00,78.46,78.77,78.02
2015/5/15,79.24,6413500.00,78.69,79.25,78.57
2015/5/18,79.92,8200500.00,79.36,79.94,79.16
2015/5/19,76.43,22277900.00,78.05,78.36,76.23
2015/5/20,75.90,10394000.00,76.42,76.50,75.83
2015/5/21,76.11,6123300.00,75.75,76.42,75.56
2015/5/22,75.86,6442200.00,76.20,76.38,75.86
2015/5/26,74.90,9424600.00,75.75,75.83,74.82
2015/5/27,75.19,6688400.00,75.01,75.51,75.00
2015/5/28,74.84,4892500.00,75.12,75.16,74.65
2015/5/29,74.27,6192800.00,74.82,74.88,74.15
2015/6/01,74.73,5580400.00,74.71,75.08,74.41
2015/6/02,74.53,5744000.00,74.50,75.00,74.42
2015/6/03,74.89,6031600.00,74.85,75.20,74.47
2015/6/04,74.15,8763100.00,74.65,74.98,73.95
2015/6/05,73.06,10477000.00,74.17,74.27,72.98
2015/6/08,72.61,9513100.00,73.45,73.49,72.60
2015/6/09,72.47,8226900.00,72.61,72.85,72.36
2015/6/10,72.93,11093100.00,72.77,73.33,72.34
2015/6/11,72.94,6926200.00,73.29,73.67,72.84
2015/6/12,72.43,7057600.00,72.86,72.90,72.40
2015/6/15,71.93,7410500.00,72.08,72.40,71.70
2015/6/16,72.35,5835600.00,72.04,72.58,71.72
2015/6/17,72.73,5621600.00,72.63,72.90,72.34
2015/6/18,72.98,8303800.00,72.79,73.48,72.74
2015/6/19,72.74,13050900.00,72.76,73.22,72.70
2015/6/22,72.79,6399300.00,73.00,73.19,72.69
2015/6/23,72.57,7472300.00,72.80,72.94,72.34
2015/6/24,72.38,5850400.00,72.56,72.65,72.14
2015/6/25,71.86,5252500.00,72.56,72.63,71.83
2015/6/26,72.12,5860600.00,71.96,72.46,71.87
2015/6/29,71.42,8060300.00,71.80,72.00,71.41
2015/6/30,70.93,11069000.00,71.72,71.81,70.78
2015/7/01,71.88,10657600.00,71.52,71.95,70.36
2015/7/02,71.86,6533600.00,72.05,72.56,71.66
2015/7/06,72.53,10469200.00,71.50,72.69,71.38
2015/7/07,73.79,12207300.00,72.77,73.86,72.00
2015/7/08,73.06,7681400.00,73.20,73.59,72.90
2015/7/09,72.78,8616500.00,73.67,73.73,72.71
2015/7/10,73.12,5516300.00,73.09,73.55,73.08
2015/7/13,73.88,6033200.00,73.58,74.11,73.51
2015/7/14,73.79,5391100.00,74.00,74.09,73.48
2015/7/15,73.65,4505200.00,73.59,73.90,73.19
2015/7/16,73.83,5189100.00,73.97,74.14,73.76
2015/7/17,73.39,5574500.00,73.67,74.07,73.31
2015/7/20,73.10,5059500.00,73.35,73.44,73.06
2015/7/21,72.74,5855900.00,73.10,73.29,72.53
2015/7/22,73.16,6915800.00,72.98,73.82,72.78
2015/7/23,72.51,4202700.00,73.03,73.22,72.42
2015/7/24,71.58,5735800.00,72.35,72.56,71.50
2015/7/27,71.38,6137600.00,71.19,71.65,71.01
2015/7/28,72.10,8425700.00,71.50,72.39,71.23
2015/7/29,72.23,4785200.00,72.25,72.63,72.09
2015/7/30,72.16,4570700.00,72.00,72.53,71.78
2015/7/31,71.98,7709700.00,72.45,72.49,71.66
2015/8/03,72.18,5110700.00,71.92,72.38,71.84
2015/8/04,72.25,5821900.00,72.40,72.80,71.93
2015/8/05,73.51,8642700.00,72.52,73.69,72.25
2015/8/06,72.79,6125100.00,73.38,73.38,72.66
2015/8/07,71.25,7746100.00,72.71,72.82,71.17
2015/8/10,71.48,5859200.00,71.50,71.75,71.34
2015/8/11,71.93,6648300.00,71.36,72.37,71.15
2015/8/12,72.58,8772000.00,71.39,72.66,71.27
2015/8/13,72.11,7491100.00,72.33,72.77,71.97
2015/8/14,72.38,5822300.00,72.30,72.60,72.04
2015/8/17,71.91,7441300.00,71.82,72.23,71.76
2015/8/18,69.48,21113500.00,70.00,70.50,69.24
2015/8/19,68.57,16193400.00,68.67,69.39,67.77
2015/8/20,68.43,9795000.00,68.00,69.30,67.94
2015/8/21,66.54,15454300.00,67.95,68.31,66.54
2015/8/24,63.95,21940600.00,63.04,66.16,61.50
2015/8/25,63.10,14419900.00,65.18,65.71,63.00
2015/8/26,64.83,13804600.00,64.19,64.85,63.02
2015/8/27,66.08,13385900.00,65.25,66.18,64.95
2015/8/28,64.94,14184400.00,66.08,66.12,64.45
2015/8/31,64.73,7962400.00,64.75,65.00,64.29
2015/9/01,63.82,13312800.00,63.98,64.32,63.27
2015/9/02,64.44,9319000.00,64.55,64.94,64.06
2015/9/03,64.86,8424200.00,64.72,65.01,64.39
2015/9/04,63.89,9129200.00,64.01,64.30,63.51
2015/9/08,66.38,17487400.00,65.23,66.50,65.18
2015/9/09,65.12,9112700.00,66.97,67.01,65.01
2015/9/10,64.12,14470900.00,64.01,64.65,63.83
2015/9/11,64.65,7642300.00,64.18,64.68,63.99
2015/9/14,64.28,6771600.00,64.65,64.67,63.82
2015/9/15,64.32,6756400.00,64.48,64.70,64.05
2015/9/16,64.69,5580100.00,64.45,64.76,64.05
2015/9/17,64.47,7011900.00,64.70,65.29,64.16
2015/9/18,63.34,12608600.00,64.00,64.23,63.26
2015/9/21,63.72,7108500.00,63.72,64.00,63.37
2015/9/22,63.59,8576600.00,63.23,63.82,62.92
2015/9/23,63.72,5786500.00,63.74,63.93,63.12
2015/9/24,63.83,6798200.00,63.36,63.97,63.30
2015/9/25,63.78,7108400.00,63.97,64.46,63.62
2015/9/28,63.66,9111200.00,63.60,63.95,63.48
2015/9/29,63.78,7580000.00,63.75,64.04,63.23
2015/9/30,64.84,7711500.00,64.33,64.94,63.93
2015/10/01,64.27,7743200.00,64.76,64.94,63.88
2015/10/02,64.98,7018100.00,63.74,64.98,63.41
2015/10/05,65.87,6050200.00,65.18,65.92,65.14
2015/10/06,65.68,7096100.00,65.54,65.95,65.18
2015/10/07,66.36,7094000.00,65.84,66.36,65.77
2015/10/08,66.88,5838900.00,66.26,66.99,66.15
2015/10/09,66.69,6647500.00,66.91,67.02,66.50
2015/10/12,66.93,5623400.00,66.67,67.00,66.58
2015/10/13,66.73,8762400.00,66.72,66.94,66.26
2015/10/14,60.03,80448300.00,66.61,67.95,60.02
2015/10/15,59.33,45701200.00,59.83,60.47,58.61
2015/10/16,58.89,25782400.00,59.47,59.49,58.37
2015/10/19,58.85,17646400.00,58.75,59.30,58.50
2015/10/20,58.75,10153300.00,58.86,59.00,58.57
2015/10/21,58.64,12586300.00,58.85,59.03,58.57
2015/10/22,58.90,14531400.00,58.86,59.96,58.64
2015/10/23,58.30,12986900.00,59.18,59.28,58.22
2015/10/26,58.02,10465500.00,58.43,58.45,57.97
2015/10/27,57.48,10388500.00,58.02,58.04,57.38
2015/10/28,57.64,11724600.00,57.70,57.72,57.16
2015/10/29,57.96,12535700.00,57.73,58.12,57.48
2015/10/30,57.24,15580100.00,57.70,58.12,57.24
2015/11/02,57.61,10680100.00,57.26,57.61,56.77
2015/11/03,58.11,10166800.00,57.62,58.33,57.53
2015/11/04,58.37,10024000.00,58.59,58.76,58.19
2015/11/05,58.61,8739600.00,58.51,58.98,58.42
2015/11/06,58.78,9797900.00,58.86,59.20,58.31
2015/11/09,58.49,8107300.00,58.61,58.78,58.02
2015/11/10,58.68,7508500.00,58.37,58.71,58.31
2015/11/11,57.58,8640500.00,58.48,58.73,57.47
2015/11/12,56.95,9244300.00,57.75,57.77,56.92
2015/11/13,56.42,12441500.00,56.77,57.06,56.30
2015/11/16,57.87,13109000.00,56.40,58.03,56.36
2015/11/17,59.92,24490500.00,59.29,60.90,59.20
2015/11/18,60.93,14727500.00,60.05,61.07,59.55
2015/11/19,60.70,11406600.00,61.16,61.36,60.43
2015/11/20,60.07,12127200.00,61.00,61.47,60.02
2015/11/23,60.26,10378500.00,60.29,60.74,59.88
2015/11/24,59.92,11304200.00,60.00,60.42,59.86
2015/11/25,60.24,7776600.00,60.00,60.71,59.88
2015/11/27,59.89,5276200.00,60.44,60.69,59.87
2015/11/30,58.84,13491700.00,59.87,60.06,58.73
2015/12/01,58.99,11878000.00,59.13,59.29,58.65
2015/12/02,58.35,13399600.00,58.58,59.29,58.31
2015/12/03,59.04,15567200.00,58.66,59.66,58.60
2015/12/04,59.66,10181700.00,59.04,59.85,59.03
2015/12/07,60.50,10880600.00,59.57,60.73,59.57
2015/12/08,59.61,10250100.00,60.08,60.49,59.50
2015/12/09,59.13,8883700.00,59.00,60.11,58.90
2015/12/10,59.56,10680600.00,59.13,60.09,59.09
2015/12/11,59.36,9619900.00,59.00,59.53,58.81
2015/12/14,60.39,14412700.00,59.27,60.44,59.07
2015/12/15,59.64,14122200.00,60.70,60.84,59.57
2015/12/16,60.30,9746900.00,60.21,60.65,59.70
2015/12/17,58.98,12877400.00,60.28,60.33,58.97
2015/12/18,58.85,14870500.00,58.90,59.40,58.75
2015/12/21,59.55,9528400.00,58.85,59.58,58.67
2015/12/22,60.54,9051900.00,59.73,60.70,59.61
2015/12/23,61.09,6961000.00,60.97,61.12,60.44
2015/12/24,60.83,2470100.00,60.77,61.10,60.68
2015/12/28,60.75,5298000.00,60.58,60.97,60.50
2015/12/29,61.61,7704800.00,61.05,61.75,60.98
2015/12/30,61.68,5678400.00,61.66,61.87,61.49
2015/12/31,61.30,6421500.00,61.33,61.72,61.17
2016/1/04,61.46,11569400.00,60.44,61.49,60.36
2016/1/05,62.92,12692000.00,61.99,63.05,61.85
2016/1/06,63.55,16465400.00,62.60,63.95,62.47
2016/1/07,65.03,26079800.00,63.00,65.23,62.92
2016/1/08,63.54,17464300.00,65.01,65.41,63.41
2016/1/11,64.22,12563400.00,63.72,64.46,63.63
2016/1/12,63.62,11764000.00,64.38,64.73,63.43
2016/1/13,61.92,13434600.00,63.73,63.73,61.83
2016/1/14,63.06,12129400.00,62.00,63.62,61.82
2016/1/15,61.93,14929400.00,61.55,62.47,61.26
2016/1/19,62.56,11836200.00,62.04,62.80,62.01
2016/1/20,60.84,17242300.00,61.79,62.33,60.20
2016/1/21,61.88,11792800.00,60.98,62.79,60.91
2016/1/22,62.69,9022300.00,62.36,63.26,62.13
2016/1/25,63.45,12174800.00,62.78,63.82,62.55
2016/1/26,64.00,9048000.00,63.36,64.47,63.26
2016/1/27,63.95,10083600.00,64.15,65.18,63.89
2016/1/28,64.22,11190100.00,64.00,64.51,63.43
2016/1/29,66.36,15982600.00,64.78,66.53,64.74
2016/2/01,67.50,14254900.00,66.00,67.93,65.89
2016/2/02,66.86,13434900.00,67.30,67.84,66.28
2016/2/03,66.27,11776700.00,67.31,67.50,65.07
2016/2/04,66.42,12643600.00,65.82,66.55,65.01
2016/2/05,67.00,13910700.00,66.86,67.53,65.88
2016/2/08,66.90,18616800.00,66.50,67.15,65.16
2016/2/09,65.81,13786400.00,65.50,66.41,64.68
2016/2/10,65.79,9315700.00,66.28,66.59,65.64
2016/2/11,65.32,10893900.00,65.00,65.76,64.78
2016/2/12,66.18,9307700.00,65.30,66.25,64.87
2016/2/16,65.90,10420200.00,66.61,66.80,65.50
2016/2/17,66.11,12222300.00,66.13,66.61,65.81
2016/2/18,64.12,27628400.00,63.80,64.78,62.35
2016/2/19,64.66,15291100.00,63.94,64.76,63.44
2016/2/22,65.63,10079600.00,65.15,66.14,64.96
2016/2/23,66.48,11268700.00,65.91,66.60,65.28
2016/2/24,67.12,9652900.00,66.15,67.33,65.72
2016/2/25,68.04,9449100.00,67.48,68.13,67.33
2016/2/26,66.51,10862100.00,68.08,68.20,66.30
2016/2/29,66.34,8596400.00,66.63,66.95,66.22
2016/3/01,66.46,10236100.00,66.65,66.89,66.00
2016/3/02,66.21,9073700.00,66.21,66.67,66.00
2016/3/03,66.14,11690100.00,65.98,66.20,64.88
2016/3/04,66.78,9818500.00,66.14,67.28,66.09
2016/3/07,67.89,12695300.00,66.62,68.48,66.27
2016/3/08,68.04,9899000.00,67.73,68.47,67.49
2016/3/09,67.53,7765500.00,67.79,67.99,67.12
2016/3/10,67.41,9491100.00,67.55,68.04,66.40
2016/3/11,67.17,8221600.00,67.77,67.94,66.80
2016/3/14,67.36,6515600.00,67.15,67.67,66.96
2016/3/15,68.09,7412500.00,67.00,68.35,67.00
2016/3/16,67.99,8183100.00,67.94,68.34,67.25
2016/3/17,67.45,11168900.00,67.75,68.92,67.26
2016/3/18,66.95,22039100.00,67.43,68.03,66.75
2016/3/21,67.97,8926800.00,67.03,68.38,66.97
2016/3/22,67.87,7223700.00,68.00,68.68,67.79
2016/3/23,67.46,6013800.00,68.01,68.10,67.44
2016/3/24,68.00,6285400.00,67.43,68.04,67.38
2016/3/28,68.12,5499400.00,67.93,68.57,67.93
2016/3/29,68.03,6440700.00,68.15,68.21,67.43
2016/3/30,68.80,7163100.00,68.35,69.00,68.29
2016/3/31,68.49,6074300.00,68.75,69.19,68.47
2016/4/01,69.06,6505900.00,68.06,69.20,68.02
2016/4/04,69.10,6673400.00,69.00,69.37,68.92
2016/4/05,68.64,5698700.00,69.03,69.25,68.27
2016/4/06,69.04,5189100.00,68.70,69.06,68.52
2016/4/07,68.22,5776200.00,68.83,68.93,67.94
2016/4/08,68.06,5974100.00,68.31,68.39,67.86
2016/4/11,67.40,7409500.00,68.01,68.37,67.38
2016/4/12,68.80,7485100.00,67.57,68.87,67.45
2016/4/13,69.15,5779200.00,69.01,69.42,68.87
2016/4/14,68.80,6833800.00,69.15,69.24,68.15
2016/4/15,69.06,7067000.00,69.10,69.41,68.94
2016/4/18,69.86,6507100.00,69.05,69.90,68.85
2016/4/19,69.77,7079500.00,69.75,70.08,69.50
2016/4/20,69.21,5344000.00,69.76,69.99,69.13
2016/4/21,68.47,6514100.00,69.47,69.68,68.24
2016/4/22,68.72,6116100.00,68.84,68.94,68.28
2016/4/25,69.47,5524700.00,68.50,69.50,68.06
2016/4/26,69.30,6006100.00,69.70,69.89,69.10
2016/4/27,69.42,5092100.00,69.49,69.78,68.99
2016/4/28,68.91,4636100.00,69.06,69.62,68.75
2016/4/29,66.87,11900100.00,68.69,68.82,66.36
2016/5/02,67.59,7344300.00,66.68,67.70,66.53
2016/5/03,67.00,5850100.00,66.99,67.50,66.75
2016/5/04,67.19,5628200.00,66.85,67.49,66.44
2016/5/05,67.21,7788900.00,66.93,67.25,66.58
2016/5/06,67.88,9788600.00,66.91,68.26,66.80
2016/5/09,68.95,8436700.00,68.29,69.10,68.16
2016/5/10,68.79,5925100.00,68.92,69.13,68.45
2016/5/11,66.41,14355700.00,67.45,67.50,65.61
2016/5/12,66.85,9383700.00,66.55,67.05,66.38
2016/5/13,64.94,13578100.00,66.50,66.55,64.65
2016/5/16,66.02,9217800.00,64.86,66.35,64.68
2016/5/17,65.10,9061400.00,66.17,66.27,64.88
2016/5/18,63.15,22077600.00,63.02,63.78,62.72
2016/5/19,69.20,34814600.00,68.00,69.33,67.50
2016/5/20,69.86,16603400.00,69.30,70.14,68.85
2016/5/23,69.50,9346700.00,69.77,70.06,69.44
2016/5/24,70.24,8672800.00,69.65,70.42,69.55
2016/5/25,70.48,7226600.00,70.25,71.00,70.24
2016/5/26,70.85,8013600.00,70.62,71.38,70.60
2016/5/27,70.75,5705800.00,70.86,70.89,70.49
2016/5/31,70.78,7592400.00,70.58,71.00,70.48
2016/6/01,70.50,7170400.00,70.50,70.90,70.41
2016/6/02,70.95,6424800.00,70.50,71.00,70.14
2016/6/03,70.87,6281200.00,70.55,71.05,70.52
2016/6/06,71.05,8891500.00,71.50,71.55,71.00
2016/6/07,71.03,6794000.00,71.12,71.31,70.85
2016/6/08,71.28,6028500.00,70.85,71.45,70.80
2016/6/09,71.09,6020200.00,71.37,71.59,70.85
2016/6/10,71.14,7411000.00,71.00,71.41,70.68
2016/6/13,70.53,7722600.00,71.00,71.18,70.49
2016/6/14,70.95,8996400.00,70.66,71.17,70.20
2016/6/15,71.12,7691700.00,71.27,71.61,71.00
2016/6/16,71.30,6659800.00,71.00,71.46,70.80
2016/6/17,70.95,17298900.00,70.99,71.31,70.40
2016/6/20,71.10,7046100.00,71.31,71.78,71.05
2016/6/21,71.46,6489400.00,71.35,71.72,70.95
2016/6/22,71.75,8263300.00,71.60,72.25,71.57
2016/6/23,72.10,6199700.00,72.24,72.24,71.79
2016/6/24,71.96,14743100.00,70.55,72.72,70.51
2016/6/27,71.50,11202500.00,71.66,71.77,70.88
2016/6/28,71.51,8221600.00,71.58,71.87,70.67
2016/6/29,72.46,6825500.00,71.65,72.49,71.56
2016/6/30,73.02,8616200.00,72.57,73.19,72.32
2016/7/01,72.81,7523600.00,73.15,73.17,72.42
2016/7/05,73.14,10489800.00,72.75,73.62,72.68
2016/7/06,73.82,10852900.00,73.23,73.98,73.17
2016/7/07,73.53,7659800.00,73.73,73.93,73.15
2016/7/08,73.84,7184700.00,73.80,73.85,73.24
2016/7/11,74.06,8524200.00,73.67,74.35,73.50
2016/7/12,73.27,10587000.00,73.50,73.73,73.00
2016/7/13,73.62,6328300.00,73.23,73.63,72.94
2016/7/14,73.70,6525800.00,73.94,74.11,73.61
2016/7/15,73.67,5914800.00,74.01,74.01,73.44
2016/7/18,73.84,4985600.00,73.55,74.18,73.53
2016/7/19,73.66,4755500.00,73.64,73.96,73.58
2016/7/20,73.79,4417100.00,74.00,74.11,73.63
2016/7/21,73.52,4300500.00,73.37,73.66,73.14
2016/7/22,73.55,4250500.00,73.76,73.91,73.42
2016/7/25,73.75,4667600.00,73.55,73.83,73.41
2016/7/26,73.73,5080000.00,73.71,74.07,73.41
2016/7/27,73.32,5711100.00,73.66,73.82,73.14
2016/7/28,73.24,4535000.00,73.14,73.32,72.47
2016/7/29,72.97,5831200.00,73.17,73.25,72.76
2016/8/01,73.78,5785300.00,72.81,73.99,72.81
2016/8/02,73.13,6386500.00,73.70,73.72,72.63
2016/8/03,72.94,6422800.00,73.00,73.40,72.51
2016/8/04,73.30,4761300.00,72.83,73.49,72.59
2016/8/05,73.76,5328000.00,73.57,73.95,73.46
2016/8/08,73.34,6292400.00,74.02,74.07,73.04
2016/8/09,73.54,6390300.00,73.36,73.88,73.08
2016/8/10,73.95,7977200.00,73.69,74.51,73.39
2016/8/11,73.80,6209900.00,74.50,74.80,73.53
2016/8/12,73.89,9910100.00,73.80,74.12,73.56
2016/8/15,73.32,8807000.00,73.81,74.01,73.11
2016/8/16,72.89,9239100.00,72.52,73.31,72.21
2016/8/17,72.93,14245000.00,72.10,72.95,71.99
2016/8/18,74.30,26639400.00,74.99,75.19,73.87
2016/8/19,72.81,14896800.00,74.10,74.29,72.67
2016/8/22,72.70,10275100.00,73.08,73.14,72.45
2016/8/23,71.97,9304800.00,72.82,73.07,71.96
2016/8/24,72.23,9912200.00,71.90,72.75,71.76
2016/8/25,71.22,10394500.00,72.37,72.58,71.05
2016/8/26,71.14,9922200.00,71.30,71.69,70.89
2016/8/29,71.40,7316900.00,71.14,71.66,71.10
2016/8/30,71.31,5659900.00,71.45,71.76,71.15
2016/8/31,71.44,5895200.00,71.48,71.64,71.15
2016/9/01,72.84,11158900.00,71.59,72.86,71.41
2016/9/02,72.50,7716600.00,73.05,73.19,72.42
2016/9/06,73.00,9403100.00,72.76,73.08,72.20
2016/9/07,72.06,9329500.00,73.00,73.05,72.01
2016/9/08,71.83,8975600.00,71.85,72.32,71.71
2016/9/09,70.30,11356500.00,71.39,71.51,70.30
2016/9/12,71.94,10669400.00,70.86,72.24,70.72
2016/9/13,71.46,7440900.00,71.55,71.91,71.15
2016/9/14,71.52,6905300.00,71.64,72.06,71.40
2016/9/15,72.40,7176200.00,71.55,72.56,71.26
2016/9/16,72.87,13694700.00,72.30,72.96,72.22
2016/9/19,72.09,6676900.00,72.65,72.87,72.09
2016/9/20,71.97,5439400.00,72.18,72.55,71.90
2016/9/21,72.19,6555700.00,72.11,72.54,71.51
2016/9/22,72.27,5752700.00,72.50,72.54,71.99
2016/9/23,72.35,7602600.00,72.60,72.77,72.34
2016/9/26,71.62,5796000.00,72.31,72.33,71.52
2016/9/27,72.33,6185100.00,71.93,72.49,71.58
2016/9/28,71.79,6068900.00,72.22,72.32,71.38
2016/9/29,70.73,7884400.00,71.53,71.71,70.62
2016/9/30,72.12,9487700.00,71.42,72.46,71.40
2016/10/03,72.01,5480600.00,71.84,72.14,71.60
2016/10/04,71.75,6503500.00,72.00,72.57,71.55
2016/10/05,71.67,6385400.00,71.81,72.26,71.60
2016/10/06,69.36,19970600.00,70.17,70.43,68.89
2016/10/07,68.70,12534100.00,69.25,69.47,68.17
2016/10/10,67.98,8911800.00,68.75,68.96,67.75
2016/10/11,67.39,8253400.00,67.95,67.96,67.30
2016/10/12,67.46,8776300.00,67.40,67.91,67.37
2016/10/13,68.23,8620800.00,67.40,68.54,67.07
2016/10/14,68.45,6334100.00,68.45,68.81,68.21
2016/10/17,68.22,6659300.00,68.45,68.65,67.80
2016/10/18,68.87,7805100.00,68.59,68.98,68.23
2016/10/19,68.89,6469400.00,69.06,69.34,68.69
2016/10/20,68.73,6202100.00,68.98,69.08,68.57
2016/10/21,68.34,7594700.00,68.36,68.63,67.99
2016/10/24,69.19,6921800.00,68.65,69.37,68.39
2016/10/25,69.36,7287900.00,69.01,69.87,69.00
2016/10/26,69.59,4677600.00,69.28,69.81,69.14
2016/10/27,69.83,6978600.00,69.60,70.00,69.39
2016/10/28,69.99,6601300.00,69.82,70.21,69.73
2016/10/31,70.02,6005300.00,70.06,70.17,69.85
2016/11/01,69.30,8783000.00,69.97,70.06,69.14
2016/11/02,69.45,7505900.00,69.24,69.97,69.20
2016/11/03,69.63,6749500.00,69.63,70.08,69.35
2016/11/04,69.16,6911700.00,69.71,69.94,69.13
2016/11/07,69.78,9245000.00,69.58,69.84,69.16
2016/11/08,69.79,7529900.00,69.71,70.04,69.47
2016/11/09,71.10,16581600.00,69.49,71.50,69.29
2016/11/10,71.39,14231500.00,71.10,72.09,71.00
2016/11/11,71.23,8174500.00,71.10,71.28,70.60
2016/11/14,70.49,11720600.00,71.16,71.31,70.19
2016/11/15,71.42,9208200.00,70.81,71.42,70.35
2016/11/16,71.39,10968900.00,71.75,72.06,71.33
2016/11/17,69.19,22969900.00,69.00,69.52,68.12
2016/11/18,68.54,10648000.00,68.84,69.40,68.44
2016/11/21,69.37,7874100.00,68.50,69.40,68.42
2016/11/22,70.12,10735300.00,69.88,70.42,69.73
2016/11/23,70.83,7196100.00,70.22,70.89,70.18
2016/11/25,71.23,4160100.00,71.00,71.65,70.98
2016/11/28,71.19,6270200.00,70.87,71.52,70.80
2016/11/29,71.37,6755500.00,71.35,71.79,71.20
2016/11/30,70.43,8324400.00,70.92,71.16,70.17
2016/12/01,70.67,6758800.00,70.19,70.73,70.05
2016/12/02,70.88,6508900.00,70.58,70.95,70.45
2016/12/05,69.94,9815100.00,70.90,70.99,69.81
2016/12/06,70.36,7590000.00,70.01,70.39,69.50
2016/12/07,70.60,6438900.00,69.93,70.65,69.90
2016/12/08,70.34,6341200.00,70.55,70.90,70.32
2016/12/09,70.08,10090600.00,70.37,70.43,69.74
2016/12/12,71.67,8642300.00,70.10,71.78,70.02
2016/12/13,71.80,8382900.00,71.67,72.23,71.61
2016/12/14,71.34,8417700.00,71.90,72.48,71.18
2016/12/15,71.08,6942900.00,71.20,71.80,71.03
2016/12/16,70.98,15866100.00,71.12,71.64,70.60
2016/12/19,71.58,5732200.00,70.84,71.75,70.84
2016/12/20,71.82,5993000.00,71.75,71.93,71.51
2016/12/21,71.24,4960800.00,71.75,72.00,71.24
2016/12/22,69.59,10846400.00,71.24,71.24,69.21
2016/12/23,69.54,4728300.00,69.42,69.75,69.36
2016/12/27,69.70,4395700.00,69.28,69.82,69.25
2016/12/28,69.31,4777400.00,69.94,70.00,69.26
2016/12/29,69.26,4234900.00,69.17,69.52,69.12
2016/12/30,69.12,6570000.00,69.14,69.43,68.83
2017/1/03,68.66,9804600.00,69.03,69.24,68.05
2017/1/04,69.06,7596300.00,68.66,69.63,68.60
2017/1/05,69.21,6861900.00,68.39,69.33,68.12
2017/1/06,68.26,9402300.00,68.30,68.50,68.01
2017/1/09,68.71,8048600.00,68.33,68.80,68.32
2017/1/10,68.23,9759500.00,68.64,69.27,68.22
2017/1/11,68.53,6309000.00,68.20,68.62,68.19
2017/1/12,67.97,6465000.00,68.33,68.56,67.92
2017/1/13,67.13,9742400.00,68.00,68.02,67.08
2017/1/17,68.42,11840100.00,68.20,69.29,68.06
2017/1/18,68.11,7139500.00,68.00,68.11,67.54
2017/1/19,67.62,6697500.00,68.13,68.19,67.48
2017/1/20,67.18,10689900.00,67.76,67.83,67.02
2017/1/23,66.65,6623600.00,67.00,67.18,66.56
2017/1/24,67.40,9993000.00,66.95,67.41,66.66
2017/1/25,66.89,7066900.00,67.50,67.73,66.79
2017/1/26,66.73,6339000.00,67.16,67.22,66.62
2017/1/27,65.66,13249200.00,66.86,66.97,65.28
2017/1/30,66.42,8163900.00,65.67,66.48,65.63
2017/1/31,66.74,8680300.00,66.20,66.89,65.88
2017/2/01,66.23,8431600.00,66.40,66.71,66.04
2017/2/02,66.70,8715100.00,66.35,67.14,66.34
2017/2/03,66.50,6356600.00,66.80,66.93,66.44
2017/2/06,66.40,8432500.00,66.37,66.86,66.37
2017/2/07,66.89,5740600.00,66.51,67.00,66.51
2017/2/08,67.81,7470400.00,66.89,67.82,66.89
2017/2/09,69.08,10915600.00,67.80,69.14,67.75
2017/2/10,68.02,12113600.00,68.03,68.60,67.76
2017/2/13,67.77,7906100.00,68.34,68.65,67.56
2017/2/14,68.66,8207900.00,67.88,68.68,67.71
2017/2/15,68.69,8383500.00,67.89,68.71,67.76
2017/2/16,68.87,8238800.00,68.75,69.24,68.61
2017/2/17,69.37,12666800.00,68.83,69.79,68.69
2017/2/21,71.45,21973600.00,71.14,72.28,70.70
2017/2/22,71.71,14740700.00,72.37,72.37,71.48
2017/2/23,71.31,12678000.00,72.00,72.50,71.16
2017/2/24,72.39,13701800.00,71.50,72.80,71.30
2017/2/27,71.74,9134100.00,72.32,72.42,71.53
2017/2/28,70.93,15628800.00,70.89,71.00,70.00
2017/3/01,70.45,13066400.00,70.93,71.08,70.15
2017/3/02,70.76,8426100.00,70.42,70.90,70.17
2017/3/03,70.03,8642600.00,70.83,71.02,69.88
2017/3/06,69.88,8663100.00,70.00,70.43,69.78
2017/3/07,69.87,6797000.00,69.90,70.21,69.86
2017/3/08,69.80,7738200.00,69.67,70.03,69.54
2017/3/09,69.86,5864000.00,69.75,70.04,69.56
2017/3/10,70.10,6143500.00,70.00,70.36,69.80
2017/3/13,69.95,6033000.00,69.99,70.45,69.71
2017/3/14,70.72,9778400.00,70.82,71.21,70.72
2017/3/15,70.58,8113700.00,70.50,70.70,70.02
2017/3/16,70.44,6769400.00,70.14,70.70,70.07
2017/3/17,69.89,12319600.00,70.55,70.75,69.81
2017/3/20,69.98,7025500.00,70.13,70.45,69.71
2017/3/21,69.90,8037700.00,70.17,70.40,69.69
2017/3/22,70.25,6136100.00,70.07,70.34,69.72
2017/3/23,69.86,5871300.00,70.20,70.31,69.75
2017/3/24,69.61,5653900.00,69.99,70.17,69.53
2017/3/27,69.66,5745100.00,69.55,70.07,69.36
2017/3/28,70.32,6736700.00,69.33,70.37,69.33
2017/3/29,70.74,6860700.00,70.35,71.18,70.31
2017/3/30,71.59,7957700.00,70.69,71.72,70.64
2017/3/31,72.08,9650300.00,71.29,72.56,71.23
2017/4/03,71.83,8010700.00,72.08,72.53,71.78
2017/4/04,72.01,5443800.00,71.74,72.06,71.53
2017/4/05,71.65,6180000.00,71.64,72.31,71.56
2017/4/06,71.43,5670500.00,71.71,72.10,71.38
2017/4/07,72.90,10057900.00,72.14,72.99,71.80
2017/4/10,73.06,6817000.00,73.00,73.48,72.73
2017/4/11,73.43,5641000.00,73.00,73.45,72.93
2017/4/12,73.44,6416800.00,73.57,73.83,73.25
2017/4/13,73.15,5230600.00,73.37,73.65,73.15
2017/4/17,73.49,5155600.00,73.27,73.58,73.15
2017/4/18,73.89,6576400.00,73.54,74.10,73.48
2017/4/19,74.07,5519600.00,74.10,74.38,73.86
2017/4/20,74.80,7080700.00,74.14,75.11,74.11
2017/4/21,74.94,5643200.00,74.74,75.11,74.60
2017/4/24,74.78,6459900.00,75.01,75.40,74.42
2017/4/25,75.05,5413500.00,75.00,75.17,74.86
2017/4/26,75.43,6432200.00,75.26,75.77,75.17
2017/4/27,75.44,5654200.00,75.54,75.70,75.02
2017/4/28,75.18,6867600.00,75.30,75.44,74.93
2017/5/01,75.23,5784600.00,75.15,75.71,75.09
2017/5/02,75.52,6961000.00,75.35,75.71,75.25
2017/5/03,75.76,4848300.00,75.40,75.88,75.18
2017/5/04,76.34,5216400.00,75.94,76.39,75.83
2017/5/05,76.50,5521900.00,76.42,76.60,76.18
2017/5/08,76.12,6383700.00,76.50,76.52,76.07
2017/5/09,76.72,8015000.00,76.44,77.05,76.33
2017/5/10,76.70,6739400.00,76.33,76.78,76.19
2017/5/11,76.13,6894600.00,76.35,76.72,75.93
2017/5/12,75.71,5663900.00,75.89,76.25,75.37
2017/5/15,76.29,8184400.00,75.80,76.47,75.80
2017/5/16,75.11,8167200.00,76.19,76.27,75.08
2017/5/17,75.12,10241900.00,75.05,75.73,74.96
2017/5/18,77.54,18729900.00,76.97,77.66,76.13
2017/5/19,78.77,17955400.00,77.85,79.44,77.77
2017/5/22,78.55,8137800.00,78.65,79.00,78.29
2017/5/23,78.49,6932400.00,78.58,78.97,78.44
2017/5/24,78.15,7269700.00,78.56,78.61,78.14
2017/5/25,78.31,6078000.00,78.40,78.85,78.15
2017/5/26,78.13,6046400.00,78.37,78.54,77.79
2017/5/30,78.15,5040300.00,78.00,78.40,77.93
2017/5/31,78.60,7973800.00,78.50,78.92,78.22
2017/6/01,79.81,7972400.00,78.64,79.81,78.60
2017/6/02,79.62,7843400.00,79.80,79.93,79.22
2017/6/05,80.26,9877600.00,79.56,80.47,79.48
2017/6/06,78.93,11296200.00,79.50,79.56,78.26
2017/6/07,79.15,8422300.00,79.10,79.50,78.73
2017/6/08,78.93,10734800.00,79.56,80.13,78.23
2017/6/09,79.42,9231700.00,79.03,79.56,78.72
2017/6/12,79.24,9879400.00,79.40,80.37,78.84
2017/6/13,79.52,5441700.00,79.21,79.57,78.89
2017/6/14,79.90,4898300.00,79.58,80.04,79.26
2017/6/15,78.91,11008300.00,78.90,79.30,77.76
2017/6/16,75.24,55393100.00,73.86,75.50,73.29
2017/6/19,75.50,15460800.00,75.38,76.01,74.52
2017/6/20,75.54,9027100.00,75.90,75.92,75.32
2017/6/21,76.24,8844000.00,75.60,76.61,75.58
2017/6/22,75.52,7962900.00,75.85,76.06,75.30
2017/6/23,74.84,12155700.00,75.60,75.78,74.55
2017/6/26,75.50,7890800.00,74.95,75.93,74.92
2017/6/27,76.01,6364400.00,75.50,76.37,75.45
2017/6/28,76.51,6836200.00,76.25,76.80,76.14
2017/6/29,75.93,6893500.00,76.22,76.32,75.49
2017/6/30,75.68,6286300.00,76.08,76.27,75.67
2017/7/03,75.36,4681600.00,75.91,76.34,75.08
2017/7/05,75.32,5742700.00,75.55,75.95,75.17
2017/7/06,75.47,5768700.00,75.55,75.97,75.24
2017/7/07,75.33,5046800.00,75.65,75.82,75.05
2017/7/10,73.23,14233100.00,75.15,75.31,73.13
2017/7/11,73.47,7429700.00,73.38,74.05,73.33
2017/7/12,73.94,5398700.00,73.66,74.21,73.66
2017/7/13,75.05,7870700.00,74.68,75.25,74.51
2017/7/14,76.34,8604600.00,76.28,76.56,75.91
2017/7/17,76.37,7153600.00,76.34,76.87,76.19
2017/7/18,76.20,4228000.00,76.25,76.54,76.00
2017/7/19,75.87,4918200.00,75.99,76.22,75.60
2017/7/20,76.02,4207900.00,75.98,76.25,75.70
2017/7/21,76.15,6108200.00,75.89,76.23,75.55
2017/7/24,76.89,6841000.00,76.03,77.15,76.03
2017/7/25,78.52,10777700.00,77.60,78.86,77.39
2017/7/26,78.90,6587700.00,78.55,79.17,77.94
2017/7/27,79.78,7176700.00,78.78,79.86,78.48
2017/7/28,79.81,4854500.00,79.80,79.96,79.54
2017/7/31,79.99,5941800.00,79.85,80.34,79.69
2017/8/01,80.50,5386400.00,80.20,80.73,80.00
2017/8/02,80.53,7783200.00,80.34,81.11,80.30
2017/8/03,80.87,9732000.00,81.60,81.76,80.67
2017/8/04,80.48,6936300.00,81.05,81.40,80.21
2017/8/07,81.28,5354700.00,80.54,81.45,80.54
2017/8/08,81.59,6970600.00,81.17,81.86,80.90
2017/8/09,81.61,6527900.00,81.21,81.99,80.90
2017/8/10,80.66,7653000.00,80.97,81.40,80.55
2017/8/11,80.40,7830000.00,80.75,81.25,80.36
2017/8/14,80.70,7411600.00,80.59,81.24,80.50
2017/8/15,80.77,6915900.00,80.83,81.40,80.54
2017/8/16,80.98,11366600.00,81.23,81.44,80.54
2017/8/17,79.70,16956800.00,79.00,79.81,78.33
2017/8/18,79.31,9679300.00,79.71,80.35,79.28
2017/8/21,79.71,7944300.00,79.12,80.07,78.79
2017/8/22,80.02,6127100.00,79.80,80.16,79.71
2017/8/23,79.96,7260400.00,80.35,80.56,79.88
2017/8/24,78.34,18888200.00,80.69,80.88,77.85
2017/8/25,78.63,9802800.00,78.50,79.09,78.48
2017/8/28,78.03,7735700.00,78.43,78.46,77.86
2017/8/29,78.77,7251700.00,77.78,78.98,77.50
2017/8/30,78.54,5435800.00,78.82,79.10,78.52
2017/8/31,78.07,7917300.00,78.60,78.75,78.06
2017/9/01,78.37,6287300.00,78.31,78.50,78.21
2017/9/05,79.80,11617900.00,77.96,79.89,77.90
2017/9/06,80.08,7364800.00,79.91,80.40,79.72
2017/9/07,80.12,6264100.00,80.32,80.76,80.00
2017/9/08,78.88,9741100.00,79.72,79.88,77.73
2017/9/11,79.08,5879100.00,79.15,79.35,78.66
2017/9/12,79.61,5787400.00,79.30,79.91,79.17
2017/9/13,79.86,8618400.00,79.61,80.68,79.59
2017/9/14,79.68,6347800.00,79.79,79.82,79.21
2017/9/15,80.38,12605300.00,79.85,80.75,79.27
2017/9/18,80.00,7982800.00,80.21,81.12,79.95
2017/9/19,80.05,5983500.00,80.18,80.46,79.70
2017/9/20,80.50,5208600.00,80.17,80.56,79.87
2017/9/21,80.01,5614500.00,80.57,80.57,79.72
2017/9/22,79.53,5428200.00,79.89,80.08,79.25
2017/9/25,79.15,7649000.00,79.00,80.10,78.86
2017/9/26,79.39,5680400.00,79.00,79.54,78.92
2017/9/27,79.29,5733300.00,79.49,79.57,78.67
2017/9/28,78.95,11846900.00,78.84,79.08,78.12
2017/9/29,78.14,10000800.00,78.85,79.00,77.98
2017/10/02,78.45,6800600.00,77.86,78.83,77.50
2017/10/03,79.22,7760000.00,78.81,79.66,78.75
2017/10/04,79.09,6010300.00,79.27,79.78,79.07
2017/10/05,79.41,4685700.00,79.17,79.81,79.08
2017/10/06,79.00,5570000.00,78.78,79.17,78.25
2017/10/09,80.53,13006300.00,79.52,81.38,79.40
2017/10/10,84.13,24556600.00,82.73,84.88,82.61
2017/10/11,85.73,17356900.00,84.58,86.29,84.10
2017/10/12,86.10,12169300.00,85.70,86.37,85.06
2017/10/13,86.62,9109700.00,86.24,86.95,86.24
2017/10/16,85.74,8990300.00,86.58,86.62,85.02
2017/10/17,85.98,5643000.00,85.38,86.36,85.32
2017/10/18,86.22,5164500.00,86.15,86.37,86.01
2017/10/19,86.40,6361300.00,86.15,86.66,85.77
2017/10/20,87.44,8136700.00,86.60,87.45,86.28
2017/10/23,88.65,9813900.00,87.34,88.92,87.26
2017/10/24,87.98,6823700.00,88.69,88.80,87.91
2017/10/25,88.48,5985100.00,87.85,88.60,87.43
2017/10/26,88.62,6134900.00,88.66,89.11,88.02
2017/10/27,88.17,6423600.00,88.21,88.39,87.15
2017/10/30,86.95,6593300.00,87.94,87.95,86.39
2017/10/31,87.31,5201800.00,86.86,87.46,86.60
2017/11/01,87.94,5949200.00,87.07,88.39,87.00
2017/11/02,88.80,5076600.00,88.28,89.17,87.80
2017/11/03,89.68,6314400.00,89.02,89.88,88.76
2017/11/06,88.70,5037500.00,89.38,89.68,88.68
2017/11/07,88.95,5167800.00,88.87,89.06,88.31
2017/11/08,90.26,6591800.00,89.11,90.42,89.10
2017/11/09,90.30,6649600.00,89.94,90.57,89.35
2017/11/10,90.92,6943000.00,90.24,91.69,90.20
2017/11/13,90.99,8030300.00,91.04,91.98,90.87
2017/11/14,91.09,9328200.00,90.70,91.20,90.18
2017/11/15,89.83,8032700.00,90.34,91.20,89.65
2017/11/16,99.62,37547300.00,95.16,99.68,94.72
2017/11/17,97.47,22715400.00,99.29,100.13,96.58
2017/11/20,97.48,15631300.00,96.37,97.64,95.76
2017/11/21,96.52,11857500.00,97.71,97.92,96.32
2017/11/22,96.41,8593000.00,96.65,96.81,96.11
